track_id,genre,amazement,solemnity,tenderness,nostalgia,calmness,power,joyful_activation,tension,sadness,mood,liked,disliked,age,gender,mother tongue,file_name,file_path
1,classical,0,1,0,0,0,0,1,1,0,3,1,0,21,1,English,1.wav,data/Emotify\classical\1.wav
1,classical,0,0,0,1,0,0,0,0,0,3,0,1,41,1,Dutch,1.wav,data/Emotify\classical\1.wav
1,classical,0,0,0,1,0,0,0,0,1,3,0,0,24,1,English,1.wav,data/Emotify\classical\1.wav
1,classical,0,0,0,0,1,0,0,0,0,3,0,0,32,0,Spanish,1.wav,data/Emotify\classical\1.wav
1,classical,0,0,0,1,1,0,0,0,0,4,0,1,21,0,English,1.wav,data/Emotify\classical\1.wav
1,classical,0,1,0,1,0,0,0,0,1,3,0,0,45,1,English,1.wav,data/Emotify\classical\1.wav
1,classical,0,0,0,0,1,0,0,0,0,4,0,1,30,0,German,1.wav,data/Emotify\classical\1.wav
1,classical,0,1,1,0,1,0,0,0,0,4,1,0,70,1,English,1.wav,data/Emotify\classical\1.wav
1,classical,0,0,0,0,1,0,1,0,0,2,1,0,60,0,English,1.wav,data/Emotify\classical\1.wav
1,classical,0,0,0,0,1,0,0,0,0,5,1,0,54,0,German,1.wav,data/Emotify\classical\1.wav
1,classical,0,0,0,1,1,0,1,0,0,4,1,0,16,1,English,1.wav,data/Emotify\classical\1.wav
1,classical,0,0,1,1,0,0,0,0,0,4,0,0,30,1,Dutch,1.wav,data/Emotify\classical\1.wav
1,classical,0,0,1,1,0,0,0,0,1,1,0,0,33,0,Russian,1.wav,data/Emotify\classical\1.wav
1,classical,0,0,0,1,1,0,0,0,1,4,0,0,16,1,Swedish,1.wav,data/Emotify\classical\1.wav
1,classical,1,0,0,0,1,0,0,0,1,3,0,0,33,0,Dutch,1.wav,data/Emotify\classical\1.wav
1,classical,0,1,0,0,0,0,0,0,0,4,0,1,41,0,English,1.wav,data/Emotify\classical\1.wav
1,classical,1,1,0,0,0,0,1,0,0,5,1,0,40,0,German,1.wav,data/Emotify\classical\1.wav
1,classical,0,0,1,0,0,0,0,0,1,5,1,0,61,0,English,1.wav,data/Emotify\classical\1.wav
1,classical,0,1,0,0,0,1,0,0,1,3,0,0,26,0,French,1.wav,data/Emotify\classical\1.wav
1,classical,1,0,0,0,1,0,0,0,0,3,0,0,22,0,Malay,1.wav,data/Emotify\classical\1.wav
1,classical,0,0,0,1,0,0,0,0,0,4,0,0,51,0,Dutch,1.wav,data/Emotify\classical\1.wav
1,classical,0,0,0,0,1,0,0,0,0,4,1,0,20,0,English,1.wav,data/Emotify\classical\1.wav
1,classical,0,0,0,0,1,0,0,0,0,4,1,0,41,1,Russian,1.wav,data/Emotify\classical\1.wav
1,classical,0,1,1,0,1,0,0,0,0,4,1,0,63,0,Dutch,1.wav,data/Emotify\classical\1.wav
1,classical,0,0,0,1,1,0,0,0,0,3,0,0,37,0,German,1.wav,data/Emotify\classical\1.wav
1,classical,0,0,1,1,0,0,0,0,1,1,1,0,33,0,Russian,1.wav,data/Emotify\classical\1.wav
1,classical,0,1,0,0,1,0,0,0,1,4,0,1,51,0,English,1.wav,data/Emotify\classical\1.wav
1,classical,1,1,0,0,1,0,0,0,0,3,0,0,21,1,English,1.wav,data/Emotify\classical\1.wav
1,classical,0,0,0,0,0,0,0,0,1,3,0,0,30,0,English,1.wav,data/Emotify\classical\1.wav
1,classical,0,1,0,1,0,0,0,0,1,3,0,0,60,1,English,1.wav,data/Emotify\classical\1.wav
1,classical,1,0,1,0,1,0,0,0,0,4,1,0,21,0,English,1.wav,data/Emotify\classical\1.wav
1,classical,0,0,0,0,1,0,0,0,0,4,0,0,46,1,French,1.wav,data/Emotify\classical\1.wav
1,classical,0,0,0,0,0,0,0,0,1,4,0,1,25,1,English,1.wav,data/Emotify\classical\1.wav
1,classical,0,0,0,0,1,0,0,0,0,3,0,0,42,1,Tamil,1.wav,data/Emotify\classical\1.wav
1,classical,0,1,0,0,1,0,0,0,1,4,1,0,28,0,English,1.wav,data/Emotify\classical\1.wav
1,classical,0,1,1,0,1,0,0,0,0,2,1,0,37,0,German,1.wav,data/Emotify\classical\1.wav
1,classical,0,0,0,1,0,0,0,0,0,4,1,0,57,1,English,1.wav,data/Emotify\classical\1.wav
1,classical,0,0,0,1,1,0,0,1,0,4,0,0,22,1,English,1.wav,data/Emotify\classical\1.wav
1,classical,0,0,1,0,0,0,0,1,1,3,0,1,24,0,English,1.wav,data/Emotify\classical\1.wav
1,classical,1,0,1,0,1,0,0,0,0,4,1,0,30,0,Dutch,1.wav,data/Emotify\classical\1.wav
1,classical,0,0,0,0,1,0,0,0,0,5,0,0,49,0,Swedish,1.wav,data/Emotify\classical\1.wav
1,classical,0,1,0,0,1,0,0,0,0,3,0,0,41,1,English,1.wav,data/Emotify\classical\1.wav
1,classical,0,0,0,0,1,0,0,0,1,3,0,0,51,0,Dutch,1.wav,data/Emotify\classical\1.wav
1,classical,0,1,0,0,1,0,0,0,0,3,0,0,27,0,Catalan,1.wav,data/Emotify\classical\1.wav
1,classical,1,1,0,0,1,0,0,0,0,2,1,0,23,0,English,1.wav,data/Emotify\classical\1.wav
1,classical,0,1,0,0,1,0,0,0,0,4,1,0,24,1,Russian,1.wav,data/Emotify\classical\1.wav
1,classical,0,0,0,0,1,0,0,0,0,4,1,0,22,0,Russian,1.wav,data/Emotify\classical\1.wav
1,classical,0,0,0,0,0,0,0,0,0,2,0,1,28,1,Estonian,1.wav,data/Emotify\classical\1.wav
2,classical,0,0,0,0,1,0,0,0,0,3,1,0,41,1,Dutch,2.wav,data/Emotify\classical\2.wav
2,classical,0,1,0,1,1,0,0,0,0,3,1,0,18,0,Dutch,2.wav,data/Emotify\classical\2.wav
2,classical,0,0,0,0,1,1,0,0,0,5,1,0,22,0,English,2.wav,data/Emotify\classical\2.wav
2,classical,0,1,1,0,1,0,0,0,0,4,1,0,22,1,French,2.wav,data/Emotify\classical\2.wav
2,classical,0,0,0,0,1,0,0,0,0,5,1,0,36,1,Japanese,2.wav,data/Emotify\classical\2.wav
2,classical,0,1,1,0,1,0,0,0,0,5,1,0,54,0,German,2.wav,data/Emotify\classical\2.wav
2,classical,0,0,1,0,1,0,0,0,0,5,0,0,46,1,Dutch,2.wav,data/Emotify\classical\2.wav
2,classical,0,0,0,0,1,0,0,0,0,3,0,0,45,1,English,2.wav,data/Emotify\classical\2.wav
2,classical,1,1,0,0,0,0,0,0,0,3,1,0,22,0,Dutch,2.wav,data/Emotify\classical\2.wav
2,classical,0,0,0,0,1,0,0,0,0,4,0,1,30,0,German,2.wav,data/Emotify\classical\2.wav
2,classical,0,0,1,0,1,0,0,0,0,4,1,0,70,1,English,2.wav,data/Emotify\classical\2.wav
2,classical,0,0,1,0,1,0,0,0,0,2,1,0,46,1,Greek,2.wav,data/Emotify\classical\2.wav
2,classical,0,1,0,1,0,0,1,0,0,4,1,0,16,1,English,2.wav,data/Emotify\classical\2.wav
2,classical,0,0,1,1,1,0,0,0,0,3,0,0,32,0,English,2.wav,data/Emotify\classical\2.wav
2,classical,0,0,0,1,1,0,0,0,0,4,0,0,30,1,Dutch,2.wav,data/Emotify\classical\2.wav
2,classical,0,0,1,0,1,0,0,0,0,3,1,0,33,0,French,2.wav,data/Emotify\classical\2.wav
2,classical,0,1,0,0,1,0,0,0,0,3,0,0,27,0,Catalan,2.wav,data/Emotify\classical\2.wav
2,classical,0,0,0,1,0,0,0,0,0,4,1,0,51,0,Dutch,2.wav,data/Emotify\classical\2.wav
2,classical,0,0,1,1,1,0,0,0,0,4,1,0,63,0,Dutch,2.wav,data/Emotify\classical\2.wav
2,classical,0,0,0,1,1,0,0,0,1,3,0,0,37,0,German,2.wav,data/Emotify\classical\2.wav
2,classical,0,0,1,1,1,0,0,0,0,3,0,1,27,0,German,2.wav,data/Emotify\classical\2.wav
2,classical,0,0,0,1,1,0,0,0,1,1,0,0,33,0,Russian,2.wav,data/Emotify\classical\2.wav
2,classical,0,0,0,0,1,0,0,0,1,3,1,0,30,1,English,2.wav,data/Emotify\classical\2.wav
2,classical,0,1,1,0,1,0,0,0,0,2,1,0,37,0,German,2.wav,data/Emotify\classical\2.wav
2,classical,1,0,1,0,1,0,0,0,0,4,1,0,21,0,English,2.wav,data/Emotify\classical\2.wav
2,classical,0,0,0,0,1,0,0,0,0,4,0,0,46,1,French,2.wav,data/Emotify\classical\2.wav
2,classical,0,0,0,1,0,0,0,0,1,4,1,0,25,1,English,2.wav,data/Emotify\classical\2.wav
2,classical,0,0,0,0,1,0,0,0,0,3,0,0,42,1,Tamil,2.wav,data/Emotify\classical\2.wav
2,classical,1,0,0,0,0,0,0,1,0,3,0,0,58,1,Dutch,2.wav,data/Emotify\classical\2.wav
2,classical,0,0,0,1,0,0,0,0,0,4,1,0,57,1,English,2.wav,data/Emotify\classical\2.wav
2,classical,0,0,1,0,0,1,0,0,0,4,0,0,22,1,English,2.wav,data/Emotify\classical\2.wav
2,classical,0,0,0,0,1,0,0,0,0,4,0,1,20,0,Dutch,2.wav,data/Emotify\classical\2.wav
2,classical,0,0,0,0,1,0,0,0,0,3,1,0,36,1,Spanish,2.wav,data/Emotify\classical\2.wav
2,classical,0,0,1,0,0,0,0,0,0,4,1,0,25,0,Russian,2.wav,data/Emotify\classical\2.wav
2,classical,0,0,1,0,0,0,0,0,0,5,0,0,34,1,Portuguese,2.wav,data/Emotify\classical\2.wav
2,classical,0,0,0,0,1,0,0,0,0,5,0,0,25,1,Russian,2.wav,data/Emotify\classical\2.wav
2,classical,0,0,0,0,1,0,0,0,0,3,0,1,51,0,Dutch,2.wav,data/Emotify\classical\2.wav
2,classical,0,0,1,0,0,0,0,0,0,5,0,0,34,1,Portuguese,2.wav,data/Emotify\classical\2.wav
2,classical,0,1,0,1,1,0,0,0,0,4,1,0,30,0,Dutch,2.wav,data/Emotify\classical\2.wav
2,classical,1,0,1,1,0,0,0,0,0,4,1,0,38,1,Russian,2.wav,data/Emotify\classical\2.wav
2,classical,0,0,1,0,1,0,0,0,0,3,1,0,22,0,Dutch,2.wav,data/Emotify\classical\2.wav
2,classical,0,0,1,0,0,0,0,0,0,5,0,0,34,1,Portuguese,2.wav,data/Emotify\classical\2.wav
2,classical,0,0,0,0,1,0,0,0,0,3,1,0,51,0,English,2.wav,data/Emotify\classical\2.wav
2,classical,0,0,1,1,1,0,0,0,0,3,0,0,50,0,English,2.wav,data/Emotify\classical\2.wav
2,classical,1,0,0,1,1,0,0,0,0,2,1,0,23,0,English,2.wav,data/Emotify\classical\2.wav
2,classical,0,0,1,0,1,0,0,0,0,4,1,0,33,0,Czech,2.wav,data/Emotify\classical\2.wav
2,classical,0,0,0,1,1,0,0,0,1,3,0,0,32,0,Spanish,2.wav,data/Emotify\classical\2.wav
3,classical,0,0,0,0,0,0,1,0,0,5,1,0,51,0,Spanish,3.wav,data/Emotify\classical\3.wav
3,classical,0,0,0,0,0,0,1,0,0,5,1,0,36,1,Japanese,3.wav,data/Emotify\classical\3.wav
3,classical,1,0,0,0,1,0,0,0,0,4,1,0,46,1,Dutch,3.wav,data/Emotify\classical\3.wav
3,classical,0,0,0,0,0,0,0,1,1,3,0,0,45,1,English,3.wav,data/Emotify\classical\3.wav
3,classical,0,1,0,0,0,0,0,0,0,4,0,1,30,0,German,3.wav,data/Emotify\classical\3.wav
3,classical,0,0,0,0,0,1,1,0,0,4,1,0,70,1,English,3.wav,data/Emotify\classical\3.wav
3,classical,0,1,0,0,0,1,0,0,0,4,1,0,54,1,English,3.wav,data/Emotify\classical\3.wav
3,classical,0,0,0,0,0,1,1,1,0,4,0,1,16,1,English,3.wav,data/Emotify\classical\3.wav
3,classical,0,0,0,1,0,0,1,0,0,4,0,0,30,1,Dutch,3.wav,data/Emotify\classical\3.wav
3,classical,0,0,0,0,0,0,0,1,1,3,0,1,33,0,French,3.wav,data/Emotify\classical\3.wav
3,classical,0,1,0,0,0,0,0,1,0,4,0,1,17,1,English,3.wav,data/Emotify\classical\3.wav
3,classical,0,0,0,0,0,1,0,0,0,3,1,0,35,0,Arabic,3.wav,data/Emotify\classical\3.wav
3,classical,0,1,0,0,0,0,0,0,0,4,0,0,51,0,Dutch,3.wav,data/Emotify\classical\3.wav
3,classical,0,1,0,1,0,0,1,0,0,4,1,0,63,0,Dutch,3.wav,data/Emotify\classical\3.wav
3,classical,0,0,0,0,0,0,0,1,0,3,0,0,29,0,English,3.wav,data/Emotify\classical\3.wav
3,classical,1,0,0,0,0,1,1,0,0,4,0,0,20,1,Dutch,3.wav,data/Emotify\classical\3.wav
3,classical,0,1,0,1,1,0,0,0,0,3,0,0,37,0,German,3.wav,data/Emotify\classical\3.wav
3,classical,0,1,0,1,0,0,0,0,0,4,0,0,25,0,French,3.wav,data/Emotify\classical\3.wav
3,classical,0,1,0,0,0,0,0,0,0,3,0,1,30,1,German,3.wav,data/Emotify\classical\3.wav
3,classical,0,1,0,0,0,0,0,1,1,1,1,0,33,0,Russian,3.wav,data/Emotify\classical\3.wav
3,classical,0,0,1,0,0,0,1,0,0,3,0,0,30,1,English,3.wav,data/Emotify\classical\3.wav
3,classical,0,0,0,0,0,1,0,0,0,3,0,0,36,1,Spanish,3.wav,data/Emotify\classical\3.wav
3,classical,0,0,0,1,0,1,0,0,1,4,1,0,19,1,Russian,3.wav,data/Emotify\classical\3.wav
3,classical,0,1,1,0,0,0,0,0,0,5,0,1,25,0,English,3.wav,data/Emotify\classical\3.wav
3,classical,1,0,0,0,0,1,1,0,0,4,1,0,21,0,English,3.wav,data/Emotify\classical\3.wav
3,classical,0,1,0,0,0,0,0,0,0,4,0,0,34,1,English,3.wav,data/Emotify\classical\3.wav
3,classical,0,0,0,0,0,0,1,0,0,4,0,0,46,1,French,3.wav,data/Emotify\classical\3.wav
3,classical,1,1,0,0,1,0,0,0,0,5,0,0,30,0,Urdu,3.wav,data/Emotify\classical\3.wav
3,classical,0,0,0,1,0,0,0,0,1,4,0,0,25,1,English,3.wav,data/Emotify\classical\3.wav
3,classical,0,0,0,0,0,0,1,0,0,3,0,0,58,1,Dutch,3.wav,data/Emotify\classical\3.wav
3,classical,0,0,0,0,0,0,0,1,0,4,0,0,57,1,English,3.wav,data/Emotify\classical\3.wav
3,classical,0,0,0,0,0,1,1,0,0,4,0,1,20,0,Dutch,3.wav,data/Emotify\classical\3.wav
3,classical,1,0,1,0,0,0,1,0,0,4,0,0,30,0,Dutch,3.wav,data/Emotify\classical\3.wav
3,classical,0,1,0,0,0,0,0,1,0,3,1,0,48,0,German,3.wav,data/Emotify\classical\3.wav
3,classical,0,0,0,0,0,1,0,1,0,4,1,0,38,1,Russian,3.wav,data/Emotify\classical\3.wav
3,classical,0,0,0,0,0,0,1,0,0,3,1,0,51,0,English,3.wav,data/Emotify\classical\3.wav
3,classical,0,0,1,0,0,0,1,0,0,4,1,0,26,0,Russian,3.wav,data/Emotify\classical\3.wav
3,classical,0,1,0,0,0,1,1,0,0,3,1,0,27,0,Spanish,3.wav,data/Emotify\classical\3.wav
3,classical,0,1,0,0,0,0,0,0,1,5,0,0,25,1,Russian,3.wav,data/Emotify\classical\3.wav
3,classical,0,0,0,0,0,1,0,0,0,4,1,0,33,0,Czech,3.wav,data/Emotify\classical\3.wav
3,classical,1,0,1,0,0,0,1,0,0,4,1,0,22,1,French,3.wav,data/Emotify\classical\3.wav
3,classical,1,0,0,1,0,0,1,0,0,5,1,0,44,1,French,3.wav,data/Emotify\classical\3.wav
3,classical,0,0,0,0,0,1,0,1,1,2,1,0,28,1,Estonian,3.wav,data/Emotify\classical\3.wav
3,classical,0,1,0,1,0,0,0,0,0,4,1,0,33,0,German,3.wav,data/Emotify\classical\3.wav
3,classical,1,0,1,0,0,0,1,0,0,3,0,0,18,0,Dutch,3.wav,data/Emotify\classical\3.wav
3,classical,0,0,0,0,0,0,0,1,0,4,0,0,59,1,Russian,3.wav,data/Emotify\classical\3.wav
4,classical,0,0,0,1,1,0,0,0,0,5,0,0,36,1,Japanese,4.wav,data/Emotify\classical\4.wav
4,classical,0,0,0,1,1,0,0,0,0,4,1,0,46,1,Dutch,4.wav,data/Emotify\classical\4.wav
4,classical,1,0,1,0,1,0,0,0,0,3,0,0,45,1,English,4.wav,data/Emotify\classical\4.wav
4,classical,0,1,0,0,1,0,0,0,0,5,0,0,25,1,Dutch,4.wav,data/Emotify\classical\4.wav
4,classical,0,0,1,1,1,0,0,0,0,4,1,0,47,1,Dutch,4.wav,data/Emotify\classical\4.wav
4,classical,0,1,0,1,0,0,0,0,0,4,0,0,30,1,Dutch,4.wav,data/Emotify\classical\4.wav
4,classical,0,0,0,0,1,0,0,0,0,3,1,0,33,0,French,4.wav,data/Emotify\classical\4.wav
4,classical,0,0,0,0,0,0,0,1,0,3,0,1,28,1,English,4.wav,data/Emotify\classical\4.wav
4,classical,0,0,0,1,0,0,0,0,0,3,1,0,35,0,Arabic,4.wav,data/Emotify\classical\4.wav
4,classical,0,0,0,0,1,0,0,0,0,4,1,0,51,0,Dutch,4.wav,data/Emotify\classical\4.wav
4,classical,0,0,0,0,1,0,0,0,1,3,0,0,36,1,Spanish,4.wav,data/Emotify\classical\4.wav
4,classical,0,0,1,0,1,0,0,0,0,3,0,0,29,0,English,4.wav,data/Emotify\classical\4.wav
4,classical,0,0,1,1,1,0,0,0,0,4,1,0,21,0,English,4.wav,data/Emotify\classical\4.wav
4,classical,0,0,0,0,1,0,0,0,1,3,0,0,36,1,Spanish,4.wav,data/Emotify\classical\4.wav
4,classical,0,0,1,0,1,0,0,0,0,4,1,0,20,1,Dutch,4.wav,data/Emotify\classical\4.wav
4,classical,0,0,1,1,0,0,0,0,1,1,1,0,33,0,Russian,4.wav,data/Emotify\classical\4.wav
4,classical,0,0,0,0,1,0,0,0,0,3,0,0,30,1,English,4.wav,data/Emotify\classical\4.wav
4,classical,0,0,0,0,1,1,0,0,1,4,1,0,19,1,Russian,4.wav,data/Emotify\classical\4.wav
4,classical,1,0,1,0,1,0,0,0,0,3,0,0,27,0,Spanish,4.wav,data/Emotify\classical\4.wav
4,classical,0,0,1,1,1,0,0,0,0,2,0,0,29,1,Russian,4.wav,data/Emotify\classical\4.wav
4,classical,0,0,1,1,1,0,0,0,0,5,1,0,45,0,Korean,4.wav,data/Emotify\classical\4.wav
4,classical,0,0,1,0,1,0,0,0,0,5,0,1,25,0,English,4.wav,data/Emotify\classical\4.wav
4,classical,0,0,1,1,1,0,0,0,0,4,0,1,30,0,German,4.wav,data/Emotify\classical\4.wav
4,classical,0,1,1,0,1,0,0,0,0,5,1,0,30,0,Urdu,4.wav,data/Emotify\classical\4.wav
4,classical,0,0,0,1,0,0,0,0,0,4,0,0,46,1,French,4.wav,data/Emotify\classical\4.wav
4,classical,0,0,1,1,1,0,0,0,0,4,0,0,26,0,Russian,4.wav,data/Emotify\classical\4.wav
4,classical,0,1,0,1,1,0,0,0,0,4,1,0,42,1,Dutch,4.wav,data/Emotify\classical\4.wav
4,classical,0,0,1,1,1,0,0,0,0,4,0,0,22,1,French,4.wav,data/Emotify\classical\4.wav
4,classical,0,0,1,0,0,0,0,0,0,4,1,0,57,1,English,4.wav,data/Emotify\classical\4.wav
4,classical,0,0,0,1,0,0,0,0,1,4,0,1,24,1,Dutch,4.wav,data/Emotify\classical\4.wav
4,classical,0,1,1,0,1,0,0,0,0,4,0,0,30,0,Dutch,4.wav,data/Emotify\classical\4.wav
4,classical,0,0,1,1,1,0,0,0,0,5,0,0,28,1,English,4.wav,data/Emotify\classical\4.wav
4,classical,0,0,0,0,1,0,0,0,0,3,1,0,48,0,German,4.wav,data/Emotify\classical\4.wav
4,classical,1,0,1,0,1,0,0,0,0,4,0,0,38,1,Russian,4.wav,data/Emotify\classical\4.wav
4,classical,0,0,0,0,1,0,0,0,0,3,0,0,51,0,English,4.wav,data/Emotify\classical\4.wav
4,classical,0,0,1,0,1,0,0,0,0,4,0,0,33,0,German,4.wav,data/Emotify\classical\4.wav
4,classical,1,0,1,0,0,0,0,0,0,4,1,0,33,0,Czech,4.wav,data/Emotify\classical\4.wav
4,classical,0,0,0,1,1,0,0,0,1,5,1,0,44,1,French,4.wav,data/Emotify\classical\4.wav
4,classical,0,0,1,1,1,0,0,0,0,2,0,0,28,1,Estonian,4.wav,data/Emotify\classical\4.wav
4,classical,0,0,0,1,0,0,0,0,0,4,1,0,59,1,Russian,4.wav,data/Emotify\classical\4.wav
4,classical,1,0,1,0,1,0,0,0,0,4,0,0,69,1,German,4.wav,data/Emotify\classical\4.wav
4,classical,0,1,0,0,0,0,0,0,0,5,1,0,51,0,Spanish,4.wav,data/Emotify\classical\4.wav
5,classical,0,1,0,0,0,0,0,0,0,3,0,0,35,0,Arabic,5.wav,data/Emotify\classical\5.wav
5,classical,0,0,0,1,1,0,1,0,0,5,0,0,27,1,Chinese,5.wav,data/Emotify\classical\5.wav
5,classical,0,1,1,1,0,0,0,0,0,4,1,0,47,1,Dutch,5.wav,data/Emotify\classical\5.wav
5,classical,0,1,1,0,0,0,1,0,0,4,1,0,37,0,German,5.wav,data/Emotify\classical\5.wav
5,classical,0,0,1,0,1,0,0,0,0,3,1,0,28,1,English,5.wav,data/Emotify\classical\5.wav
5,classical,0,0,0,0,0,0,0,1,1,4,1,0,25,1,Russian,5.wav,data/Emotify\classical\5.wav
5,classical,0,1,0,0,0,0,0,0,0,3,1,0,33,0,French,5.wav,data/Emotify\classical\5.wav
5,classical,0,0,1,1,0,0,0,0,0,4,0,0,26,1,Dutch,5.wav,data/Emotify\classical\5.wav
5,classical,0,0,0,0,0,0,0,0,1,4,0,0,51,0,Dutch,5.wav,data/Emotify\classical\5.wav
5,classical,0,0,1,0,1,0,0,0,0,4,0,1,26,0,Russian,5.wav,data/Emotify\classical\5.wav
5,classical,0,1,0,0,0,0,0,1,1,4,1,0,21,0,English,5.wav,data/Emotify\classical\5.wav
5,classical,0,0,1,1,0,0,0,0,1,1,0,0,33,0,Russian,5.wav,data/Emotify\classical\5.wav
5,classical,0,0,0,0,1,0,0,0,0,4,0,1,22,1,German,5.wav,data/Emotify\classical\5.wav
5,classical,0,0,0,1,1,0,0,0,1,2,0,0,29,1,Russian,5.wav,data/Emotify\classical\5.wav
5,classical,0,1,0,1,0,0,0,0,1,5,1,0,45,0,Korean,5.wav,data/Emotify\classical\5.wav
5,classical,0,0,0,1,0,0,0,0,1,5,0,1,25,0,English,5.wav,data/Emotify\classical\5.wav
5,classical,0,0,0,1,0,0,0,0,0,4,1,0,30,0,German,5.wav,data/Emotify\classical\5.wav
5,classical,0,0,1,0,0,0,1,0,0,4,0,0,42,1,Dutch,5.wav,data/Emotify\classical\5.wav
5,classical,0,0,0,0,0,0,0,1,0,4,0,0,46,1,French,5.wav,data/Emotify\classical\5.wav
5,classical,0,0,0,0,1,0,0,0,0,4,1,0,28,0,Russian,5.wav,data/Emotify\classical\5.wav
5,classical,0,0,0,1,1,0,0,0,0,4,1,0,26,0,Dutch,5.wav,data/Emotify\classical\5.wav
5,classical,0,0,1,1,1,0,0,0,0,3,1,0,61,1,English,5.wav,data/Emotify\classical\5.wav
5,classical,0,0,0,1,1,0,0,1,0,4,1,0,37,1,German,5.wav,data/Emotify\classical\5.wav
5,classical,0,0,1,1,0,0,0,1,0,4,1,0,40,1,Dutch,5.wav,data/Emotify\classical\5.wav
5,classical,1,0,0,0,0,0,0,0,0,4,1,0,57,1,English,5.wav,data/Emotify\classical\5.wav
5,classical,0,0,0,1,1,0,0,1,0,4,0,0,30,0,Dutch,5.wav,data/Emotify\classical\5.wav
5,classical,0,1,1,0,1,0,0,0,0,4,1,0,40,0,English,5.wav,data/Emotify\classical\5.wav
5,classical,0,1,0,1,0,0,0,0,0,4,1,0,24,1,Dutch,5.wav,data/Emotify\classical\5.wav
5,classical,0,0,1,0,0,0,0,0,1,3,1,0,26,1,Russian,5.wav,data/Emotify\classical\5.wav
5,classical,0,1,0,0,0,0,0,0,1,2,1,0,25,1,Russian,5.wav,data/Emotify\classical\5.wav
5,classical,0,1,0,1,0,0,0,0,0,3,1,0,48,0,German,5.wav,data/Emotify\classical\5.wav
5,classical,0,0,0,1,1,0,0,1,0,4,0,0,38,1,Russian,5.wav,data/Emotify\classical\5.wav
5,classical,0,0,0,0,0,0,0,0,1,3,0,0,51,0,English,5.wav,data/Emotify\classical\5.wav
5,classical,0,0,1,1,1,0,0,0,0,5,1,0,28,1,English,5.wav,data/Emotify\classical\5.wav
5,classical,0,0,0,0,1,0,0,0,0,5,0,0,46,0,English,5.wav,data/Emotify\classical\5.wav
5,classical,1,0,0,0,0,0,0,0,0,4,1,0,33,0,Czech,5.wav,data/Emotify\classical\5.wav
5,classical,0,1,0,0,0,1,0,1,0,5,1,0,44,1,French,5.wav,data/Emotify\classical\5.wav
5,classical,0,1,1,1,0,0,0,0,0,3,1,0,37,0,Dutch,5.wav,data/Emotify\classical\5.wav
5,classical,0,1,0,1,0,0,0,0,1,5,0,0,45,1,English,5.wav,data/Emotify\classical\5.wav
5,classical,0,0,0,1,0,0,0,0,1,2,1,0,28,1,Estonian,5.wav,data/Emotify\classical\5.wav
5,classical,0,0,1,0,0,1,0,0,0,5,1,0,25,1,Dutch,5.wav,data/Emotify\classical\5.wav
5,classical,0,0,0,1,0,0,0,0,0,5,1,0,51,0,Spanish,5.wav,data/Emotify\classical\5.wav
5,classical,0,0,0,1,0,0,0,0,1,5,0,0,36,1,Japanese,5.wav,data/Emotify\classical\5.wav
5,classical,0,0,0,1,0,0,0,0,1,4,1,0,46,1,Dutch,5.wav,data/Emotify\classical\5.wav
6,classical,1,0,0,0,0,0,0,0,0,3,0,0,35,0,Arabic,6.wav,data/Emotify\classical\6.wav
6,classical,1,1,0,0,1,0,0,0,0,2,1,0,23,0,English,6.wav,data/Emotify\classical\6.wav
6,classical,0,0,0,0,1,0,1,0,0,3,0,1,28,1,English,6.wav,data/Emotify\classical\6.wav
6,classical,0,0,1,0,0,1,1,0,0,5,0,0,27,1,Chinese,6.wav,data/Emotify\classical\6.wav
6,classical,0,0,1,1,1,0,0,0,0,4,1,0,47,1,Dutch,6.wav,data/Emotify\classical\6.wav
6,classical,0,0,0,0,1,0,0,0,0,4,0,0,37,0,German,6.wav,data/Emotify\classical\6.wav
6,classical,0,0,1,1,1,0,0,0,0,4,0,0,65,0,French,6.wav,data/Emotify\classical\6.wav
6,classical,0,0,0,1,1,0,1,0,0,2,1,0,28,1,English,6.wav,data/Emotify\classical\6.wav
6,classical,0,0,0,1,0,0,0,0,0,4,1,0,25,1,Russian,6.wav,data/Emotify\classical\6.wav
6,classical,0,0,0,1,0,0,0,0,0,3,0,1,33,0,French,6.wav,data/Emotify\classical\6.wav
6,classical,0,1,0,0,1,0,0,0,0,4,1,0,51,0,Dutch,6.wav,data/Emotify\classical\6.wav
6,classical,0,1,1,1,0,0,0,0,0,3,1,0,26,1,French,6.wav,data/Emotify\classical\6.wav
6,classical,0,0,0,1,0,0,0,0,0,4,1,0,22,1,German,6.wav,data/Emotify\classical\6.wav
6,classical,0,0,1,0,1,0,0,0,0,1,0,0,33,0,Russian,6.wav,data/Emotify\classical\6.wav
6,classical,0,1,1,1,0,0,0,0,0,4,1,0,20,1,Dutch,6.wav,data/Emotify\classical\6.wav
6,classical,0,0,0,0,1,0,0,0,1,5,0,1,25,0,English,6.wav,data/Emotify\classical\6.wav
6,classical,0,1,0,0,1,0,1,0,0,3,1,0,24,1,Dutch,6.wav,data/Emotify\classical\6.wav
6,classical,0,0,0,1,0,1,0,0,0,3,1,0,30,1,English,6.wav,data/Emotify\classical\6.wav
6,classical,0,0,0,1,1,0,0,0,0,2,0,0,29,1,Russian,6.wav,data/Emotify\classical\6.wav
6,classical,1,0,0,0,1,0,1,0,0,5,1,0,45,0,Korean,6.wav,data/Emotify\classical\6.wav
6,classical,0,0,0,0,1,0,0,0,0,5,0,0,28,0,Russian,6.wav,data/Emotify\classical\6.wav
6,classical,0,0,0,0,1,0,0,0,0,4,0,1,30,0,German,6.wav,data/Emotify\classical\6.wav
6,classical,1,0,1,0,0,0,1,0,0,3,0,0,37,0,Dutch,6.wav,data/Emotify\classical\6.wav
6,classical,0,0,0,0,0,0,0,1,0,4,0,0,26,0,Dutch,6.wav,data/Emotify\classical\6.wav
6,classical,0,0,1,0,1,0,1,0,0,4,1,0,40,1,Dutch,6.wav,data/Emotify\classical\6.wav
6,classical,0,0,0,1,1,0,0,0,1,4,0,1,30,0,Dutch,6.wav,data/Emotify\classical\6.wav
6,classical,0,1,0,0,0,0,0,0,0,2,1,0,23,0,Russian,6.wav,data/Emotify\classical\6.wav
6,classical,0,0,1,0,1,0,0,0,0,4,1,0,40,0,English,6.wav,data/Emotify\classical\6.wav
6,classical,0,0,0,0,1,0,0,0,1,4,0,1,24,1,Dutch,6.wav,data/Emotify\classical\6.wav
6,classical,0,0,0,0,0,0,1,1,1,3,0,1,26,1,Russian,6.wav,data/Emotify\classical\6.wav
6,classical,0,0,0,0,1,0,0,1,0,5,0,0,28,0,Russian,6.wav,data/Emotify\classical\6.wav
6,classical,0,1,0,1,0,0,0,0,0,3,1,0,48,0,German,6.wav,data/Emotify\classical\6.wav
6,classical,0,0,0,1,0,0,1,0,1,4,1,0,38,1,Russian,6.wav,data/Emotify\classical\6.wav
6,classical,0,0,0,1,0,0,0,0,0,3,0,0,51,0,English,6.wav,data/Emotify\classical\6.wav
6,classical,0,1,0,0,0,0,0,0,0,5,0,0,46,0,English,6.wav,data/Emotify\classical\6.wav
6,classical,0,0,0,0,1,0,0,0,0,4,0,0,33,0,Czech,6.wav,data/Emotify\classical\6.wav
6,classical,1,0,1,0,0,0,1,0,0,5,0,1,44,1,French,6.wav,data/Emotify\classical\6.wav
6,classical,0,0,0,0,1,0,0,0,0,5,0,0,45,1,English,6.wav,data/Emotify\classical\6.wav
6,classical,0,0,0,0,1,0,0,0,1,2,1,0,28,1,Estonian,6.wav,data/Emotify\classical\6.wav
6,classical,0,0,0,0,0,0,1,1,0,5,0,0,25,1,Dutch,6.wav,data/Emotify\classical\6.wav
6,classical,0,1,0,0,0,0,0,1,0,4,1,0,69,1,German,6.wav,data/Emotify\classical\6.wav
6,classical,0,0,0,0,1,0,0,0,0,4,1,0,59,1,Russian,6.wav,data/Emotify\classical\6.wav
6,classical,0,0,0,0,1,0,0,0,0,5,0,0,51,0,Spanish,6.wav,data/Emotify\classical\6.wav
6,classical,0,0,0,0,0,0,0,0,0,5,0,0,36,1,Japanese,6.wav,data/Emotify\classical\6.wav
6,classical,0,0,0,0,1,0,0,0,0,4,0,0,36,1,Spanish,6.wav,data/Emotify\classical\6.wav
6,classical,0,1,0,0,1,1,0,0,0,4,0,0,37,1,German,6.wav,data/Emotify\classical\6.wav
6,classical,0,0,0,0,0,0,0,1,0,4,0,1,46,1,Dutch,6.wav,data/Emotify\classical\6.wav
7,classical,0,1,0,0,0,1,1,0,0,4,1,0,27,1,French,7.wav,data/Emotify\classical\7.wav
7,classical,1,0,0,0,1,0,0,0,0,4,1,0,37,0,German,7.wav,data/Emotify\classical\7.wav
7,classical,0,0,0,0,0,1,1,0,1,5,1,0,27,1,Chinese,7.wav,data/Emotify\classical\7.wav
7,classical,1,0,0,0,0,1,1,0,0,4,1,0,47,1,Dutch,7.wav,data/Emotify\classical\7.wav
7,classical,1,0,0,0,0,0,1,0,0,3,1,0,42,1,Tamil,7.wav,data/Emotify\classical\7.wav
7,classical,1,0,1,0,0,0,1,0,0,3,0,0,22,0,English,7.wav,data/Emotify\classical\7.wav
7,classical,1,0,0,0,0,0,1,1,0,4,1,0,16,1,English,7.wav,data/Emotify\classical\7.wav
7,classical,0,0,0,0,0,0,1,0,0,4,1,0,51,0,Dutch,7.wav,data/Emotify\classical\7.wav
7,classical,1,0,0,0,0,0,1,0,0,5,1,0,28,0,Russian,7.wav,data/Emotify\classical\7.wav
7,classical,0,0,0,1,0,0,1,1,0,3,1,0,33,0,Russian,7.wav,data/Emotify\classical\7.wav
7,classical,1,0,0,0,0,0,1,0,0,3,1,0,26,1,French,7.wav,data/Emotify\classical\7.wav
7,classical,0,0,0,0,0,0,1,0,0,4,1,0,22,1,German,7.wav,data/Emotify\classical\7.wav
7,classical,1,0,1,0,0,0,1,0,0,4,1,0,21,0,English,7.wav,data/Emotify\classical\7.wav
7,classical,0,0,0,0,0,1,1,0,0,3,1,0,24,1,Dutch,7.wav,data/Emotify\classical\7.wav
7,classical,0,0,1,0,0,1,0,0,0,3,0,1,30,1,English,7.wav,data/Emotify\classical\7.wav
7,classical,0,0,0,0,0,0,1,0,0,2,1,0,29,1,Russian,7.wav,data/Emotify\classical\7.wav
7,classical,0,0,0,0,0,0,1,0,0,4,0,1,30,0,German,7.wav,data/Emotify\classical\7.wav
7,classical,0,0,0,0,0,0,1,0,0,5,0,0,49,0,Swedish,7.wav,data/Emotify\classical\7.wav
7,classical,0,0,1,0,1,0,1,0,0,3,1,0,37,0,Dutch,7.wav,data/Emotify\classical\7.wav
7,classical,0,0,0,1,0,0,0,1,0,4,0,0,26,0,Dutch,7.wav,data/Emotify\classical\7.wav
7,classical,1,0,0,0,1,0,1,0,0,4,0,0,40,1,Dutch,7.wav,data/Emotify\classical\7.wav
7,classical,0,0,0,0,0,0,1,0,0,4,0,1,40,0,English,7.wav,data/Emotify\classical\7.wav
7,classical,1,1,0,0,0,0,1,0,0,3,1,0,26,1,Russian,7.wav,data/Emotify\classical\7.wav
7,classical,0,0,0,1,0,0,0,0,0,3,0,0,24,0,Portuguese,7.wav,data/Emotify\classical\7.wav
7,classical,0,0,1,0,1,0,1,0,0,3,1,0,26,0,German,7.wav,data/Emotify\classical\7.wav
7,classical,0,0,0,0,0,0,1,0,0,3,1,0,48,0,German,7.wav,data/Emotify\classical\7.wav
7,classical,0,1,0,0,0,0,1,0,0,4,1,0,38,1,Russian,7.wav,data/Emotify\classical\7.wav
7,classical,0,0,0,0,0,0,1,0,0,3,0,0,51,0,English,7.wav,data/Emotify\classical\7.wav
7,classical,0,0,0,0,0,0,1,0,0,5,0,0,46,0,English,7.wav,data/Emotify\classical\7.wav
7,classical,1,0,0,0,0,0,0,0,0,4,0,0,33,0,Czech,7.wav,data/Emotify\classical\7.wav
7,classical,0,1,0,0,0,0,1,1,0,4,0,0,37,1,German,7.wav,data/Emotify\classical\7.wav
7,classical,0,0,1,0,0,0,1,0,0,2,1,0,23,0,English,7.wav,data/Emotify\classical\7.wav
7,classical,0,0,1,0,1,0,1,0,0,4,0,0,20,0,English,7.wav,data/Emotify\classical\7.wav
7,classical,0,0,0,0,0,0,1,1,0,5,0,0,45,1,English,7.wav,data/Emotify\classical\7.wav
7,classical,0,0,0,0,0,0,1,0,0,4,0,0,36,1,Spanish,7.wav,data/Emotify\classical\7.wav
7,classical,0,0,0,0,0,0,1,1,0,2,1,0,28,1,Estonian,7.wav,data/Emotify\classical\7.wav
7,classical,0,0,0,0,0,1,1,0,0,4,1,0,69,1,German,7.wav,data/Emotify\classical\7.wav
7,classical,1,0,0,1,0,0,1,0,0,2,1,0,23,0,English,7.wav,data/Emotify\classical\7.wav
7,classical,1,0,0,0,0,0,1,0,0,5,1,0,25,1,Dutch,7.wav,data/Emotify\classical\7.wav
7,classical,1,0,0,0,0,0,0,0,0,4,0,0,59,1,Russian,7.wav,data/Emotify\classical\7.wav
7,classical,1,0,0,0,0,1,0,0,0,5,1,0,51,0,Spanish,7.wav,data/Emotify\classical\7.wav
7,classical,0,0,0,0,0,0,1,0,0,5,0,0,36,1,Japanese,7.wav,data/Emotify\classical\7.wav
7,classical,0,0,0,0,0,0,0,0,0,2,0,0,67,0,English,7.wav,data/Emotify\classical\7.wav
7,classical,0,0,0,0,0,1,1,0,0,4,1,0,46,1,Dutch,7.wav,data/Emotify\classical\7.wav
7,classical,1,0,0,0,0,0,1,0,0,3,0,1,28,1,English,7.wav,data/Emotify\classical\7.wav
7,classical,0,0,0,0,0,1,1,1,0,4,0,0,65,0,French,7.wav,data/Emotify\classical\7.wav
7,classical,0,0,0,0,0,1,0,0,0,3,1,0,35,0,Arabic,7.wav,data/Emotify\classical\7.wav
8,classical,0,0,1,0,0,0,0,0,0,3,1,0,42,1,Tamil,8.wav,data/Emotify\classical\8.wav
8,classical,0,1,0,1,1,0,0,0,0,4,1,0,19,0,English,8.wav,data/Emotify\classical\8.wav
8,classical,0,0,0,1,0,0,0,0,0,4,0,0,51,0,Dutch,8.wav,data/Emotify\classical\8.wav
8,classical,0,0,0,0,0,0,0,1,0,4,0,1,22,1,German,8.wav,data/Emotify\classical\8.wav
8,classical,0,0,0,1,1,0,0,0,0,3,1,0,82,0,English,8.wav,data/Emotify\classical\8.wav
8,classical,0,0,0,1,0,0,0,1,1,3,0,0,33,0,Russian,8.wav,data/Emotify\classical\8.wav
8,classical,0,1,0,0,1,0,0,0,1,3,1,0,37,0,Dutch,8.wav,data/Emotify\classical\8.wav
8,classical,0,0,0,0,1,0,0,0,0,3,0,1,26,1,French,8.wav,data/Emotify\classical\8.wav
8,classical,0,0,1,1,0,0,1,0,0,3,1,0,24,1,Dutch,8.wav,data/Emotify\classical\8.wav
8,classical,0,0,0,0,0,0,0,1,1,3,0,1,30,1,English,8.wav,data/Emotify\classical\8.wav
8,classical,0,0,0,0,1,0,0,0,0,5,0,0,49,0,Swedish,8.wav,data/Emotify\classical\8.wav
8,classical,0,1,1,0,1,0,0,0,0,2,0,0,25,0,French,8.wav,data/Emotify\classical\8.wav
8,classical,0,0,0,0,1,0,0,0,0,3,1,0,24,0,Portuguese,8.wav,data/Emotify\classical\8.wav
8,classical,0,0,0,1,0,0,0,0,0,4,0,0,26,0,Dutch,8.wav,data/Emotify\classical\8.wav
8,classical,0,0,1,0,0,0,1,1,0,3,1,0,41,1,Dutch,8.wav,data/Emotify\classical\8.wav
8,classical,0,1,1,0,1,0,0,0,0,4,1,0,40,1,Dutch,8.wav,data/Emotify\classical\8.wav
8,classical,1,0,0,0,0,0,1,1,0,4,0,0,22,1,English,8.wav,data/Emotify\classical\8.wav
8,classical,0,0,1,1,0,0,1,0,0,3,0,1,26,1,Russian,8.wav,data/Emotify\classical\8.wav
8,classical,0,1,0,0,1,0,0,0,0,3,0,1,51,0,Dutch,8.wav,data/Emotify\classical\8.wav
8,classical,0,1,0,1,1,0,0,0,0,3,1,0,26,0,German,8.wav,data/Emotify\classical\8.wav
8,classical,0,0,0,1,0,0,0,0,1,5,0,0,45,1,English,8.wav,data/Emotify\classical\8.wav
8,classical,0,0,0,0,0,0,1,0,0,3,1,0,48,0,German,8.wav,data/Emotify\classical\8.wav
8,classical,0,0,0,1,1,0,0,0,1,4,0,0,38,1,Russian,8.wav,data/Emotify\classical\8.wav
8,classical,0,0,1,0,0,0,0,0,0,3,0,0,51,0,English,8.wav,data/Emotify\classical\8.wav
8,classical,0,1,0,0,0,0,0,0,0,4,0,0,36,1,Spanish,8.wav,data/Emotify\classical\8.wav
8,classical,0,0,1,0,1,0,1,0,0,4,0,0,37,1,German,8.wav,data/Emotify\classical\8.wav
8,classical,0,0,0,0,0,0,0,0,0,2,0,1,25,0,Russian,8.wav,data/Emotify\classical\8.wav
8,classical,0,0,0,0,0,0,0,1,0,5,0,0,46,0,English,8.wav,data/Emotify\classical\8.wav
8,classical,0,0,1,0,1,1,1,0,0,4,0,0,29,1,Romanian,8.wav,data/Emotify\classical\8.wav
8,classical,0,0,0,0,0,0,0,0,0,5,0,0,36,1,Japanese,8.wav,data/Emotify\classical\8.wav
8,classical,0,1,0,0,0,0,0,0,0,4,0,0,69,1,German,8.wav,data/Emotify\classical\8.wav
8,classical,0,0,1,1,0,0,1,0,0,3,1,0,31,1,Dutch,8.wav,data/Emotify\classical\8.wav
8,classical,0,1,1,0,1,0,0,0,0,2,0,0,23,0,English,8.wav,data/Emotify\classical\8.wav
8,classical,1,0,0,0,0,0,0,0,0,4,1,0,59,1,Russian,8.wav,data/Emotify\classical\8.wav
8,classical,0,0,0,1,0,0,0,0,1,4,1,0,46,1,Dutch,8.wav,data/Emotify\classical\8.wav
8,classical,0,0,1,1,0,0,0,0,0,5,1,0,51,0,Spanish,8.wav,data/Emotify\classical\8.wav
8,classical,0,1,0,1,1,0,0,0,0,4,1,0,31,0,English,8.wav,data/Emotify\classical\8.wav
8,classical,0,0,1,0,0,0,0,0,1,2,0,0,67,0,English,8.wav,data/Emotify\classical\8.wav
8,classical,1,1,0,0,1,0,0,0,0,4,1,0,65,0,French,8.wav,data/Emotify\classical\8.wav
8,classical,0,0,1,0,0,0,0,0,0,3,0,0,35,0,Arabic,8.wav,data/Emotify\classical\8.wav
8,classical,0,0,0,0,1,0,0,0,0,5,0,1,33,0,English,8.wav,data/Emotify\classical\8.wav
8,classical,0,0,1,0,1,0,0,1,0,4,1,0,27,1,French,8.wav,data/Emotify\classical\8.wav
8,classical,0,0,0,0,1,0,0,0,0,2,0,1,30,0,Italian,8.wav,data/Emotify\classical\8.wav
8,classical,0,1,0,0,1,0,0,0,0,3,1,0,27,0,Spanish,8.wav,data/Emotify\classical\8.wav
8,classical,0,0,0,0,1,1,1,0,0,5,1,0,27,1,Chinese,8.wav,data/Emotify\classical\8.wav
8,classical,1,1,0,0,1,0,0,0,0,4,1,0,47,1,Dutch,8.wav,data/Emotify\classical\8.wav
9,classical,0,0,0,0,0,0,0,0,1,3,0,1,42,1,Tamil,9.wav,data/Emotify\classical\9.wav
9,classical,0,1,0,0,0,0,0,0,0,4,0,1,22,1,German,9.wav,data/Emotify\classical\9.wav
9,classical,0,1,0,0,0,0,0,0,1,4,1,0,25,1,English,9.wav,data/Emotify\classical\9.wav
9,classical,0,0,0,0,1,0,0,0,0,4,1,0,51,0,Dutch,9.wav,data/Emotify\classical\9.wav
9,classical,0,0,0,1,1,0,0,0,0,3,0,0,82,0,English,9.wav,data/Emotify\classical\9.wav
9,classical,0,0,1,1,0,0,0,0,1,3,0,0,33,0,Russian,9.wav,data/Emotify\classical\9.wav
9,classical,0,0,1,0,1,0,0,0,0,5,1,0,25,1,Russian,9.wav,data/Emotify\classical\9.wav
9,classical,0,1,1,0,0,0,0,0,1,3,1,0,37,0,Dutch,9.wav,data/Emotify\classical\9.wav
9,classical,1,0,0,0,0,1,0,0,1,3,1,0,24,1,Dutch,9.wav,data/Emotify\classical\9.wav
9,classical,0,0,1,1,0,0,0,0,0,4,1,0,45,1,Dutch,9.wav,data/Emotify\classical\9.wav
9,classical,1,0,1,0,1,0,0,0,0,3,1,0,41,1,Dutch,9.wav,data/Emotify\classical\9.wav
9,classical,0,0,0,1,0,0,0,0,0,5,0,0,49,0,Swedish,9.wav,data/Emotify\classical\9.wav
9,classical,0,0,0,0,0,0,0,0,1,2,0,0,29,1,Russian,9.wav,data/Emotify\classical\9.wav
9,classical,0,0,0,1,0,0,0,0,0,2,0,1,29,0,English,9.wav,data/Emotify\classical\9.wav
9,classical,0,0,0,1,0,0,0,0,1,4,0,0,26,0,Dutch,9.wav,data/Emotify\classical\9.wav
9,classical,0,0,1,0,1,0,1,0,0,3,1,0,37,1,Chinese,9.wav,data/Emotify\classical\9.wav
9,classical,0,0,0,1,0,0,0,0,1,3,0,1,41,1,Dutch,9.wav,data/Emotify\classical\9.wav
9,classical,0,0,0,1,1,0,0,0,1,4,1,0,40,1,Dutch,9.wav,data/Emotify\classical\9.wav
9,classical,0,1,0,1,1,0,0,0,0,4,0,0,22,1,English,9.wav,data/Emotify\classical\9.wav
9,classical,1,0,1,0,0,0,1,0,0,3,1,0,26,1,Russian,9.wav,data/Emotify\classical\9.wav
9,classical,0,1,0,0,0,0,0,0,0,4,0,0,36,1,Spanish,9.wav,data/Emotify\classical\9.wav
9,classical,0,0,1,1,1,0,0,0,0,2,0,0,33,0,Russian,9.wav,data/Emotify\classical\9.wav
9,classical,0,0,0,0,1,0,0,0,1,3,1,0,51,0,Dutch,9.wav,data/Emotify\classical\9.wav
9,classical,1,0,0,0,1,0,0,0,1,5,0,0,45,1,English,9.wav,data/Emotify\classical\9.wav
9,classical,0,1,0,0,0,0,0,0,0,3,1,0,48,0,German,9.wav,data/Emotify\classical\9.wav
9,classical,0,0,1,1,1,0,0,0,0,4,1,0,46,1,Dutch,9.wav,data/Emotify\classical\9.wav
9,classical,0,1,0,0,1,0,0,0,1,4,1,0,40,1,Dutch,9.wav,data/Emotify\classical\9.wav
9,classical,0,0,0,1,0,0,0,1,1,4,1,0,38,1,Russian,9.wav,data/Emotify\classical\9.wav
9,classical,0,0,0,0,1,0,0,0,0,3,1,0,31,1,Dutch,9.wav,data/Emotify\classical\9.wav
9,classical,0,0,0,0,1,0,0,0,0,3,1,0,51,0,English,9.wav,data/Emotify\classical\9.wav
9,classical,0,1,1,0,1,0,0,0,0,3,0,1,26,0,Dutch,9.wav,data/Emotify\classical\9.wav
9,classical,0,0,1,0,1,0,0,0,0,4,1,0,70,1,English,9.wav,data/Emotify\classical\9.wav
9,classical,0,0,0,0,1,0,0,0,0,5,0,0,46,0,English,9.wav,data/Emotify\classical\9.wav
9,classical,0,0,0,1,0,0,0,0,1,5,1,0,51,0,Spanish,9.wav,data/Emotify\classical\9.wav
9,classical,0,0,0,0,0,0,0,0,0,2,0,0,67,0,English,9.wav,data/Emotify\classical\9.wav
9,classical,0,0,1,1,1,0,0,0,0,4,1,0,65,0,French,9.wav,data/Emotify\classical\9.wav
9,classical,0,1,0,1,0,0,0,0,1,2,0,1,25,0,French,9.wav,data/Emotify\classical\9.wav
9,classical,0,1,0,0,1,0,0,0,0,3,0,0,27,0,Spanish,9.wav,data/Emotify\classical\9.wav
9,classical,0,0,0,1,0,0,0,0,0,3,1,0,35,0,Arabic,9.wav,data/Emotify\classical\9.wav
9,classical,0,0,0,0,1,1,1,0,0,5,0,0,27,1,Chinese,9.wav,data/Emotify\classical\9.wav
9,classical,1,0,1,0,1,0,0,0,0,4,1,0,47,1,Dutch,9.wav,data/Emotify\classical\9.wav
9,classical,0,0,0,1,0,0,0,0,0,3,0,1,24,0,Portuguese,9.wav,data/Emotify\classical\9.wav
9,classical,0,1,0,0,0,0,0,0,1,3,0,1,26,1,French,9.wav,data/Emotify\classical\9.wav
9,classical,0,1,1,1,0,0,0,0,0,4,0,0,23,0,English,9.wav,data/Emotify\classical\9.wav
10,classical,0,0,0,0,0,1,1,0,0,4,1,0,25,1,English,10.wav,data/Emotify\classical\10.wav
10,classical,0,0,0,0,0,0,0,1,0,4,0,1,57,1,English,10.wav,data/Emotify\classical\10.wav
10,classical,1,0,0,0,0,0,1,1,0,3,0,0,33,0,Russian,10.wav,data/Emotify\classical\10.wav
10,classical,0,0,0,1,0,0,1,0,0,4,0,0,51,0,Dutch,10.wav,data/Emotify\classical\10.wav
10,classical,0,0,0,0,0,1,0,0,0,3,0,0,24,0,Russian,10.wav,data/Emotify\classical\10.wav
10,classical,0,0,0,0,0,1,1,0,0,3,1,0,33,0,Russian,10.wav,data/Emotify\classical\10.wav
10,classical,0,0,0,0,0,0,1,0,1,3,1,1,41,1,Dutch,10.wav,data/Emotify\classical\10.wav
10,classical,1,0,0,0,0,1,0,0,0,5,0,0,25,1,Russian,10.wav,data/Emotify\classical\10.wav
10,classical,0,0,0,0,0,0,1,1,0,3,0,0,37,1,Chinese,10.wav,data/Emotify\classical\10.wav
10,classical,0,1,1,0,0,0,1,0,0,3,0,0,37,0,Dutch,10.wav,data/Emotify\classical\10.wav
10,classical,0,0,0,0,0,0,0,1,0,3,0,1,24,1,Dutch,10.wav,data/Emotify\classical\10.wav
10,classical,0,0,0,0,0,1,0,0,0,4,1,0,45,1,Dutch,10.wav,data/Emotify\classical\10.wav
10,classical,1,1,0,0,0,0,1,0,0,3,1,0,26,0,German,10.wav,data/Emotify\classical\10.wav
10,classical,0,0,0,0,0,0,0,1,0,5,0,0,49,0,Swedish,10.wav,data/Emotify\classical\10.wav
10,classical,1,0,0,1,0,0,1,0,0,3,0,0,30,1,English,10.wav,data/Emotify\classical\10.wav
10,classical,1,0,0,0,0,0,0,0,0,2,0,0,29,1,Russian,10.wav,data/Emotify\classical\10.wav
10,classical,0,0,0,0,0,1,0,0,0,4,1,0,26,0,Dutch,10.wav,data/Emotify\classical\10.wav
10,classical,1,1,0,0,0,1,0,0,0,4,0,0,22,1,English,10.wav,data/Emotify\classical\10.wav
10,classical,0,0,0,0,0,1,1,0,0,4,1,0,30,0,German,10.wav,data/Emotify\classical\10.wav
10,classical,0,0,0,0,0,1,1,0,0,3,1,0,41,1,Dutch,10.wav,data/Emotify\classical\10.wav
10,classical,0,1,0,0,0,0,1,1,0,4,1,0,40,1,Dutch,10.wav,data/Emotify\classical\10.wav
10,classical,0,0,0,0,0,1,0,0,0,4,0,0,36,1,Spanish,10.wav,data/Emotify\classical\10.wav
10,classical,0,1,0,0,0,0,1,1,0,3,0,1,26,1,Russian,10.wav,data/Emotify\classical\10.wav
10,classical,0,0,0,0,0,1,1,0,0,3,0,0,51,0,Dutch,10.wav,data/Emotify\classical\10.wav
10,classical,0,0,0,0,0,1,1,0,0,5,0,0,45,1,English,10.wav,data/Emotify\classical\10.wav
10,classical,0,0,0,0,0,0,1,1,0,3,1,0,31,1,Dutch,10.wav,data/Emotify\classical\10.wav
10,classical,0,0,0,0,0,1,1,0,0,3,1,0,48,0,German,10.wav,data/Emotify\classical\10.wav
10,classical,0,0,0,0,0,1,1,0,0,4,1,0,46,1,Dutch,10.wav,data/Emotify\classical\10.wav
10,classical,1,0,0,0,0,0,1,1,0,4,1,0,38,1,Russian,10.wav,data/Emotify\classical\10.wav
10,classical,0,1,0,0,0,0,0,0,0,3,0,0,51,0,English,10.wav,data/Emotify\classical\10.wav
10,classical,0,1,0,0,0,1,1,0,0,4,1,0,34,0,English,10.wav,data/Emotify\classical\10.wav
10,classical,0,0,0,0,0,1,1,0,0,4,0,0,70,1,English,10.wav,data/Emotify\classical\10.wav
10,classical,0,0,0,0,0,0,1,0,0,5,0,0,46,0,English,10.wav,data/Emotify\classical\10.wav
10,classical,1,0,0,0,0,0,0,0,0,4,0,0,29,1,Romanian,10.wav,data/Emotify\classical\10.wav
10,classical,0,1,0,0,0,1,1,0,0,4,1,0,37,0,French,10.wav,data/Emotify\classical\10.wav
10,classical,1,0,0,0,0,1,1,0,0,4,0,0,65,0,French,10.wav,data/Emotify\classical\10.wav
10,classical,0,0,0,0,0,1,0,0,0,5,0,0,51,0,Spanish,10.wav,data/Emotify\classical\10.wav
10,classical,0,0,0,0,0,0,1,0,0,4,1,0,59,1,Russian,10.wav,data/Emotify\classical\10.wav
10,classical,1,1,0,0,0,0,1,0,0,3,1,0,27,0,Spanish,10.wav,data/Emotify\classical\10.wav
10,classical,0,0,0,0,0,0,1,0,0,3,0,1,24,0,Portuguese,10.wav,data/Emotify\classical\10.wav
10,classical,0,1,0,0,0,0,0,0,0,3,0,1,35,0,Arabic,10.wav,data/Emotify\classical\10.wav
10,classical,0,0,0,0,1,1,1,0,0,5,1,0,27,1,Chinese,10.wav,data/Emotify\classical\10.wav
10,classical,1,0,0,0,0,1,1,0,0,4,1,0,47,1,Dutch,10.wav,data/Emotify\classical\10.wav
10,classical,0,0,0,0,0,1,0,0,0,4,1,0,46,1,French,10.wav,data/Emotify\classical\10.wav
10,classical,1,0,0,0,0,0,0,1,0,3,0,1,26,1,French,10.wav,data/Emotify\classical\10.wav
10,classical,1,0,0,0,0,1,1,0,0,4,1,0,23,0,English,10.wav,data/Emotify\classical\10.wav
10,classical,0,0,0,0,0,1,0,0,0,4,1,0,22,1,German,10.wav,data/Emotify\classical\10.wav
11,classical,0,0,0,1,0,0,0,0,0,3,1,0,24,0,Russian,11.wav,data/Emotify\classical\11.wav
11,classical,0,0,0,1,0,0,0,0,1,3,0,0,33,0,Russian,11.wav,data/Emotify\classical\11.wav
11,classical,0,0,0,0,1,0,0,0,1,5,0,0,25,1,Russian,11.wav,data/Emotify\classical\11.wav
11,classical,0,1,1,0,1,0,0,0,0,4,1,0,19,1,Dutch,11.wav,data/Emotify\classical\11.wav
11,classical,0,1,1,1,0,0,0,0,0,4,0,0,36,1,Spanish,11.wav,data/Emotify\classical\11.wav
11,classical,0,0,0,0,1,0,0,0,0,5,0,0,49,0,Swedish,11.wav,data/Emotify\classical\11.wav
11,classical,0,1,0,0,0,1,0,0,0,3,1,0,30,1,English,11.wav,data/Emotify\classical\11.wav
11,classical,0,0,0,1,0,0,0,0,0,2,1,0,29,1,Russian,11.wav,data/Emotify\classical\11.wav
11,classical,0,0,1,0,0,0,1,1,0,4,0,0,22,1,English,11.wav,data/Emotify\classical\11.wav
11,classical,0,0,0,1,0,0,0,0,1,4,0,0,26,0,Dutch,11.wav,data/Emotify\classical\11.wav
11,classical,0,0,1,0,1,0,0,0,0,3,1,0,41,1,Dutch,11.wav,data/Emotify\classical\11.wav
11,classical,0,0,0,1,0,0,0,0,1,4,0,1,31,0,German,11.wav,data/Emotify\classical\11.wav
11,classical,0,1,0,0,0,0,0,1,1,3,0,0,33,0,Russian,11.wav,data/Emotify\classical\11.wav
11,classical,0,0,0,1,0,0,0,0,0,3,1,0,31,1,Dutch,11.wav,data/Emotify\classical\11.wav
11,classical,0,0,0,1,1,0,0,0,1,3,0,1,26,1,Russian,11.wav,data/Emotify\classical\11.wav
11,classical,0,1,0,0,0,0,0,0,1,3,0,0,51,0,Dutch,11.wav,data/Emotify\classical\11.wav
11,classical,0,1,0,1,0,0,0,0,1,3,1,0,48,0,German,11.wav,data/Emotify\classical\11.wav
11,classical,0,1,0,0,0,0,0,0,1,4,1,0,46,1,Dutch,11.wav,data/Emotify\classical\11.wav
11,classical,0,1,0,0,0,0,0,1,0,4,1,0,38,1,Russian,11.wav,data/Emotify\classical\11.wav
11,classical,0,1,0,1,1,0,0,0,0,4,1,0,38,1,Chinese,11.wav,data/Emotify\classical\11.wav
11,classical,0,0,0,1,0,0,0,0,0,3,0,0,51,0,English,11.wav,data/Emotify\classical\11.wav
11,classical,0,0,1,0,0,0,0,1,0,4,1,0,34,0,English,11.wav,data/Emotify\classical\11.wav
11,classical,0,0,1,0,0,0,0,0,1,4,1,0,70,1,English,11.wav,data/Emotify\classical\11.wav
11,classical,0,0,0,0,1,0,0,0,0,5,0,0,46,0,English,11.wav,data/Emotify\classical\11.wav
11,classical,0,0,0,0,1,0,0,0,0,4,1,0,37,0,French,11.wav,data/Emotify\classical\11.wav
11,classical,0,0,0,0,1,0,0,0,0,2,0,0,32,0,English,11.wav,data/Emotify\classical\11.wav
11,classical,0,1,0,1,0,0,0,0,1,4,1,0,65,0,French,11.wav,data/Emotify\classical\11.wav
11,classical,1,1,0,0,0,0,0,0,0,3,0,0,27,0,Spanish,11.wav,data/Emotify\classical\11.wav
11,classical,0,0,0,0,0,0,0,1,0,5,1,0,51,0,Spanish,11.wav,data/Emotify\classical\11.wav
11,classical,0,1,0,0,0,0,0,0,0,4,1,0,59,1,Russian,11.wav,data/Emotify\classical\11.wav
11,classical,0,0,0,0,1,0,0,0,0,4,0,1,25,0,Hungarian,11.wav,data/Emotify\classical\11.wav
11,classical,0,0,0,0,1,0,0,0,0,3,1,0,24,0,Portuguese,11.wav,data/Emotify\classical\11.wav
11,classical,0,0,1,1,0,0,0,0,0,3,0,0,26,1,French,11.wav,data/Emotify\classical\11.wav
11,classical,0,0,0,0,0,0,0,1,0,3,0,1,35,0,Arabic,11.wav,data/Emotify\classical\11.wav
11,classical,0,1,0,0,1,0,0,0,1,3,0,0,45,1,English,11.wav,data/Emotify\classical\11.wav
11,classical,0,0,0,0,1,1,1,0,0,5,1,0,27,1,Chinese,11.wav,data/Emotify\classical\11.wav
11,classical,1,0,1,1,0,0,0,0,0,4,1,0,47,1,Dutch,11.wav,data/Emotify\classical\11.wav
11,classical,0,0,1,0,0,0,0,0,1,4,1,0,45,1,Dutch,11.wav,data/Emotify\classical\11.wav
11,classical,0,0,0,0,1,0,0,0,0,4,1,0,46,1,French,11.wav,data/Emotify\classical\11.wav
11,classical,0,0,0,1,0,0,0,0,0,4,1,0,22,1,German,11.wav,data/Emotify\classical\11.wav
11,classical,0,0,1,1,0,0,0,0,1,4,0,0,23,0,English,11.wav,data/Emotify\classical\11.wav
11,classical,0,0,1,0,1,0,1,0,0,3,1,0,41,1,Dutch,11.wav,data/Emotify\classical\11.wav
11,classical,0,1,0,0,1,0,0,0,1,3,1,0,24,1,Dutch,11.wav,data/Emotify\classical\11.wav
11,classical,0,0,0,1,0,0,0,0,1,4,1,0,25,1,English,11.wav,data/Emotify\classical\11.wav
11,classical,0,0,0,0,0,0,0,0,1,3,0,0,42,1,Tamil,11.wav,data/Emotify\classical\11.wav
11,classical,0,0,0,0,0,0,0,0,1,4,1,0,57,1,English,11.wav,data/Emotify\classical\11.wav
11,classical,0,0,0,1,1,0,0,0,0,2,1,0,56,0,Dutch,11.wav,data/Emotify\classical\11.wav
12,classical,1,0,0,0,0,0,0,1,0,3,0,0,33,0,Russian,12.wav,data/Emotify\classical\12.wav
12,classical,0,0,1,0,0,0,1,0,0,5,0,0,25,1,Russian,12.wav,data/Emotify\classical\12.wav
12,classical,1,0,0,0,0,0,0,0,0,4,0,0,36,1,Spanish,12.wav,data/Emotify\classical\12.wav
12,classical,0,0,0,0,1,0,1,0,0,4,1,0,20,0,English,12.wav,data/Emotify\classical\12.wav
12,classical,1,0,1,0,0,0,1,0,0,4,1,0,30,0,Dutch,12.wav,data/Emotify\classical\12.wav
12,classical,0,0,0,0,1,0,1,0,0,4,0,0,22,1,English,12.wav,data/Emotify\classical\12.wav
12,classical,0,0,0,0,0,1,0,0,0,5,0,0,49,0,Swedish,12.wav,data/Emotify\classical\12.wav
12,classical,0,0,0,1,0,0,1,0,0,3,0,0,30,1,English,12.wav,data/Emotify\classical\12.wav
12,classical,0,0,0,0,0,0,1,0,0,2,0,0,29,1,Russian,12.wav,data/Emotify\classical\12.wav
12,classical,1,0,0,0,1,0,1,0,0,4,0,0,29,1,Romanian,12.wav,data/Emotify\classical\12.wav
12,classical,1,0,0,0,0,0,1,0,0,4,1,0,31,0,German,12.wav,data/Emotify\classical\12.wav
12,classical,0,0,0,1,0,0,1,0,0,4,1,0,26,0,Dutch,12.wav,data/Emotify\classical\12.wav
12,classical,0,1,0,1,0,0,1,0,0,4,1,0,32,0,Hindi,12.wav,data/Emotify\classical\12.wav
12,classical,0,0,0,0,0,0,1,0,0,3,0,0,41,1,Dutch,12.wav,data/Emotify\classical\12.wav
12,classical,0,0,0,0,0,0,1,1,0,3,0,0,33,0,Russian,12.wav,data/Emotify\classical\12.wav
12,classical,0,0,0,0,0,0,1,0,0,3,1,0,31,1,Dutch,12.wav,data/Emotify\classical\12.wav
12,classical,0,0,0,0,0,0,1,0,0,3,0,0,51,0,Dutch,12.wav,data/Emotify\classical\12.wav
12,classical,1,0,1,0,0,0,1,0,0,3,1,0,26,1,Russian,12.wav,data/Emotify\classical\12.wav
12,classical,1,0,0,0,0,0,1,0,0,4,1,0,46,1,Dutch,12.wav,data/Emotify\classical\12.wav
12,classical,0,0,0,0,0,0,1,0,0,3,1,0,48,0,German,12.wav,data/Emotify\classical\12.wav
12,classical,0,0,0,0,0,0,1,0,0,2,1,0,23,0,English,12.wav,data/Emotify\classical\12.wav
12,classical,1,0,0,1,0,0,1,0,0,4,1,0,38,1,Chinese,12.wav,data/Emotify\classical\12.wav
12,classical,0,0,1,0,0,0,1,0,0,4,1,0,70,1,English,12.wav,data/Emotify\classical\12.wav
12,classical,0,0,0,0,0,0,0,1,0,5,0,0,46,0,English,12.wav,data/Emotify\classical\12.wav
12,classical,0,0,0,0,1,0,0,0,0,3,0,0,27,0,Spanish,12.wav,data/Emotify\classical\12.wav
12,classical,1,0,1,0,0,0,0,0,0,2,0,0,32,0,English,12.wav,data/Emotify\classical\12.wav
12,classical,0,0,0,0,0,1,1,0,0,4,0,0,69,1,German,12.wav,data/Emotify\classical\12.wav
12,classical,1,0,0,0,0,0,1,0,0,4,1,0,65,0,French,12.wav,data/Emotify\classical\12.wav
12,classical,0,0,0,0,0,0,1,0,0,5,1,0,51,0,Spanish,12.wav,data/Emotify\classical\12.wav
12,classical,0,0,1,0,0,0,0,0,0,4,1,0,59,1,Russian,12.wav,data/Emotify\classical\12.wav
12,classical,0,0,0,1,0,0,0,1,0,4,1,0,25,0,Russian,12.wav,data/Emotify\classical\12.wav
12,classical,0,0,0,0,1,0,1,0,0,3,0,0,45,1,English,12.wav,data/Emotify\classical\12.wav
12,classical,0,0,0,0,0,0,0,0,1,4,0,0,47,0,Russian,12.wav,data/Emotify\classical\12.wav
12,classical,0,0,0,0,0,0,1,0,0,3,0,0,24,0,Portuguese,12.wav,data/Emotify\classical\12.wav
12,classical,0,0,0,0,0,1,0,0,0,3,0,0,35,0,Arabic,12.wav,data/Emotify\classical\12.wav
12,classical,0,0,0,1,0,1,1,0,0,5,0,0,27,1,Chinese,12.wav,data/Emotify\classical\12.wav
12,classical,1,0,1,0,0,0,1,0,0,4,1,0,47,1,Dutch,12.wav,data/Emotify\classical\12.wav
12,classical,0,0,0,0,1,0,0,0,0,4,1,1,22,1,German,12.wav,data/Emotify\classical\12.wav
12,classical,1,0,0,0,0,0,1,0,0,4,1,0,45,1,Dutch,12.wav,data/Emotify\classical\12.wav
12,classical,0,0,0,0,0,0,1,0,0,4,1,0,46,1,French,12.wav,data/Emotify\classical\12.wav
12,classical,1,0,1,0,0,0,1,0,0,4,1,0,34,0,English,12.wav,data/Emotify\classical\12.wav
12,classical,1,1,0,0,0,0,1,0,0,4,0,0,23,0,English,12.wav,data/Emotify\classical\12.wav
12,classical,0,0,0,0,1,0,0,0,0,3,1,0,27,1,Russian,12.wav,data/Emotify\classical\12.wav
12,classical,0,0,0,0,0,0,1,0,0,4,0,1,19,0,English,12.wav,data/Emotify\classical\12.wav
12,classical,0,1,0,1,0,0,0,0,1,4,0,0,25,1,English,12.wav,data/Emotify\classical\12.wav
12,classical,1,0,0,0,1,0,1,0,0,4,1,0,27,1,French,12.wav,data/Emotify\classical\12.wav
12,classical,0,0,0,0,0,0,1,0,0,3,1,0,42,1,Tamil,12.wav,data/Emotify\classical\12.wav
12,classical,0,0,0,0,0,0,1,0,0,4,1,0,57,1,English,12.wav,data/Emotify\classical\12.wav
12,classical,0,0,0,0,0,0,1,0,0,2,1,0,56,0,Dutch,12.wav,data/Emotify\classical\12.wav
12,classical,0,0,0,0,0,0,1,0,0,3,0,0,24,0,Russian,12.wav,data/Emotify\classical\12.wav
12,classical,1,0,0,1,0,0,1,0,0,5,1,0,22,0,English,12.wav,data/Emotify\classical\12.wav
13,classical,0,1,0,0,0,0,0,0,0,4,0,0,20,0,English,13.wav,data/Emotify\classical\13.wav
13,classical,0,0,0,1,1,0,0,0,1,4,0,0,31,0,German,13.wav,data/Emotify\classical\13.wav
13,classical,0,0,0,0,1,0,0,0,0,4,1,0,25,0,Italian,13.wav,data/Emotify\classical\13.wav
13,classical,0,0,0,1,1,0,0,1,0,4,0,1,30,0,Dutch,13.wav,data/Emotify\classical\13.wav
13,classical,0,1,0,0,0,1,0,0,0,4,0,0,22,1,English,13.wav,data/Emotify\classical\13.wav
13,classical,0,0,0,1,0,0,0,1,0,4,0,0,29,1,Romanian,13.wav,data/Emotify\classical\13.wav
13,classical,0,0,0,1,0,0,0,0,0,4,0,1,19,1,Dutch,13.wav,data/Emotify\classical\13.wav
13,classical,0,0,0,0,0,1,0,0,0,5,0,0,49,0,Swedish,13.wav,data/Emotify\classical\13.wav
13,classical,0,0,0,0,1,0,0,0,1,3,0,1,30,1,English,13.wav,data/Emotify\classical\13.wav
13,classical,0,0,0,1,1,1,0,0,0,4,0,0,19,1,Dutch,13.wav,data/Emotify\classical\13.wav
13,classical,0,0,0,0,0,0,0,0,1,2,0,0,29,1,Russian,13.wav,data/Emotify\classical\13.wav
13,classical,0,1,0,0,0,0,0,0,0,4,1,0,26,0,Dutch,13.wav,data/Emotify\classical\13.wav
13,classical,0,1,0,1,0,0,0,1,0,3,0,0,24,1,English,13.wav,data/Emotify\classical\13.wav
13,classical,0,0,0,0,0,0,0,0,1,3,1,0,31,1,Dutch,13.wav,data/Emotify\classical\13.wav
13,classical,0,1,0,1,0,0,0,0,0,3,0,0,51,0,Dutch,13.wav,data/Emotify\classical\13.wav
13,classical,0,0,1,0,0,1,0,0,0,3,1,0,41,1,Dutch,13.wav,data/Emotify\classical\13.wav
13,classical,0,0,0,1,0,0,0,1,0,3,0,0,33,0,Russian,13.wav,data/Emotify\classical\13.wav
13,classical,0,0,0,0,1,0,0,0,0,4,0,0,26,0,English,13.wav,data/Emotify\classical\13.wav
13,classical,0,0,1,1,1,0,0,0,0,3,1,0,27,0,Spanish,13.wav,data/Emotify\classical\13.wav
13,classical,0,0,0,0,1,0,0,0,0,4,1,0,46,1,Dutch,13.wav,data/Emotify\classical\13.wav
13,classical,0,0,1,1,1,0,0,0,0,3,0,0,26,1,Russian,13.wav,data/Emotify\classical\13.wav
13,classical,1,0,0,0,0,0,0,1,1,4,1,0,30,0,German,13.wav,data/Emotify\classical\13.wav
13,classical,0,0,1,1,1,0,0,0,0,4,0,0,38,1,Chinese,13.wav,data/Emotify\classical\13.wav
13,classical,0,1,0,0,0,0,0,1,0,4,1,0,70,1,English,13.wav,data/Emotify\classical\13.wav
13,classical,0,0,0,1,0,0,0,0,0,5,0,0,46,0,English,13.wav,data/Emotify\classical\13.wav
13,classical,0,0,0,0,0,0,0,0,1,4,0,0,69,1,German,13.wav,data/Emotify\classical\13.wav
13,classical,0,0,0,1,0,0,0,0,0,2,1,0,32,0,English,13.wav,data/Emotify\classical\13.wav
13,classical,0,0,0,1,0,0,0,1,0,4,0,0,65,0,French,13.wav,data/Emotify\classical\13.wav
13,classical,0,0,1,0,1,0,0,0,0,3,1,0,27,1,Russian,13.wav,data/Emotify\classical\13.wav
13,classical,0,0,0,1,0,0,0,0,0,4,0,0,59,1,Russian,13.wav,data/Emotify\classical\13.wav
13,classical,0,1,0,0,0,0,0,1,1,3,0,0,45,1,English,13.wav,data/Emotify\classical\13.wav
13,classical,0,1,0,1,0,1,0,0,0,5,0,0,55,0,Dutch,13.wav,data/Emotify\classical\13.wav
13,classical,0,0,0,0,0,0,0,0,1,4,0,1,22,1,German,13.wav,data/Emotify\classical\13.wav
13,classical,0,0,0,0,1,1,1,0,0,5,1,0,27,1,Chinese,13.wav,data/Emotify\classical\13.wav
13,classical,0,1,0,1,0,0,0,0,1,4,1,0,47,1,Dutch,13.wav,data/Emotify\classical\13.wav
13,classical,0,0,0,0,0,0,0,1,0,4,0,0,46,1,French,13.wav,data/Emotify\classical\13.wav
13,classical,0,1,0,0,1,0,0,1,0,4,1,0,34,0,English,13.wav,data/Emotify\classical\13.wav
13,classical,0,0,0,0,0,0,0,0,1,4,0,1,25,1,English,13.wav,data/Emotify\classical\13.wav
13,classical,0,1,1,0,1,0,0,0,0,4,1,0,27,1,French,13.wav,data/Emotify\classical\13.wav
13,classical,0,0,0,1,0,0,0,0,0,3,0,0,42,1,Tamil,13.wav,data/Emotify\classical\13.wav
13,classical,0,1,0,0,0,0,0,0,0,4,0,0,57,1,English,13.wav,data/Emotify\classical\13.wav
13,classical,0,0,0,0,1,0,0,0,0,3,0,0,24,0,Russian,13.wav,data/Emotify\classical\13.wav
13,classical,0,1,0,0,1,1,0,0,0,3,1,0,25,0,English,13.wav,data/Emotify\classical\13.wav
13,classical,0,0,0,0,1,0,0,0,1,4,0,0,36,1,Spanish,13.wav,data/Emotify\classical\13.wav
13,classical,0,0,0,1,1,0,0,0,0,3,0,0,33,0,Russian,13.wav,data/Emotify\classical\13.wav
13,classical,0,1,0,0,0,0,0,1,0,5,0,0,25,1,Russian,13.wav,data/Emotify\classical\13.wav
13,classical,0,1,1,0,0,0,0,0,1,3,0,0,37,1,Chinese,13.wav,data/Emotify\classical\13.wav
14,classical,0,0,1,0,1,0,0,0,0,3,1,0,48,1,Dutch,14.wav,data/Emotify\classical\14.wav
14,classical,0,0,0,0,1,0,0,0,0,4,0,1,19,1,Dutch,14.wav,data/Emotify\classical\14.wav
14,classical,0,0,0,0,1,0,0,0,0,5,0,0,49,0,Swedish,14.wav,data/Emotify\classical\14.wav
14,classical,0,0,1,0,0,0,0,0,0,3,1,0,31,1,Dutch,14.wav,data/Emotify\classical\14.wav
14,classical,0,0,0,0,0,0,0,1,0,4,0,0,36,0,Dutch,14.wav,data/Emotify\classical\14.wav
14,classical,0,0,0,0,1,0,0,0,0,3,0,1,51,0,Dutch,14.wav,data/Emotify\classical\14.wav
14,classical,0,0,0,0,0,0,0,1,0,4,0,1,26,0,Dutch,14.wav,data/Emotify\classical\14.wav
14,classical,0,0,0,1,0,0,0,0,0,3,0,0,41,1,Dutch,14.wav,data/Emotify\classical\14.wav
14,classical,0,0,0,0,0,0,0,1,1,3,0,0,33,0,Russian,14.wav,data/Emotify\classical\14.wav
14,classical,0,0,1,0,0,0,0,0,0,3,0,0,51,0,Chinese,14.wav,data/Emotify\classical\14.wav
14,classical,0,0,0,1,0,0,1,0,0,4,0,0,26,0,English,14.wav,data/Emotify\classical\14.wav
14,classical,1,0,1,1,0,0,0,0,0,3,1,0,34,0,English,14.wav,data/Emotify\classical\14.wav
14,classical,0,0,1,1,0,0,1,0,0,3,1,0,26,1,Russian,14.wav,data/Emotify\classical\14.wav
14,classical,0,1,0,0,1,0,0,0,0,2,0,0,32,0,English,14.wav,data/Emotify\classical\14.wav
14,classical,0,0,0,1,1,0,0,1,0,3,0,0,19,1,English,14.wav,data/Emotify\classical\14.wav
14,classical,0,0,0,1,0,0,0,0,1,3,1,0,45,1,English,14.wav,data/Emotify\classical\14.wav
14,classical,1,1,0,1,0,0,0,0,0,4,0,0,38,1,Chinese,14.wav,data/Emotify\classical\14.wav
14,classical,0,0,1,1,0,0,1,0,0,4,0,0,70,1,English,14.wav,data/Emotify\classical\14.wav
14,classical,0,0,0,0,0,0,0,1,0,5,0,0,46,0,English,14.wav,data/Emotify\classical\14.wav
14,classical,0,1,0,0,1,0,0,0,0,4,0,0,69,1,German,14.wav,data/Emotify\classical\14.wav
14,classical,0,0,1,0,1,0,0,0,0,3,1,0,21,0,Dutch,14.wav,data/Emotify\classical\14.wav
14,classical,0,1,1,0,1,0,0,0,0,3,1,0,33,0,Dutch,14.wav,data/Emotify\classical\14.wav
14,classical,0,1,0,0,0,1,0,0,0,4,1,0,65,0,French,14.wav,data/Emotify\classical\14.wav
14,classical,0,0,1,0,1,0,0,0,0,3,0,0,27,1,Russian,14.wav,data/Emotify\classical\14.wav
14,classical,0,0,1,1,1,0,0,0,0,4,1,0,34,0,English,14.wav,data/Emotify\classical\14.wav
14,classical,0,0,0,1,0,0,0,0,0,4,0,0,59,1,Russian,14.wav,data/Emotify\classical\14.wav
14,classical,0,0,1,1,0,0,0,0,0,4,1,0,46,1,Dutch,14.wav,data/Emotify\classical\14.wav
14,classical,1,1,0,0,0,0,1,0,0,5,1,0,55,0,Dutch,14.wav,data/Emotify\classical\14.wav
14,classical,0,0,1,0,0,0,0,0,0,4,0,0,22,1,German,14.wav,data/Emotify\classical\14.wav
14,classical,0,0,0,1,0,0,0,0,0,5,1,0,25,1,Russian,14.wav,data/Emotify\classical\14.wav
14,classical,0,0,0,0,0,1,1,0,1,5,0,0,27,1,Chinese,14.wav,data/Emotify\classical\14.wav
14,classical,0,0,0,0,0,0,0,1,0,4,0,1,19,0,English,14.wav,data/Emotify\classical\14.wav
14,classical,0,0,0,0,0,0,0,0,0,4,0,0,46,1,French,14.wav,data/Emotify\classical\14.wav
14,classical,0,0,0,1,1,0,0,0,0,3,0,0,24,1,English,14.wav,data/Emotify\classical\14.wav
14,classical,1,1,0,0,0,0,0,0,0,3,0,0,27,0,Spanish,14.wav,data/Emotify\classical\14.wav
14,classical,0,0,0,0,0,0,0,0,1,4,0,1,25,1,English,14.wav,data/Emotify\classical\14.wav
14,classical,0,0,0,1,1,1,0,0,0,4,0,0,27,1,French,14.wav,data/Emotify\classical\14.wav
14,classical,0,0,0,1,0,0,0,0,0,3,0,0,42,1,Tamil,14.wav,data/Emotify\classical\14.wav
14,classical,0,0,0,0,1,0,0,0,0,3,1,0,22,0,Dutch,14.wav,data/Emotify\classical\14.wav
14,classical,0,0,1,0,0,0,0,0,0,4,1,0,57,1,English,14.wav,data/Emotify\classical\14.wav
14,classical,0,1,0,0,1,0,0,0,0,4,0,0,36,1,Spanish,14.wav,data/Emotify\classical\14.wav
14,classical,0,0,0,1,0,0,0,0,0,3,0,0,24,0,Russian,14.wav,data/Emotify\classical\14.wav
14,classical,1,0,1,0,1,0,0,0,0,3,0,0,25,0,English,14.wav,data/Emotify\classical\14.wav
14,classical,1,0,0,0,0,0,1,0,0,5,1,0,22,0,English,14.wav,data/Emotify\classical\14.wav
14,classical,0,1,0,0,1,0,1,0,0,3,0,0,37,1,Chinese,14.wav,data/Emotify\classical\14.wav
14,classical,0,0,0,0,0,0,0,1,1,3,0,0,33,0,Russian,14.wav,data/Emotify\classical\14.wav
14,classical,0,0,0,0,0,1,0,1,1,4,0,0,22,1,English,14.wav,data/Emotify\classical\14.wav
14,classical,0,0,0,0,1,0,0,0,0,4,1,0,20,0,English,14.wav,data/Emotify\classical\14.wav
14,classical,0,1,1,0,1,0,0,0,0,4,1,0,30,0,Dutch,14.wav,data/Emotify\classical\14.wav
15,classical,0,0,0,1,0,0,0,0,0,5,0,0,49,0,Swedish,15.wav,data/Emotify\classical\15.wav
15,classical,0,0,0,0,1,0,0,0,1,3,0,0,51,0,Dutch,15.wav,data/Emotify\classical\15.wav
15,classical,0,1,1,0,1,0,0,0,0,3,1,0,19,1,English,15.wav,data/Emotify\classical\15.wav
15,classical,0,1,0,0,0,0,0,0,0,2,0,0,46,1,Greek,15.wav,data/Emotify\classical\15.wav
15,classical,0,1,0,1,0,0,0,0,1,5,1,0,56,0,English,15.wav,data/Emotify\classical\15.wav
15,classical,0,0,0,1,1,0,0,0,0,5,0,0,46,1,Dutch,15.wav,data/Emotify\classical\15.wav
15,classical,0,1,0,0,1,0,0,0,1,3,1,0,34,0,English,15.wav,data/Emotify\classical\15.wav
15,classical,0,0,0,1,1,0,0,0,0,3,1,0,41,1,Dutch,15.wav,data/Emotify\classical\15.wav
15,classical,0,0,0,0,0,0,0,1,1,3,0,0,33,0,Russian,15.wav,data/Emotify\classical\15.wav
15,classical,0,1,1,1,0,0,0,0,0,4,0,0,26,0,English,15.wav,data/Emotify\classical\15.wav
15,classical,0,1,0,1,0,0,0,0,1,2,1,0,35,1,English,15.wav,data/Emotify\classical\15.wav
15,classical,0,0,1,1,0,0,0,0,1,3,1,0,21,0,Dutch,15.wav,data/Emotify\classical\15.wav
15,classical,1,1,0,0,0,0,0,0,0,3,1,0,32,0,English,15.wav,data/Emotify\classical\15.wav
15,classical,0,0,0,0,0,0,0,0,1,3,0,0,45,1,English,15.wav,data/Emotify\classical\15.wav
15,classical,1,0,0,1,0,0,0,0,1,4,0,0,38,1,Chinese,15.wav,data/Emotify\classical\15.wav
15,classical,0,0,1,0,1,0,0,0,0,4,0,0,70,1,English,15.wav,data/Emotify\classical\15.wav
15,classical,0,0,0,1,0,0,0,0,0,4,0,0,69,1,German,15.wav,data/Emotify\classical\15.wav
15,classical,0,0,0,1,0,0,0,0,0,3,0,1,33,0,Dutch,15.wav,data/Emotify\classical\15.wav
15,classical,0,0,1,1,1,0,0,0,0,3,0,0,32,0,Spanish,15.wav,data/Emotify\classical\15.wav
15,classical,0,1,1,0,1,0,0,0,0,2,0,0,37,0,German,15.wav,data/Emotify\classical\15.wav
15,classical,0,0,0,1,1,0,0,0,1,3,0,0,33,0,Dutch,15.wav,data/Emotify\classical\15.wav
15,classical,0,1,0,1,0,0,0,0,1,4,1,0,65,0,French,15.wav,data/Emotify\classical\15.wav
15,classical,0,1,0,0,0,0,0,0,0,5,1,0,54,0,German,15.wav,data/Emotify\classical\15.wav
15,classical,0,0,1,0,0,0,0,0,0,3,1,0,27,1,Russian,15.wav,data/Emotify\classical\15.wav
15,classical,0,0,1,1,0,0,0,0,0,4,0,0,34,0,English,15.wav,data/Emotify\classical\15.wav
15,classical,0,0,0,0,0,0,0,0,1,5,1,0,44,0,Arabic,15.wav,data/Emotify\classical\15.wav
15,classical,0,0,0,0,1,0,0,0,0,4,1,0,46,0,English,15.wav,data/Emotify\classical\15.wav
15,classical,0,0,1,1,0,0,0,0,1,5,1,0,55,0,Dutch,15.wav,data/Emotify\classical\15.wav
15,classical,0,0,0,0,0,0,0,1,1,5,0,0,25,1,Russian,15.wav,data/Emotify\classical\15.wav
15,classical,1,0,0,0,1,0,0,0,0,4,1,0,21,0,English,15.wav,data/Emotify\classical\15.wav
15,classical,0,1,1,0,0,1,0,0,0,3,1,0,25,0,English,15.wav,data/Emotify\classical\15.wav
15,classical,0,1,1,1,0,0,0,0,0,3,1,0,23,1,French,15.wav,data/Emotify\classical\15.wav
15,classical,0,0,0,0,1,0,0,0,1,4,1,0,25,1,English,15.wav,data/Emotify\classical\15.wav
15,classical,0,1,0,1,0,0,1,0,0,4,1,0,27,1,French,15.wav,data/Emotify\classical\15.wav
15,classical,0,0,0,0,1,0,0,0,0,3,0,0,42,1,Tamil,15.wav,data/Emotify\classical\15.wav
15,classical,0,1,0,0,1,0,0,0,0,4,0,0,36,1,Spanish,15.wav,data/Emotify\classical\15.wav
15,classical,0,0,0,0,0,0,0,0,1,3,0,0,24,0,Russian,15.wav,data/Emotify\classical\15.wav
15,classical,0,0,0,0,0,0,0,0,1,5,1,0,22,0,English,15.wav,data/Emotify\classical\15.wav
15,classical,0,0,0,1,0,0,0,1,1,3,0,0,33,0,Russian,15.wav,data/Emotify\classical\15.wav
15,classical,0,1,1,0,0,0,0,0,1,4,0,0,22,1,English,15.wav,data/Emotify\classical\15.wav
15,classical,0,0,0,1,0,0,0,1,1,4,1,0,30,0,Dutch,15.wav,data/Emotify\classical\15.wav
15,classical,0,0,1,0,1,0,0,0,1,3,1,0,48,1,Dutch,15.wav,data/Emotify\classical\15.wav
15,classical,0,0,0,1,0,0,0,0,0,4,1,0,19,1,Dutch,15.wav,data/Emotify\classical\15.wav
15,classical,0,0,0,0,1,0,0,0,0,4,0,1,39,0,English,15.wav,data/Emotify\classical\15.wav
16,classical,0,0,0,0,0,1,0,1,0,5,0,0,46,1,Dutch,16.wav,data/Emotify\classical\16.wav
16,classical,0,0,0,0,0,1,0,1,0,3,1,0,21,0,Dutch,16.wav,data/Emotify\classical\16.wav
16,classical,1,0,1,0,0,1,0,0,0,4,1,0,30,1,English,16.wav,data/Emotify\classical\16.wav
16,classical,0,0,0,0,0,0,0,1,0,5,0,1,25,1,English,16.wav,data/Emotify\classical\16.wav
16,classical,0,0,0,0,0,0,0,1,0,4,0,0,26,0,English,16.wav,data/Emotify\classical\16.wav
16,classical,0,0,0,0,0,1,0,1,0,3,0,0,24,1,English,16.wav,data/Emotify\classical\16.wav
16,classical,0,0,0,0,0,1,1,0,0,3,0,0,32,0,English,16.wav,data/Emotify\classical\16.wav
16,classical,0,0,0,0,0,1,0,0,0,2,0,0,37,0,German,16.wav,data/Emotify\classical\16.wav
16,classical,0,0,0,0,0,1,0,1,0,5,0,0,73,0,English,16.wav,data/Emotify\classical\16.wav
16,classical,1,1,0,0,0,0,0,1,0,4,0,0,38,1,Chinese,16.wav,data/Emotify\classical\16.wav
16,classical,0,0,1,0,0,1,0,0,1,5,1,0,61,0,English,16.wav,data/Emotify\classical\16.wav
16,classical,0,0,0,0,0,1,0,1,0,4,0,0,69,1,German,16.wav,data/Emotify\classical\16.wav
16,classical,0,1,0,0,0,0,0,1,0,3,0,0,28,0,Russian,16.wav,data/Emotify\classical\16.wav
16,classical,0,1,0,0,1,1,0,0,0,3,1,0,23,1,English,16.wav,data/Emotify\classical\16.wav
16,classical,0,1,0,0,0,1,0,1,0,4,0,0,24,0,English,16.wav,data/Emotify\classical\16.wav
16,classical,0,0,0,0,0,1,0,0,0,5,1,0,30,1,English,16.wav,data/Emotify\classical\16.wav
16,classical,0,1,0,0,0,1,0,0,0,4,1,0,41,1,Russian,16.wav,data/Emotify\classical\16.wav
16,classical,0,0,0,0,0,1,0,0,0,5,1,0,54,0,German,16.wav,data/Emotify\classical\16.wav
16,classical,0,1,0,0,0,1,0,1,0,4,0,0,34,0,English,16.wav,data/Emotify\classical\16.wav
16,classical,0,0,0,0,0,0,0,1,0,5,0,0,44,0,Arabic,16.wav,data/Emotify\classical\16.wav
16,classical,0,1,0,0,0,1,0,1,0,2,0,0,33,0,Russian,16.wav,data/Emotify\classical\16.wav
16,classical,1,0,0,0,0,1,0,1,0,5,0,0,55,0,Dutch,16.wav,data/Emotify\classical\16.wav
16,classical,0,0,0,0,0,0,0,1,1,5,1,0,25,1,Russian,16.wav,data/Emotify\classical\16.wav
16,classical,0,0,0,0,0,0,0,1,1,5,1,0,25,1,Russian,16.wav,data/Emotify\classical\16.wav
16,classical,0,0,0,0,0,0,0,1,0,3,0,0,20,0,Dutch,16.wav,data/Emotify\classical\16.wav
16,classical,0,1,0,0,0,0,0,1,0,3,0,0,33,0,Russian,16.wav,data/Emotify\classical\16.wav
16,classical,0,0,0,0,0,1,0,1,0,2,1,0,23,0,English,16.wav,data/Emotify\classical\16.wav
16,classical,0,1,0,0,0,1,1,0,0,3,1,0,25,0,English,16.wav,data/Emotify\classical\16.wav
16,classical,0,0,0,0,0,0,0,1,0,4,0,0,43,0,French,16.wav,data/Emotify\classical\16.wav
16,classical,0,0,0,0,0,0,0,1,1,4,1,0,25,1,English,16.wav,data/Emotify\classical\16.wav
16,classical,0,1,0,0,0,1,0,1,0,4,1,0,27,1,French,16.wav,data/Emotify\classical\16.wav
16,classical,0,0,0,0,0,1,0,0,0,4,1,0,20,0,English,16.wav,data/Emotify\classical\16.wav
16,classical,0,0,0,1,0,1,0,0,1,3,1,0,50,0,English,16.wav,data/Emotify\classical\16.wav
16,classical,0,1,0,0,0,1,0,1,0,3,0,1,24,0,English,16.wav,data/Emotify\classical\16.wav
16,classical,0,0,0,0,0,1,0,0,0,3,0,0,24,0,Russian,16.wav,data/Emotify\classical\16.wav
16,classical,0,0,0,0,0,0,0,1,0,3,0,0,33,0,Russian,16.wav,data/Emotify\classical\16.wav
16,classical,0,0,0,0,0,1,1,1,0,4,1,0,24,1,Russian,16.wav,data/Emotify\classical\16.wav
16,classical,0,0,0,0,0,1,0,1,0,2,0,0,46,1,Greek,16.wav,data/Emotify\classical\16.wav
16,classical,0,0,0,0,0,1,0,1,1,4,0,0,16,1,Swedish,16.wav,data/Emotify\classical\16.wav
16,classical,0,0,0,0,0,1,0,0,0,4,1,0,32,1,Spanish,16.wav,data/Emotify\classical\16.wav
16,classical,1,0,0,0,0,1,1,0,0,4,1,0,39,0,English,16.wav,data/Emotify\classical\16.wav
16,classical,0,1,0,0,0,0,0,0,0,3,1,0,30,1,English,16.wav,data/Emotify\classical\16.wav
16,classical,0,0,0,0,0,1,1,1,0,5,1,0,56,0,English,16.wav,data/Emotify\classical\16.wav
16,classical,0,0,0,1,0,1,0,0,0,4,1,0,31,1,English,16.wav,data/Emotify\classical\16.wav
17,classical,0,0,1,1,0,0,0,0,0,5,0,0,73,0,English,17.wav,data/Emotify\classical\17.wav
17,classical,0,0,1,1,1,0,0,0,0,3,1,0,21,0,Dutch,17.wav,data/Emotify\classical\17.wav
17,classical,0,0,0,0,1,0,0,0,0,3,1,0,37,1,English,17.wav,data/Emotify\classical\17.wav
17,classical,0,0,1,0,1,0,0,0,0,2,0,0,35,1,English,17.wav,data/Emotify\classical\17.wav
17,classical,0,0,1,0,0,0,0,0,1,4,0,0,26,0,English,17.wav,data/Emotify\classical\17.wav
17,classical,0,0,1,0,1,0,0,0,0,3,0,0,32,0,English,17.wav,data/Emotify\classical\17.wav
17,classical,0,1,0,1,0,0,0,0,1,3,1,0,43,1,English,17.wav,data/Emotify\classical\17.wav
17,classical,0,0,0,1,1,0,0,0,1,4,0,0,38,1,Chinese,17.wav,data/Emotify\classical\17.wav
17,classical,0,0,1,1,0,0,0,0,0,4,0,0,69,1,German,17.wav,data/Emotify\classical\17.wav
17,classical,0,1,1,0,1,0,0,0,0,4,1,0,36,1,English,17.wav,data/Emotify\classical\17.wav
17,classical,0,0,1,0,0,0,0,0,1,4,1,0,19,1,English,17.wav,data/Emotify\classical\17.wav
17,classical,0,0,1,1,1,0,0,0,0,5,1,0,56,0,English,17.wav,data/Emotify\classical\17.wav
17,classical,1,0,1,0,1,0,0,0,0,5,1,0,30,1,English,17.wav,data/Emotify\classical\17.wav
17,classical,0,1,0,0,1,0,0,0,0,5,1,0,54,0,German,17.wav,data/Emotify\classical\17.wav
17,classical,0,0,1,0,1,0,0,0,0,4,1,0,25,1,English,17.wav,data/Emotify\classical\17.wav
17,classical,0,0,1,0,1,0,0,1,0,4,1,0,34,0,English,17.wav,data/Emotify\classical\17.wav
17,classical,0,0,0,1,1,0,0,0,0,5,0,0,35,0,Russian,17.wav,data/Emotify\classical\17.wav
17,classical,0,0,1,1,1,0,0,0,0,4,1,0,21,0,English,17.wav,data/Emotify\classical\17.wav
17,classical,0,0,0,1,0,0,0,0,0,5,0,0,44,0,Arabic,17.wav,data/Emotify\classical\17.wav
17,classical,0,0,0,1,1,0,0,0,0,2,0,0,48,1,German,17.wav,data/Emotify\classical\17.wav
17,classical,0,0,0,0,0,0,0,1,1,4,0,0,33,0,English,17.wav,data/Emotify\classical\17.wav
17,classical,0,0,1,1,1,0,0,0,0,5,1,0,55,0,Dutch,17.wav,data/Emotify\classical\17.wav
17,classical,1,0,1,0,1,0,0,0,0,5,1,0,25,1,Russian,17.wav,data/Emotify\classical\17.wav
17,classical,0,0,1,0,1,0,0,0,0,3,0,0,33,0,Russian,17.wav,data/Emotify\classical\17.wav
17,classical,0,0,1,1,1,0,0,0,0,2,1,0,31,0,English,17.wav,data/Emotify\classical\17.wav
17,classical,0,0,0,0,1,0,0,0,0,2,1,0,46,1,Greek,17.wav,data/Emotify\classical\17.wav
17,classical,0,1,0,1,0,0,0,0,0,2,1,0,23,0,English,17.wav,data/Emotify\classical\17.wav
17,classical,0,0,0,1,0,0,0,0,1,4,0,0,20,0,English,17.wav,data/Emotify\classical\17.wav
17,classical,0,1,1,0,1,0,0,0,0,3,1,0,25,0,English,17.wav,data/Emotify\classical\17.wav
17,classical,0,0,1,0,1,0,0,0,0,4,1,0,32,1,Spanish,17.wav,data/Emotify\classical\17.wav
17,classical,0,1,0,1,1,0,0,0,0,4,1,0,27,1,French,17.wav,data/Emotify\classical\17.wav
17,classical,0,0,1,1,0,0,0,0,1,3,1,0,20,0,English,17.wav,data/Emotify\classical\17.wav
17,classical,0,0,1,0,0,0,0,0,0,3,0,0,24,0,Russian,17.wav,data/Emotify\classical\17.wav
17,classical,1,0,1,0,1,0,0,0,0,3,0,0,33,0,Russian,17.wav,data/Emotify\classical\17.wav
17,classical,0,1,1,0,1,0,0,0,0,4,1,0,39,0,English,17.wav,data/Emotify\classical\17.wav
17,classical,0,0,0,1,1,0,0,0,0,4,1,0,31,1,English,17.wav,data/Emotify\classical\17.wav
17,classical,0,0,0,1,1,0,0,0,1,4,0,0,28,0,English,17.wav,data/Emotify\classical\17.wav
17,classical,0,0,1,1,1,0,0,0,0,4,1,0,30,1,English,17.wav,data/Emotify\classical\17.wav
17,classical,1,0,1,0,1,0,0,0,0,2,0,0,37,0,German,17.wav,data/Emotify\classical\17.wav
18,classical,0,0,0,0,0,0,1,0,0,3,0,0,32,0,English,18.wav,data/Emotify\classical\18.wav
18,classical,1,0,0,0,0,0,1,0,0,5,1,0,29,1,Russian,18.wav,data/Emotify\classical\18.wav
18,classical,0,0,0,0,0,0,1,0,0,4,0,0,36,1,English,18.wav,data/Emotify\classical\18.wav
18,classical,0,0,0,0,0,0,1,0,0,3,1,0,29,1,Russian,18.wav,data/Emotify\classical\18.wav
18,classical,1,0,0,0,0,0,1,1,0,4,0,0,38,1,Chinese,18.wav,data/Emotify\classical\18.wav
18,classical,1,1,0,0,0,0,0,0,0,3,1,0,24,1,Russian,18.wav,data/Emotify\classical\18.wav
18,classical,0,0,0,0,0,1,1,0,0,4,0,0,19,1,English,18.wav,data/Emotify\classical\18.wav
18,classical,0,0,0,0,0,0,1,0,0,5,1,0,69,1,German,18.wav,data/Emotify\classical\18.wav
18,classical,0,1,0,0,0,0,0,0,0,5,1,0,56,0,English,18.wav,data/Emotify\classical\18.wav
18,classical,0,0,0,0,0,0,1,0,0,5,1,0,30,1,English,18.wav,data/Emotify\classical\18.wav
18,classical,0,0,0,0,1,0,1,0,0,3,1,0,31,0,Russian,18.wav,data/Emotify\classical\18.wav
18,classical,1,0,1,0,0,0,1,0,0,4,1,0,24,0,English,18.wav,data/Emotify\classical\18.wav
18,classical,0,0,0,0,0,0,1,0,0,5,0,0,54,0,German,18.wav,data/Emotify\classical\18.wav
18,classical,0,1,0,0,0,0,1,0,0,4,0,1,34,0,English,18.wav,data/Emotify\classical\18.wav
18,classical,0,1,0,0,0,0,1,0,0,5,0,0,35,0,Russian,18.wav,data/Emotify\classical\18.wav
18,classical,1,0,0,0,0,0,1,0,0,4,1,0,28,0,English,18.wav,data/Emotify\classical\18.wav
18,classical,0,0,0,0,0,0,1,0,0,2,1,0,46,1,Greek,18.wav,data/Emotify\classical\18.wav
18,classical,0,1,0,0,0,0,0,0,0,4,1,0,41,1,Russian,18.wav,data/Emotify\classical\18.wav
18,classical,0,0,0,0,0,0,1,0,0,4,0,1,21,0,English,18.wav,data/Emotify\classical\18.wav
18,classical,0,0,0,0,1,0,1,0,0,3,0,0,26,0,English,18.wav,data/Emotify\classical\18.wav
18,classical,0,0,0,0,0,0,0,1,0,4,0,0,33,0,English,18.wav,data/Emotify\classical\18.wav
18,classical,0,1,0,0,0,0,0,0,0,5,1,0,44,0,Arabic,18.wav,data/Emotify\classical\18.wav
18,classical,1,0,1,0,0,0,1,0,0,5,1,0,25,1,Russian,18.wav,data/Emotify\classical\18.wav
18,classical,1,0,0,0,0,1,1,0,0,5,1,0,19,1,English,18.wav,data/Emotify\classical\18.wav
18,classical,0,0,0,0,1,0,1,0,0,4,1,0,18,0,English,18.wav,data/Emotify\classical\18.wav
18,classical,1,1,0,0,0,0,1,0,0,5,0,0,55,0,Dutch,18.wav,data/Emotify\classical\18.wav
18,classical,1,0,1,0,0,0,1,0,0,5,1,0,25,1,Russian,18.wav,data/Emotify\classical\18.wav
18,classical,0,1,0,0,0,0,0,0,0,2,1,0,23,0,Russian,18.wav,data/Emotify\classical\18.wav
18,classical,1,0,0,0,0,1,1,0,0,2,0,0,27,1,English,18.wav,data/Emotify\classical\18.wav
18,classical,0,0,0,1,0,0,1,0,0,3,0,0,33,0,Russian,18.wav,data/Emotify\classical\18.wav
18,classical,1,0,0,0,0,1,1,0,0,2,1,0,31,0,English,18.wav,data/Emotify\classical\18.wav
18,classical,0,0,0,0,0,0,1,0,0,2,0,1,23,0,English,18.wav,data/Emotify\classical\18.wav
18,classical,1,0,0,0,0,0,0,0,0,4,0,0,20,0,English,18.wav,data/Emotify\classical\18.wav
18,classical,1,1,0,0,0,1,0,0,0,3,1,0,20,0,English,18.wav,data/Emotify\classical\18.wav
18,classical,1,0,0,1,0,0,1,0,0,3,0,0,25,0,English,18.wav,data/Emotify\classical\18.wav
18,classical,1,0,0,0,1,0,1,0,0,4,1,0,27,1,French,18.wav,data/Emotify\classical\18.wav
18,classical,1,0,0,0,0,0,1,0,0,4,0,0,43,0,French,18.wav,data/Emotify\classical\18.wav
18,classical,0,0,0,0,0,0,1,0,0,3,0,0,24,0,Russian,18.wav,data/Emotify\classical\18.wav
18,classical,0,0,0,0,1,0,1,0,0,4,0,0,25,0,English,18.wav,data/Emotify\classical\18.wav
18,classical,1,0,0,1,0,0,0,0,0,3,0,0,50,0,English,18.wav,data/Emotify\classical\18.wav
18,classical,0,0,0,0,0,0,1,0,0,3,0,0,33,0,Russian,18.wav,data/Emotify\classical\18.wav
18,classical,1,0,0,0,0,0,1,0,0,4,0,0,28,0,English,18.wav,data/Emotify\classical\18.wav
18,classical,0,0,0,0,0,0,1,0,0,5,1,0,73,0,English,18.wav,data/Emotify\classical\18.wav
18,classical,0,0,0,0,1,0,1,0,0,2,1,0,37,0,German,18.wav,data/Emotify\classical\18.wav
18,classical,1,0,0,0,0,0,1,0,0,2,1,0,31,1,Greek,18.wav,data/Emotify\classical\18.wav
18,classical,0,0,0,0,0,0,1,0,0,4,0,0,31,1,English,18.wav,data/Emotify\classical\18.wav
18,classical,0,0,0,1,0,0,1,0,0,5,1,0,56,0,English,18.wav,data/Emotify\classical\18.wav
18,classical,0,0,0,1,0,0,0,0,0,2,0,1,26,0,German,18.wav,data/Emotify\classical\18.wav
18,classical,0,0,0,0,0,0,1,0,0,4,1,0,25,1,English,18.wav,data/Emotify\classical\18.wav
18,classical,0,0,0,0,0,0,1,0,0,5,1,0,46,1,Dutch,18.wav,data/Emotify\classical\18.wav
18,classical,0,0,0,1,0,0,1,0,0,4,1,0,26,0,English,18.wav,data/Emotify\classical\18.wav
19,classical,0,0,1,0,1,0,0,0,0,4,1,0,36,1,English,19.wav,data/Emotify\classical\19.wav
19,classical,0,1,1,0,0,1,0,0,0,4,1,0,50,1,Italian,19.wav,data/Emotify\classical\19.wav
19,classical,0,0,1,1,1,0,0,0,0,4,0,0,38,1,Chinese,19.wav,data/Emotify\classical\19.wav
19,classical,0,0,1,1,0,0,0,0,0,2,1,0,46,1,Greek,19.wav,data/Emotify\classical\19.wav
19,classical,1,0,0,0,1,0,0,0,0,4,1,0,29,1,English,19.wav,data/Emotify\classical\19.wav
19,classical,0,1,0,0,1,0,0,0,0,3,1,0,26,0,English,19.wav,data/Emotify\classical\19.wav
19,classical,0,0,1,1,1,0,0,0,0,5,1,0,55,0,Dutch,19.wav,data/Emotify\classical\19.wav
19,classical,0,0,1,0,0,0,0,0,0,2,1,0,23,0,Russian,19.wav,data/Emotify\classical\19.wav
19,classical,0,1,0,0,0,0,0,0,0,5,1,0,69,1,German,19.wav,data/Emotify\classical\19.wav
19,classical,0,1,1,0,1,0,0,0,0,5,1,0,56,0,English,19.wav,data/Emotify\classical\19.wav
19,classical,0,0,0,0,0,0,0,1,1,3,0,1,31,0,Russian,19.wav,data/Emotify\classical\19.wav
19,classical,0,1,0,0,1,0,0,0,0,4,1,0,23,0,English,19.wav,data/Emotify\classical\19.wav
19,classical,0,1,0,0,0,0,0,1,0,4,1,0,28,0,English,19.wav,data/Emotify\classical\19.wav
19,classical,0,0,0,0,1,0,0,0,0,2,0,1,23,0,English,19.wav,data/Emotify\classical\19.wav
19,classical,0,0,0,0,1,0,0,0,0,4,0,0,34,0,English,19.wav,data/Emotify\classical\19.wav
19,classical,0,0,0,0,0,0,0,0,1,5,0,0,35,0,Russian,19.wav,data/Emotify\classical\19.wav
19,classical,0,0,0,1,0,0,0,0,0,4,1,0,41,1,Russian,19.wav,data/Emotify\classical\19.wav
19,classical,0,0,0,0,1,1,0,0,0,4,1,0,18,0,English,19.wav,data/Emotify\classical\19.wav
19,classical,0,0,1,0,0,0,0,0,0,5,0,0,44,0,Arabic,19.wav,data/Emotify\classical\19.wav
19,classical,0,1,0,0,1,0,0,0,0,4,1,0,25,0,English,19.wav,data/Emotify\classical\19.wav
19,classical,0,0,1,1,0,0,0,0,1,5,0,1,19,1,English,19.wav,data/Emotify\classical\19.wav
19,classical,0,0,0,0,1,0,0,0,0,4,1,1,25,1,English,19.wav,data/Emotify\classical\19.wav
19,classical,1,0,0,0,1,0,1,0,0,4,1,0,26,1,English,19.wav,data/Emotify\classical\19.wav
19,classical,0,0,0,0,1,0,0,0,0,2,1,0,31,0,English,19.wav,data/Emotify\classical\19.wav
19,classical,1,1,0,0,0,0,1,0,0,2,0,0,31,1,Greek,19.wav,data/Emotify\classical\19.wav
19,classical,0,0,0,1,0,0,0,0,1,3,0,0,33,0,Russian,19.wav,data/Emotify\classical\19.wav
19,classical,0,0,1,0,1,0,0,0,1,3,0,0,25,0,English,19.wav,data/Emotify\classical\19.wav
19,classical,0,0,1,1,1,0,0,0,0,4,0,0,27,1,French,19.wav,data/Emotify\classical\19.wav
19,classical,1,1,1,0,0,0,0,0,0,4,0,0,43,0,French,19.wav,data/Emotify\classical\19.wav
19,classical,0,0,1,0,1,0,0,0,0,5,1,0,73,0,English,19.wav,data/Emotify\classical\19.wav
19,classical,1,0,0,0,0,0,0,0,0,3,0,0,24,0,Russian,19.wav,data/Emotify\classical\19.wav
19,classical,0,1,0,0,0,0,0,0,0,3,1,0,33,1,German,19.wav,data/Emotify\classical\19.wav
19,classical,0,0,0,0,0,0,0,1,1,3,0,1,23,0,English,19.wav,data/Emotify\classical\19.wav
19,classical,0,0,0,1,1,0,0,0,0,3,0,0,50,0,English,19.wav,data/Emotify\classical\19.wav
19,classical,0,0,0,1,0,0,0,0,0,3,0,0,33,0,Russian,19.wav,data/Emotify\classical\19.wav
19,classical,0,0,0,0,0,0,0,1,0,3,0,0,20,0,English,19.wav,data/Emotify\classical\19.wav
19,classical,0,1,0,0,1,0,0,0,0,4,1,0,19,0,English,19.wav,data/Emotify\classical\19.wav
19,classical,0,1,0,1,0,0,0,0,1,3,1,0,33,1,English,19.wav,data/Emotify\classical\19.wav
19,classical,0,0,1,1,1,0,0,0,0,5,1,0,29,1,Russian,19.wav,data/Emotify\classical\19.wav
19,classical,0,1,0,1,0,0,0,0,1,5,1,0,56,0,English,19.wav,data/Emotify\classical\19.wav
19,classical,0,1,0,0,0,0,0,0,0,4,0,0,31,1,English,19.wav,data/Emotify\classical\19.wav
19,classical,0,0,0,0,0,0,0,1,0,4,0,1,18,0,Swedish,19.wav,data/Emotify\classical\19.wav
19,classical,0,0,0,0,0,0,0,0,1,5,0,0,54,0,German,19.wav,data/Emotify\classical\19.wav
19,classical,0,1,1,0,0,0,0,0,0,3,0,0,32,0,English,19.wav,data/Emotify\classical\19.wav
19,classical,0,0,0,1,1,0,0,0,0,5,0,0,46,1,Dutch,19.wav,data/Emotify\classical\19.wav
19,classical,0,0,0,0,0,0,0,0,1,3,0,1,46,0,English,19.wav,data/Emotify\classical\19.wav
19,classical,0,1,1,0,1,0,0,0,0,4,0,0,15,1,English,19.wav,data/Emotify\classical\19.wav
20,classical,0,1,1,0,1,0,0,0,0,4,1,0,50,1,Italian,20.wav,data/Emotify\classical\20.wav
20,classical,0,1,1,0,0,0,0,1,0,4,0,0,38,1,Chinese,20.wav,data/Emotify\classical\20.wav
20,classical,0,0,0,0,1,1,0,0,0,4,1,0,29,1,English,20.wav,data/Emotify\classical\20.wav
20,classical,0,1,1,0,0,0,1,0,0,5,1,0,67,0,English,20.wav,data/Emotify\classical\20.wav
20,classical,0,1,0,0,0,0,0,0,0,4,1,0,62,1,French,20.wav,data/Emotify\classical\20.wav
20,classical,0,1,0,0,0,0,0,1,1,3,1,0,33,0,Russian,20.wav,data/Emotify\classical\20.wav
20,classical,0,1,0,1,0,0,1,0,0,5,0,0,55,0,Dutch,20.wav,data/Emotify\classical\20.wav
20,classical,0,1,0,0,1,0,0,0,0,4,0,0,61,1,English,20.wav,data/Emotify\classical\20.wav
20,classical,0,0,0,0,1,0,0,0,0,4,0,0,32,0,English,20.wav,data/Emotify\classical\20.wav
20,classical,0,0,1,0,0,0,0,0,0,5,1,0,69,1,German,20.wav,data/Emotify\classical\20.wav
20,classical,0,0,0,0,0,0,0,0,1,5,1,0,56,0,English,20.wav,data/Emotify\classical\20.wav
20,classical,0,0,0,1,1,0,0,0,0,2,0,1,23,0,English,20.wav,data/Emotify\classical\20.wav
20,classical,0,0,0,0,0,0,0,1,1,3,0,1,31,0,Russian,20.wav,data/Emotify\classical\20.wav
20,classical,0,0,0,1,1,0,0,0,0,4,1,0,26,1,English,20.wav,data/Emotify\classical\20.wav
20,classical,0,1,0,0,0,0,0,0,1,4,1,0,25,0,English,20.wav,data/Emotify\classical\20.wav
20,classical,0,0,0,0,1,0,0,0,0,5,0,0,35,0,Russian,20.wav,data/Emotify\classical\20.wav
20,classical,0,0,0,0,0,0,0,0,1,4,1,0,41,1,Russian,20.wav,data/Emotify\classical\20.wav
20,classical,1,0,1,0,1,0,0,0,0,5,1,1,19,1,English,20.wav,data/Emotify\classical\20.wav
20,classical,0,0,0,0,1,0,0,0,0,5,0,0,44,0,Arabic,20.wav,data/Emotify\classical\20.wav
20,classical,0,0,0,1,0,0,0,1,1,2,0,0,20,0,Estonian,20.wav,data/Emotify\classical\20.wav
20,classical,0,0,1,1,1,0,0,0,0,2,1,0,31,0,English,20.wav,data/Emotify\classical\20.wav
20,classical,0,0,0,1,1,0,0,0,0,4,0,0,42,0,English,20.wav,data/Emotify\classical\20.wav
20,classical,0,1,0,1,0,0,0,0,1,3,0,0,33,0,Russian,20.wav,data/Emotify\classical\20.wav
20,classical,0,0,1,0,1,0,0,0,0,5,1,0,73,0,English,20.wav,data/Emotify\classical\20.wav
20,classical,0,1,0,1,0,0,0,0,1,3,1,0,25,1,English,20.wav,data/Emotify\classical\20.wav
20,classical,0,1,0,0,0,0,0,0,0,3,1,0,62,1,English,20.wav,data/Emotify\classical\20.wav
20,classical,1,0,0,0,1,0,0,1,0,4,0,0,43,0,French,20.wav,data/Emotify\classical\20.wav
20,classical,0,0,0,0,1,0,0,0,0,3,1,0,45,0,Greek,20.wav,data/Emotify\classical\20.wav
20,classical,0,0,0,0,1,0,0,0,0,3,1,0,33,1,German,20.wav,data/Emotify\classical\20.wav
20,classical,0,0,0,0,0,0,0,1,1,4,1,0,27,0,English,20.wav,data/Emotify\classical\20.wav
20,classical,1,0,0,0,0,1,0,0,0,3,1,0,23,0,English,20.wav,data/Emotify\classical\20.wav
20,classical,0,0,0,0,0,0,0,1,1,3,0,0,33,0,Russian,20.wav,data/Emotify\classical\20.wav
20,classical,0,1,0,1,0,0,0,0,1,5,1,0,56,0,English,20.wav,data/Emotify\classical\20.wav
20,classical,0,1,0,1,0,0,0,1,0,3,1,0,34,0,English,20.wav,data/Emotify\classical\20.wav
20,classical,0,1,0,0,1,0,0,0,0,3,0,0,32,1,English,20.wav,data/Emotify\classical\20.wav
20,classical,0,1,0,1,0,0,0,1,0,4,0,0,31,1,English,20.wav,data/Emotify\classical\20.wav
20,classical,0,0,0,0,1,0,0,0,1,5,0,0,54,0,German,20.wav,data/Emotify\classical\20.wav
20,classical,0,0,0,0,1,0,0,0,0,4,1,0,18,0,Swedish,20.wav,data/Emotify\classical\20.wav
20,classical,0,0,0,0,1,0,0,0,0,3,1,0,46,0,English,20.wav,data/Emotify\classical\20.wav
20,classical,0,1,0,0,0,0,1,0,0,2,1,0,31,1,Greek,20.wav,data/Emotify\classical\20.wav
20,classical,0,1,0,0,1,0,0,0,0,3,0,0,26,0,English,20.wav,data/Emotify\classical\20.wav
20,classical,1,1,0,0,1,0,0,0,0,2,1,0,22,0,Dutch,20.wav,data/Emotify\classical\20.wav
20,classical,0,0,0,1,1,0,0,0,0,5,1,0,46,1,Dutch,20.wav,data/Emotify\classical\20.wav
20,classical,0,0,0,1,1,0,0,0,0,2,1,0,46,1,Greek,20.wav,data/Emotify\classical\20.wav
20,classical,0,1,0,1,0,0,0,0,1,4,0,0,15,1,English,20.wav,data/Emotify\classical\20.wav
21,classical,0,0,0,1,1,0,0,0,0,4,1,0,29,1,English,21.wav,data/Emotify\classical\21.wav
21,classical,1,0,0,0,1,0,1,0,0,5,1,0,67,0,English,21.wav,data/Emotify\classical\21.wav
21,classical,1,0,0,0,1,0,1,0,0,4,1,0,26,1,English,21.wav,data/Emotify\classical\21.wav
21,classical,0,0,0,0,1,0,0,0,0,4,1,0,62,1,French,21.wav,data/Emotify\classical\21.wav
21,classical,0,0,1,1,1,0,0,0,0,5,0,0,55,0,Dutch,21.wav,data/Emotify\classical\21.wav
21,classical,0,1,1,0,1,0,0,0,0,3,1,0,62,0,Dutch,21.wav,data/Emotify\classical\21.wav
21,classical,0,0,1,0,0,0,0,0,0,3,1,0,30,0,English,21.wav,data/Emotify\classical\21.wav
21,classical,0,0,1,0,0,0,0,0,0,5,1,0,33,0,Russian,21.wav,data/Emotify\classical\21.wav
21,classical,0,0,0,0,1,0,0,0,0,4,0,0,61,1,English,21.wav,data/Emotify\classical\21.wav
21,classical,0,0,0,1,1,0,0,0,0,5,0,0,69,1,German,21.wav,data/Emotify\classical\21.wav
21,classical,0,1,0,0,1,0,0,0,0,5,1,0,56,0,English,21.wav,data/Emotify\classical\21.wav
21,classical,0,0,0,0,0,0,0,1,1,3,0,1,31,0,Russian,21.wav,data/Emotify\classical\21.wav
21,classical,0,0,0,0,1,0,0,0,0,4,1,0,28,1,Russian,21.wav,data/Emotify\classical\21.wav
21,classical,1,0,1,0,0,0,0,0,0,4,1,0,41,1,Russian,21.wav,data/Emotify\classical\21.wav
21,classical,0,0,1,1,0,0,0,0,0,4,0,0,42,0,English,21.wav,data/Emotify\classical\21.wav
21,classical,1,0,0,1,1,0,0,0,0,5,0,1,19,1,English,21.wav,data/Emotify\classical\21.wav
21,classical,0,0,0,0,0,0,0,0,1,5,0,1,44,0,Arabic,21.wav,data/Emotify\classical\21.wav
21,classical,0,0,1,0,1,0,1,0,0,3,1,0,23,1,English,21.wav,data/Emotify\classical\21.wav
21,classical,0,0,0,0,1,0,0,0,0,3,1,0,45,0,Greek,21.wav,data/Emotify\classical\21.wav
21,classical,0,1,1,0,1,0,0,0,0,5,0,0,73,0,English,21.wav,data/Emotify\classical\21.wav
21,classical,0,0,1,1,0,0,0,0,0,4,0,1,23,1,German,21.wav,data/Emotify\classical\21.wav
21,classical,0,0,0,1,1,0,0,0,0,2,0,1,27,1,English,21.wav,data/Emotify\classical\21.wav
21,classical,0,0,1,0,1,0,0,0,0,3,0,1,25,1,English,21.wav,data/Emotify\classical\21.wav
21,classical,0,1,0,0,0,0,1,0,0,2,1,0,31,1,Greek,21.wav,data/Emotify\classical\21.wav
21,classical,0,0,0,1,1,0,0,0,1,4,0,0,53,0,English,21.wav,data/Emotify\classical\21.wav
21,classical,0,0,0,0,1,0,0,0,0,4,1,0,30,0,English,21.wav,data/Emotify\classical\21.wav
21,classical,0,0,1,0,1,0,0,0,0,3,0,0,33,0,Russian,21.wav,data/Emotify\classical\21.wav
21,classical,0,0,1,0,0,0,0,0,0,3,1,0,33,1,German,21.wav,data/Emotify\classical\21.wav
21,classical,0,1,0,0,1,0,0,0,0,5,1,0,54,0,German,21.wav,data/Emotify\classical\21.wav
21,classical,0,1,0,0,0,0,0,0,0,4,1,0,48,1,German,21.wav,data/Emotify\classical\21.wav
21,classical,0,1,0,0,0,0,0,0,0,5,0,0,28,0,Russian,21.wav,data/Emotify\classical\21.wav
21,classical,0,1,0,0,1,0,0,0,0,3,1,0,32,1,English,21.wav,data/Emotify\classical\21.wav
21,classical,1,0,1,0,0,0,1,0,0,4,0,0,16,1,Swedish,21.wav,data/Emotify\classical\21.wav
21,classical,0,0,0,1,1,0,0,0,0,4,0,0,31,1,English,21.wav,data/Emotify\classical\21.wav
21,classical,0,0,1,0,1,0,0,0,0,3,1,0,46,0,English,21.wav,data/Emotify\classical\21.wav
21,classical,1,0,0,0,1,0,1,0,0,4,1,0,59,0,English,21.wav,data/Emotify\classical\21.wav
21,classical,0,0,1,1,0,0,1,0,0,2,1,0,25,0,English,21.wav,data/Emotify\classical\21.wav
21,classical,0,0,0,0,1,0,0,0,0,4,1,0,18,0,Swedish,21.wav,data/Emotify\classical\21.wav
21,classical,0,0,0,0,0,0,0,0,1,2,0,1,46,1,Greek,21.wav,data/Emotify\classical\21.wav
21,classical,0,0,1,1,0,0,0,1,0,2,0,1,22,0,Dutch,21.wav,data/Emotify\classical\21.wav
21,classical,0,0,0,0,0,0,1,0,0,5,1,0,46,1,Dutch,21.wav,data/Emotify\classical\21.wav
21,classical,1,1,0,0,0,0,1,0,0,5,1,0,51,1,English,21.wav,data/Emotify\classical\21.wav
21,classical,0,1,1,0,1,0,0,0,0,4,1,0,50,1,Italian,21.wav,data/Emotify\classical\21.wav
21,classical,0,0,0,1,1,1,0,0,0,2,0,0,26,1,Russian,21.wav,data/Emotify\classical\21.wav
21,classical,0,0,1,0,1,0,0,0,0,3,0,0,33,0,Russian,21.wav,data/Emotify\classical\21.wav
22,classical,0,0,1,0,1,0,1,0,0,3,1,0,62,0,Dutch,22.wav,data/Emotify\classical\22.wav
22,classical,1,0,0,0,0,0,0,0,0,5,1,0,33,0,Russian,22.wav,data/Emotify\classical\22.wav
22,classical,0,0,0,1,1,0,0,0,1,4,0,1,23,0,English,22.wav,data/Emotify\classical\22.wav
22,classical,0,1,0,0,0,0,1,0,0,5,0,0,56,0,English,22.wav,data/Emotify\classical\22.wav
22,classical,0,0,1,0,1,0,0,0,0,5,1,0,57,0,English,22.wav,data/Emotify\classical\22.wav
22,classical,0,0,1,0,0,0,0,0,0,5,0,0,35,0,Russian,22.wav,data/Emotify\classical\22.wav
22,classical,0,0,0,0,1,0,0,0,0,3,0,0,26,0,Russian,22.wav,data/Emotify\classical\22.wav
22,classical,0,0,1,0,0,0,1,0,0,2,0,0,31,1,Greek,22.wav,data/Emotify\classical\22.wav
22,classical,0,1,1,0,0,0,1,0,0,3,1,0,56,0,English,22.wav,data/Emotify\classical\22.wav
22,classical,0,0,1,0,0,0,1,0,0,4,0,0,28,1,Russian,22.wav,data/Emotify\classical\22.wav
22,classical,0,1,1,0,1,0,0,0,0,5,0,0,73,0,English,22.wav,data/Emotify\classical\22.wav
22,classical,0,0,0,0,0,0,0,0,1,5,0,0,44,0,Arabic,22.wav,data/Emotify\classical\22.wav
22,classical,0,1,0,0,0,0,0,0,0,4,1,0,48,1,German,22.wav,data/Emotify\classical\22.wav
22,classical,1,0,1,0,0,0,0,0,0,4,0,0,23,1,German,22.wav,data/Emotify\classical\22.wav
22,classical,1,1,0,0,0,0,0,1,0,3,0,1,25,1,English,22.wav,data/Emotify\classical\22.wav
22,classical,1,0,0,0,0,0,1,0,0,5,1,0,54,0,German,22.wav,data/Emotify\classical\22.wav
22,classical,0,0,1,0,1,0,1,0,0,4,0,0,53,0,English,22.wav,data/Emotify\classical\22.wav
22,classical,0,0,0,0,0,0,0,1,0,4,0,1,30,0,English,22.wav,data/Emotify\classical\22.wav
22,classical,0,0,1,0,1,0,0,0,0,3,0,0,20,0,Russian,22.wav,data/Emotify\classical\22.wav
22,classical,0,1,0,1,0,0,1,0,0,3,1,0,33,0,Russian,22.wav,data/Emotify\classical\22.wav
22,classical,0,0,0,0,1,0,0,0,0,3,1,0,33,1,German,22.wav,data/Emotify\classical\22.wav
22,classical,0,1,1,0,1,0,0,0,0,3,1,0,22,1,English,22.wav,data/Emotify\classical\22.wav
22,classical,0,0,1,0,0,0,1,0,0,3,1,0,32,1,English,22.wav,data/Emotify\classical\22.wav
22,classical,0,1,1,0,1,0,0,0,0,3,1,0,22,1,English,22.wav,data/Emotify\classical\22.wav
22,classical,0,0,0,0,0,0,0,1,0,2,0,1,25,0,English,22.wav,data/Emotify\classical\22.wav
22,classical,0,0,1,0,1,0,1,0,0,5,1,0,62,1,English,22.wav,data/Emotify\classical\22.wav
22,classical,0,0,1,0,1,0,1,0,0,3,0,0,46,0,English,22.wav,data/Emotify\classical\22.wav
22,classical,0,1,0,0,1,0,0,0,0,2,0,1,46,1,Greek,22.wav,data/Emotify\classical\22.wav
22,classical,1,0,0,0,1,1,0,0,0,4,1,0,18,0,Swedish,22.wav,data/Emotify\classical\22.wav
22,classical,0,0,1,0,0,0,1,0,0,4,1,0,21,1,English,22.wav,data/Emotify\classical\22.wav
22,classical,1,0,1,0,1,0,0,0,0,5,1,0,51,1,English,22.wav,data/Emotify\classical\22.wav
22,classical,1,1,0,0,0,0,1,0,0,5,0,0,46,1,Dutch,22.wav,data/Emotify\classical\22.wav
22,classical,0,0,1,0,1,0,1,0,0,5,1,0,67,0,English,22.wav,data/Emotify\classical\22.wav
22,classical,0,1,1,0,1,0,0,0,0,4,1,0,50,1,Italian,22.wav,data/Emotify\classical\22.wav
22,classical,0,0,0,0,0,1,1,1,0,2,0,0,26,1,Russian,22.wav,data/Emotify\classical\22.wav
22,classical,0,1,0,1,0,0,1,0,0,3,1,0,33,0,Russian,22.wav,data/Emotify\classical\22.wav
22,classical,0,0,0,1,0,0,1,0,1,3,1,0,33,0,Russian,22.wav,data/Emotify\classical\22.wav
22,classical,0,0,0,0,1,1,0,0,0,4,1,0,26,0,Russian,22.wav,data/Emotify\classical\22.wav
22,classical,1,0,1,1,0,0,0,0,0,3,0,0,27,1,Russian,22.wav,data/Emotify\classical\22.wav
22,classical,1,0,0,0,0,0,0,0,0,4,1,0,62,1,French,22.wav,data/Emotify\classical\22.wav
23,classical,0,1,0,0,0,0,0,0,0,3,1,0,26,0,Russian,23.wav,data/Emotify\classical\23.wav
23,classical,0,0,0,0,0,1,1,0,0,4,0,0,61,1,English,23.wav,data/Emotify\classical\23.wav
23,classical,0,1,0,0,0,0,1,0,0,4,1,0,48,1,German,23.wav,data/Emotify\classical\23.wav
23,classical,0,1,0,0,0,1,1,0,0,5,0,0,56,0,English,23.wav,data/Emotify\classical\23.wav
23,classical,1,0,0,0,0,0,0,0,0,3,0,0,24,1,English,23.wav,data/Emotify\classical\23.wav
23,classical,0,0,0,0,0,0,0,0,1,5,0,0,44,0,Arabic,23.wav,data/Emotify\classical\23.wav
23,classical,0,0,0,0,0,1,1,0,0,5,0,0,57,0,English,23.wav,data/Emotify\classical\23.wav
23,classical,0,0,0,0,0,0,1,0,0,3,1,0,45,0,Greek,23.wav,data/Emotify\classical\23.wav
23,classical,0,1,0,0,0,0,0,1,0,5,1,0,73,0,English,23.wav,data/Emotify\classical\23.wav
23,classical,0,0,0,0,0,0,1,0,0,3,0,0,56,0,English,23.wav,data/Emotify\classical\23.wav
23,classical,0,1,0,0,0,0,1,0,0,4,0,0,28,1,Russian,23.wav,data/Emotify\classical\23.wav
23,classical,0,1,0,0,0,0,1,0,1,3,1,0,33,0,Russian,23.wav,data/Emotify\classical\23.wav
23,classical,1,0,0,0,0,0,1,0,0,3,1,0,44,0,English,23.wav,data/Emotify\classical\23.wav
23,classical,0,1,0,1,0,0,0,0,0,3,0,0,23,1,English,23.wav,data/Emotify\classical\23.wav
23,classical,0,0,0,0,0,1,1,0,0,3,1,0,25,0,English,23.wav,data/Emotify\classical\23.wav
23,classical,0,1,0,0,0,0,0,1,0,4,1,0,23,1,German,23.wav,data/Emotify\classical\23.wav
23,classical,0,1,0,0,1,0,0,0,0,4,0,0,53,0,English,23.wav,data/Emotify\classical\23.wav
23,classical,0,1,0,0,0,1,0,0,0,2,1,0,46,1,Greek,23.wav,data/Emotify\classical\23.wav
23,classical,0,0,0,0,0,0,0,1,0,4,0,1,30,0,English,23.wav,data/Emotify\classical\23.wav
23,classical,1,1,0,0,0,1,0,0,0,3,0,0,28,1,Russian,23.wav,data/Emotify\classical\23.wav
23,classical,0,0,0,0,0,0,1,0,0,3,1,0,33,1,German,23.wav,data/Emotify\classical\23.wav
23,classical,0,0,0,0,0,1,1,0,0,3,1,0,39,0,English,23.wav,data/Emotify\classical\23.wav
23,classical,1,0,0,0,0,1,1,0,0,5,1,0,51,1,English,23.wav,data/Emotify\classical\23.wav
23,classical,0,1,0,0,0,1,1,0,0,2,1,0,25,0,English,23.wav,data/Emotify\classical\23.wav
23,classical,0,0,0,0,0,0,0,0,1,5,0,0,28,0,Russian,23.wav,data/Emotify\classical\23.wav
23,classical,0,0,0,0,0,0,1,0,0,3,1,0,32,1,English,23.wav,data/Emotify\classical\23.wav
23,classical,0,1,0,1,0,0,0,0,0,3,1,0,35,0,Italian,23.wav,data/Emotify\classical\23.wav
23,classical,0,0,0,0,0,1,1,0,0,3,1,0,46,0,English,23.wav,data/Emotify\classical\23.wav
23,classical,0,0,0,0,0,0,1,0,0,4,1,0,18,0,Swedish,23.wav,data/Emotify\classical\23.wav
23,classical,0,0,0,0,0,0,1,0,0,4,0,0,31,0,Polish,23.wav,data/Emotify\classical\23.wav
23,classical,1,0,0,0,0,1,1,0,0,4,1,0,59,0,English,23.wav,data/Emotify\classical\23.wav
23,classical,0,1,0,0,0,1,1,0,0,4,0,0,31,1,English,23.wav,data/Emotify\classical\23.wav
23,classical,0,0,0,0,0,1,1,0,0,5,1,0,46,1,Dutch,23.wav,data/Emotify\classical\23.wav
23,classical,0,1,0,1,0,0,0,0,1,3,1,0,33,0,Russian,23.wav,data/Emotify\classical\23.wav
23,classical,1,1,0,0,0,0,0,1,0,3,1,0,33,0,Russian,23.wav,data/Emotify\classical\23.wav
23,classical,1,1,0,0,0,0,1,0,0,5,1,0,67,0,English,23.wav,data/Emotify\classical\23.wav
23,classical,0,1,0,0,1,1,0,0,0,3,0,0,18,1,English,23.wav,data/Emotify\classical\23.wav
23,classical,0,1,0,0,0,0,1,0,0,3,1,0,58,0,English,23.wav,data/Emotify\classical\23.wav
23,classical,0,0,1,0,0,1,1,0,0,4,1,0,23,0,English,23.wav,data/Emotify\classical\23.wav
23,classical,0,1,1,0,0,1,0,0,0,4,1,0,50,1,Italian,23.wav,data/Emotify\classical\23.wav
23,classical,0,1,0,1,0,0,1,0,0,3,0,0,27,1,Russian,23.wav,data/Emotify\classical\23.wav
23,classical,0,0,0,0,0,0,1,0,0,4,1,0,62,1,French,23.wav,data/Emotify\classical\23.wav
23,classical,0,0,0,0,0,0,1,0,0,3,0,0,53,1,English,23.wav,data/Emotify\classical\23.wav
23,classical,0,0,0,0,0,0,0,1,0,5,1,0,33,0,Russian,23.wav,data/Emotify\classical\23.wav
23,classical,0,0,0,0,0,1,1,0,0,4,1,0,23,1,Swedish,23.wav,data/Emotify\classical\23.wav
23,classical,0,1,0,0,0,0,0,0,0,5,0,0,35,0,Russian,23.wav,data/Emotify\classical\23.wav
24,classical,0,0,0,0,0,1,1,0,0,3,0,0,24,1,English,24.wav,data/Emotify\classical\24.wav
24,classical,0,1,0,0,0,1,0,0,0,4,1,0,25,1,Russian,24.wav,data/Emotify\classical\24.wav
24,classical,0,1,0,0,1,0,1,0,0,4,1,0,17,1,French,24.wav,data/Emotify\classical\24.wav
24,classical,0,0,0,0,0,1,1,1,0,5,0,1,73,0,English,24.wav,data/Emotify\classical\24.wav
24,classical,0,1,0,0,0,0,1,0,0,4,1,0,45,0,English,24.wav,data/Emotify\classical\24.wav
24,classical,1,0,0,0,0,0,1,0,0,3,1,0,53,0,English,24.wav,data/Emotify\classical\24.wav
24,classical,0,0,0,0,0,0,1,0,0,3,1,0,56,0,English,24.wav,data/Emotify\classical\24.wav
24,classical,0,0,0,0,0,0,0,1,0,4,0,1,28,1,Russian,24.wav,data/Emotify\classical\24.wav
24,classical,0,0,0,0,0,0,0,0,1,4,1,0,35,0,Russian,24.wav,data/Emotify\classical\24.wav
24,classical,0,0,0,0,0,0,1,1,1,3,1,0,33,0,Russian,24.wav,data/Emotify\classical\24.wav
24,classical,0,0,0,0,0,1,0,1,0,3,1,0,44,0,English,24.wav,data/Emotify\classical\24.wav
24,classical,0,1,0,0,0,0,0,1,0,3,0,0,23,1,English,24.wav,data/Emotify\classical\24.wav
24,classical,0,0,0,0,0,1,1,0,0,4,1,0,30,0,English,24.wav,data/Emotify\classical\24.wav
24,classical,0,0,0,0,1,0,1,0,0,4,0,0,53,0,English,24.wav,data/Emotify\classical\24.wav
24,classical,0,1,0,0,0,0,1,1,0,3,1,0,22,1,English,24.wav,data/Emotify\classical\24.wav
24,classical,0,1,0,0,0,0,0,1,0,3,1,0,25,0,English,24.wav,data/Emotify\classical\24.wav
24,classical,0,0,0,0,0,1,0,1,0,2,1,0,25,0,English,24.wav,data/Emotify\classical\24.wav
24,classical,0,0,0,0,0,0,0,1,1,4,1,0,23,1,German,24.wav,data/Emotify\classical\24.wav
24,classical,0,0,0,0,0,0,0,1,0,5,0,1,51,1,English,24.wav,data/Emotify\classical\24.wav
24,classical,0,0,0,0,0,0,1,0,0,3,0,1,33,1,German,24.wav,data/Emotify\classical\24.wav
24,classical,0,0,0,0,0,1,0,0,0,5,0,0,28,0,Russian,24.wav,data/Emotify\classical\24.wav
24,classical,0,0,0,0,0,1,0,1,0,3,1,0,46,0,English,24.wav,data/Emotify\classical\24.wav
24,classical,0,1,0,0,0,1,1,0,0,3,1,0,32,1,English,24.wav,data/Emotify\classical\24.wav
24,classical,1,0,0,0,0,1,1,0,0,4,1,0,18,0,Swedish,24.wav,data/Emotify\classical\24.wav
24,classical,0,1,0,0,0,1,0,1,0,3,1,0,35,0,Italian,24.wav,data/Emotify\classical\24.wav
24,classical,0,0,0,0,0,1,0,1,0,4,1,0,21,1,English,24.wav,data/Emotify\classical\24.wav
24,classical,0,1,0,0,0,1,0,0,0,5,1,0,27,1,Russian,24.wav,data/Emotify\classical\24.wav
24,classical,0,0,0,0,0,0,1,0,0,4,0,0,30,1,Russian,24.wav,data/Emotify\classical\24.wav
24,classical,0,0,0,0,0,0,1,0,0,4,0,0,31,0,Polish,24.wav,data/Emotify\classical\24.wav
24,classical,0,0,0,0,0,0,1,1,0,4,0,1,59,0,English,24.wav,data/Emotify\classical\24.wav
24,classical,0,0,0,0,0,0,1,0,0,4,1,0,31,1,English,24.wav,data/Emotify\classical\24.wav
24,classical,0,0,0,0,0,0,1,1,0,3,1,0,33,0,Russian,24.wav,data/Emotify\classical\24.wav
24,classical,0,0,0,0,0,1,0,1,1,3,1,0,33,0,Russian,24.wav,data/Emotify\classical\24.wav
24,classical,0,0,0,0,0,1,1,0,0,5,1,0,46,1,Dutch,24.wav,data/Emotify\classical\24.wav
24,classical,0,0,0,0,0,0,0,1,0,5,1,0,44,0,Arabic,24.wav,data/Emotify\classical\24.wav
24,classical,0,0,0,0,0,1,0,0,0,5,1,0,29,1,Russian,24.wav,data/Emotify\classical\24.wav
24,classical,1,1,0,0,0,0,1,0,0,5,1,0,67,0,English,24.wav,data/Emotify\classical\24.wav
24,classical,1,1,0,0,1,0,0,0,0,3,1,0,18,1,English,24.wav,data/Emotify\classical\24.wav
24,classical,0,0,0,0,0,0,1,0,0,3,0,0,58,0,English,24.wav,data/Emotify\classical\24.wav
24,classical,0,0,0,0,0,0,1,0,0,4,1,0,50,1,Italian,24.wav,data/Emotify\classical\24.wav
24,classical,0,0,0,0,0,1,0,0,0,4,1,0,62,1,French,24.wav,data/Emotify\classical\24.wav
24,classical,0,0,0,0,0,1,0,1,0,3,0,0,53,1,English,24.wav,data/Emotify\classical\24.wav
24,classical,0,0,0,0,0,0,1,0,0,5,1,0,33,0,Russian,24.wav,data/Emotify\classical\24.wav
24,classical,0,0,0,0,0,1,0,0,0,3,1,0,45,0,Greek,24.wav,data/Emotify\classical\24.wav
24,classical,1,0,0,0,0,1,1,0,0,4,1,0,23,1,Swedish,24.wav,data/Emotify\classical\24.wav
24,classical,0,0,0,0,0,0,0,1,0,4,0,1,61,1,English,24.wav,data/Emotify\classical\24.wav
24,classical,0,0,0,0,0,0,1,0,0,5,1,0,57,0,English,24.wav,data/Emotify\classical\24.wav
24,classical,0,0,0,0,1,1,1,0,0,3,1,0,62,0,Dutch,24.wav,data/Emotify\classical\24.wav
24,classical,0,0,0,0,0,0,1,1,0,5,1,0,56,0,English,24.wav,data/Emotify\classical\24.wav
25,classical,0,1,0,0,0,0,1,0,0,4,1,0,45,0,English,25.wav,data/Emotify\classical\25.wav
25,classical,0,0,0,0,0,0,1,0,0,3,1,0,25,0,English,25.wav,data/Emotify\classical\25.wav
25,classical,0,0,0,1,1,0,0,0,0,3,0,1,53,0,English,25.wav,data/Emotify\classical\25.wav
25,classical,0,0,1,0,0,0,0,1,0,3,0,1,56,0,English,25.wav,data/Emotify\classical\25.wav
25,classical,0,1,1,0,1,0,0,0,0,3,1,0,16,0,English,25.wav,data/Emotify\classical\25.wav
25,classical,0,1,0,0,0,0,0,0,1,3,0,0,33,0,Russian,25.wav,data/Emotify\classical\25.wav
25,classical,1,0,0,0,0,0,0,1,0,3,1,0,44,0,English,25.wav,data/Emotify\classical\25.wav
25,classical,0,1,0,1,0,0,0,0,0,2,0,0,25,0,English,25.wav,data/Emotify\classical\25.wav
25,classical,0,1,0,0,1,0,0,0,0,4,0,0,53,0,English,25.wav,data/Emotify\classical\25.wav
25,classical,0,1,0,0,0,0,1,0,0,5,0,0,40,0,English,25.wav,data/Emotify\classical\25.wav
25,classical,1,0,0,0,0,0,1,0,0,4,0,0,23,1,German,25.wav,data/Emotify\classical\25.wav
25,classical,0,1,0,0,0,0,0,1,1,4,1,0,59,0,English,25.wav,data/Emotify\classical\25.wav
25,classical,0,0,0,0,0,0,0,1,0,3,0,0,33,1,German,25.wav,data/Emotify\classical\25.wav
25,classical,1,0,1,1,0,0,0,0,0,3,0,0,28,1,Russian,25.wav,data/Emotify\classical\25.wav
25,classical,0,0,1,1,0,0,0,0,1,3,1,0,46,0,English,25.wav,data/Emotify\classical\25.wav
25,classical,1,1,0,0,1,0,0,0,0,3,1,0,39,0,English,25.wav,data/Emotify\classical\25.wav
25,classical,0,0,0,1,0,0,0,1,0,4,1,0,18,0,Swedish,25.wav,data/Emotify\classical\25.wav
25,classical,0,0,0,1,0,0,0,0,0,5,0,0,28,0,Russian,25.wav,data/Emotify\classical\25.wav
25,classical,1,0,0,1,0,0,0,0,0,4,1,0,21,1,English,25.wav,data/Emotify\classical\25.wav
25,classical,0,0,1,0,0,0,0,0,0,5,0,0,27,1,Russian,25.wav,data/Emotify\classical\25.wav
25,classical,0,0,0,0,0,0,0,1,0,3,0,1,32,1,English,25.wav,data/Emotify\classical\25.wav
25,classical,0,1,0,1,0,0,0,0,1,5,0,1,25,1,Russian,25.wav,data/Emotify\classical\25.wav
25,classical,0,0,0,0,0,0,0,1,0,4,0,1,41,0,Dutch,25.wav,data/Emotify\classical\25.wav
25,classical,0,0,1,0,1,0,0,0,0,4,0,0,31,0,Polish,25.wav,data/Emotify\classical\25.wav
25,classical,0,1,0,0,0,0,0,0,1,3,1,0,33,0,Russian,25.wav,data/Emotify\classical\25.wav
25,classical,0,0,0,0,1,0,1,0,0,4,0,0,31,1,English,25.wav,data/Emotify\classical\25.wav
25,classical,0,1,0,0,0,0,0,0,1,3,1,0,33,0,Russian,25.wav,data/Emotify\classical\25.wav
25,classical,0,1,0,1,1,0,0,0,0,3,0,0,34,0,Latvian,25.wav,data/Emotify\classical\25.wav
25,classical,0,0,0,0,0,0,1,0,0,5,1,0,44,0,Arabic,25.wav,data/Emotify\classical\25.wav
25,classical,0,1,0,0,0,0,0,0,0,5,1,0,29,1,Russian,25.wav,data/Emotify\classical\25.wav
25,classical,1,1,0,0,0,0,1,0,0,5,0,1,67,0,English,25.wav,data/Emotify\classical\25.wav
25,classical,0,1,0,0,1,0,0,0,0,3,0,0,18,1,English,25.wav,data/Emotify\classical\25.wav
25,classical,0,0,0,0,0,0,1,0,1,3,0,0,53,1,English,25.wav,data/Emotify\classical\25.wav
25,classical,0,0,0,0,1,1,0,0,0,3,0,0,58,0,English,25.wav,data/Emotify\classical\25.wav
25,classical,1,1,0,0,1,0,0,0,0,4,1,0,50,1,Italian,25.wav,data/Emotify\classical\25.wav
25,classical,0,0,0,0,0,0,1,0,0,3,1,0,19,0,Russian,25.wav,data/Emotify\classical\25.wav
25,classical,0,0,1,1,0,0,1,0,0,4,1,0,51,0,English,25.wav,data/Emotify\classical\25.wav
25,classical,0,0,0,1,0,0,0,0,0,5,1,0,33,0,Russian,25.wav,data/Emotify\classical\25.wav
25,classical,0,0,0,0,0,0,0,1,0,4,0,1,62,1,French,25.wav,data/Emotify\classical\25.wav
25,classical,0,1,0,0,0,0,0,1,0,5,0,1,73,0,English,25.wav,data/Emotify\classical\25.wav
25,classical,0,1,0,1,1,0,0,0,0,3,0,0,23,1,English,25.wav,data/Emotify\classical\25.wav
25,classical,0,0,0,0,0,0,0,1,0,4,0,1,61,1,English,25.wav,data/Emotify\classical\25.wav
25,classical,0,1,0,0,1,0,0,0,0,5,0,0,57,0,English,25.wav,data/Emotify\classical\25.wav
25,classical,0,0,0,0,0,0,1,0,0,5,1,0,56,0,English,25.wav,data/Emotify\classical\25.wav
25,classical,1,1,0,0,0,0,0,0,0,5,1,0,25,1,Russian,25.wav,data/Emotify\classical\25.wav
25,classical,1,1,0,0,0,1,0,0,0,5,1,0,51,1,English,25.wav,data/Emotify\classical\25.wav
26,classical,0,1,0,0,0,0,0,0,0,3,0,0,30,1,Russian,26.wav,data/Emotify\classical\26.wav
26,classical,0,1,0,0,0,0,0,1,0,4,0,0,28,1,Russian,26.wav,data/Emotify\classical\26.wav
26,classical,0,0,0,1,0,0,1,0,1,3,1,0,33,0,Russian,26.wav,data/Emotify\classical\26.wav
26,classical,1,0,0,0,0,1,0,0,0,3,1,0,44,0,English,26.wav,data/Emotify\classical\26.wav
26,classical,1,0,0,0,0,0,1,0,0,5,0,0,21,0,English,26.wav,data/Emotify\classical\26.wav
26,classical,0,0,0,1,0,1,0,1,0,5,0,0,25,1,Russian,26.wav,data/Emotify\classical\26.wav
26,classical,1,0,0,0,0,0,1,0,0,4,0,0,53,0,English,26.wav,data/Emotify\classical\26.wav
26,classical,0,1,0,0,0,0,0,1,0,4,0,0,23,1,German,26.wav,data/Emotify\classical\26.wav
26,classical,0,1,0,0,0,0,1,0,0,4,1,0,59,0,English,26.wav,data/Emotify\classical\26.wav
26,classical,1,1,0,0,0,0,1,0,0,3,1,0,39,0,English,26.wav,data/Emotify\classical\26.wav
26,classical,0,0,0,0,0,0,1,0,0,3,0,0,33,1,German,26.wav,data/Emotify\classical\26.wav
26,classical,0,1,0,1,0,0,0,1,0,3,1,0,46,0,English,26.wav,data/Emotify\classical\26.wav
26,classical,0,1,0,1,0,0,1,0,0,4,0,0,18,0,Swedish,26.wav,data/Emotify\classical\26.wav
26,classical,1,0,0,1,0,0,1,0,0,3,0,0,28,1,Russian,26.wav,data/Emotify\classical\26.wav
26,classical,0,0,0,0,0,0,1,1,0,4,1,0,21,1,English,26.wav,data/Emotify\classical\26.wav
26,classical,0,1,0,0,0,0,1,1,0,3,1,0,33,0,Russian,26.wav,data/Emotify\classical\26.wav
26,classical,1,0,0,0,0,1,1,0,0,4,1,0,42,0,Russian,26.wav,data/Emotify\classical\26.wav
26,classical,0,0,0,0,0,0,1,0,0,5,0,0,28,0,Russian,26.wav,data/Emotify\classical\26.wav
26,classical,1,0,0,0,0,1,1,0,0,3,0,0,32,1,Russian,26.wav,data/Emotify\classical\26.wav
26,classical,1,0,0,0,0,0,1,0,0,3,1,0,32,1,English,26.wav,data/Emotify\classical\26.wav
26,classical,0,0,0,0,0,1,1,0,0,4,0,0,31,0,Polish,26.wav,data/Emotify\classical\26.wav
26,classical,0,0,0,0,0,0,1,0,0,4,0,0,31,1,English,26.wav,data/Emotify\classical\26.wav
26,classical,0,1,0,0,0,0,0,0,0,5,0,0,44,0,Arabic,26.wav,data/Emotify\classical\26.wav
26,classical,0,0,0,1,0,0,0,0,0,3,0,0,26,0,Russian,26.wav,data/Emotify\classical\26.wav
26,classical,0,0,0,0,0,0,1,0,0,3,1,0,19,0,Russian,26.wav,data/Emotify\classical\26.wav
26,classical,1,1,0,0,0,0,1,0,0,5,1,0,67,0,English,26.wav,data/Emotify\classical\26.wav
26,classical,0,0,0,0,0,1,1,0,0,3,1,0,45,0,Greek,26.wav,data/Emotify\classical\26.wav
26,classical,0,0,0,0,0,1,1,0,0,3,0,0,18,1,English,26.wav,data/Emotify\classical\26.wav
26,classical,0,0,0,1,0,0,1,1,0,3,0,0,53,1,English,26.wav,data/Emotify\classical\26.wav
26,classical,0,0,0,1,0,0,1,0,0,3,1,0,58,0,English,26.wav,data/Emotify\classical\26.wav
26,classical,0,0,0,0,0,0,0,0,1,5,0,0,33,0,Russian,26.wav,data/Emotify\classical\26.wav
26,classical,1,1,0,0,0,1,0,0,0,4,1,0,50,1,Italian,26.wav,data/Emotify\classical\26.wav
26,classical,1,0,0,0,0,0,0,0,0,4,0,0,62,1,French,26.wav,data/Emotify\classical\26.wav
26,classical,0,0,0,1,0,1,0,0,0,4,1,0,23,1,English,26.wav,data/Emotify\classical\26.wav
26,classical,0,0,0,0,0,1,0,0,0,3,0,0,24,0,English,26.wav,data/Emotify\classical\26.wav
26,classical,0,0,0,0,0,1,0,1,1,4,0,0,61,1,English,26.wav,data/Emotify\classical\26.wav
26,classical,0,0,0,0,0,0,1,0,0,5,1,0,57,0,English,26.wav,data/Emotify\classical\26.wav
26,classical,0,0,0,0,0,1,1,0,0,5,1,0,56,0,English,26.wav,data/Emotify\classical\26.wav
26,classical,0,0,0,0,0,1,1,1,0,5,1,0,25,1,Russian,26.wav,data/Emotify\classical\26.wav
26,classical,0,0,0,0,0,1,1,0,0,3,1,0,62,0,Dutch,26.wav,data/Emotify\classical\26.wav
26,classical,0,0,0,0,0,1,1,0,0,5,0,0,51,1,English,26.wav,data/Emotify\classical\26.wav
26,classical,0,1,0,0,0,0,1,0,0,4,1,0,45,0,English,26.wav,data/Emotify\classical\26.wav
26,classical,1,0,0,0,0,0,1,0,0,2,1,0,25,0,English,26.wav,data/Emotify\classical\26.wav
26,classical,0,0,1,0,1,0,0,1,0,3,1,0,56,0,English,26.wav,data/Emotify\classical\26.wav
27,classical,0,1,0,1,0,0,0,1,0,3,1,0,33,0,Russian,27.wav,data/Emotify\classical\27.wav
27,classical,0,1,0,0,0,1,0,0,0,2,0,0,19,1,Chinese,27.wav,data/Emotify\classical\27.wav
27,classical,0,1,0,0,0,0,0,0,0,4,0,1,35,0,Russian,27.wav,data/Emotify\classical\27.wav
27,classical,0,0,0,0,0,1,0,1,0,2,1,0,19,0,Russian,27.wav,data/Emotify\classical\27.wav
27,classical,0,1,0,0,0,1,0,0,0,4,1,0,23,1,German,27.wav,data/Emotify\classical\27.wav
27,classical,0,1,0,0,0,1,0,1,0,3,1,0,32,0,English,27.wav,data/Emotify\classical\27.wav
27,classical,1,1,0,0,0,1,0,0,0,3,1,0,39,0,English,27.wav,data/Emotify\classical\27.wav
27,classical,0,1,0,0,0,1,0,1,0,3,1,0,46,0,English,27.wav,data/Emotify\classical\27.wav
27,classical,1,0,0,0,0,1,1,0,0,3,1,1,26,1,Chinese,27.wav,data/Emotify\classical\27.wav
27,classical,0,0,0,0,0,0,0,1,0,3,1,0,33,1,German,27.wav,data/Emotify\classical\27.wav
27,classical,0,1,0,0,0,1,0,1,0,4,1,0,21,1,English,27.wav,data/Emotify\classical\27.wav
27,classical,0,1,0,0,0,1,0,0,1,3,0,0,33,0,Russian,27.wav,data/Emotify\classical\27.wav
27,classical,0,1,0,0,0,0,0,1,1,4,1,0,42,0,Russian,27.wav,data/Emotify\classical\27.wav
27,classical,1,1,0,0,0,1,0,0,0,4,1,0,18,0,Swedish,27.wav,data/Emotify\classical\27.wav
27,classical,0,1,0,0,0,0,0,0,0,4,0,0,23,0,Russian,27.wav,data/Emotify\classical\27.wav
27,classical,0,0,0,1,0,1,0,0,1,3,0,0,32,1,Russian,27.wav,data/Emotify\classical\27.wav
27,classical,0,1,0,0,0,0,0,1,1,3,0,0,18,1,English,27.wav,data/Emotify\classical\27.wav
27,classical,0,1,0,0,0,1,0,0,1,3,1,0,32,1,English,27.wav,data/Emotify\classical\27.wav
27,classical,0,0,0,0,0,1,0,1,1,1,1,0,30,1,English,27.wav,data/Emotify\classical\27.wav
27,classical,0,1,0,0,0,1,0,0,0,4,0,0,31,0,Polish,27.wav,data/Emotify\classical\27.wav
27,classical,0,0,0,0,1,0,0,0,0,5,0,0,44,0,Arabic,27.wav,data/Emotify\classical\27.wav
27,classical,0,0,0,0,0,1,0,0,0,3,1,0,19,0,Russian,27.wav,data/Emotify\classical\27.wav
27,classical,0,1,0,0,0,1,0,1,0,3,0,0,53,1,English,27.wav,data/Emotify\classical\27.wav
27,classical,0,1,0,0,0,1,0,1,0,3,0,0,58,0,English,27.wav,data/Emotify\classical\27.wav
27,classical,1,1,0,0,0,1,0,0,0,4,1,0,50,1,Italian,27.wav,data/Emotify\classical\27.wav
27,classical,0,1,0,0,0,1,0,1,0,5,1,0,56,0,English,27.wav,data/Emotify\classical\27.wav
27,classical,0,1,0,0,0,0,0,0,0,4,1,0,62,1,French,27.wav,data/Emotify\classical\27.wav
27,classical,0,1,0,0,0,1,1,0,0,4,1,0,45,0,English,27.wav,data/Emotify\classical\27.wav
27,classical,0,1,0,0,0,0,0,1,1,4,0,0,23,1,English,27.wav,data/Emotify\classical\27.wav
27,classical,0,0,0,0,0,1,0,1,0,2,0,1,25,0,English,27.wav,data/Emotify\classical\27.wav
27,classical,0,0,0,0,0,1,0,0,1,4,0,0,61,1,English,27.wav,data/Emotify\classical\27.wav
27,classical,0,1,0,0,0,1,0,0,0,5,1,0,57,0,English,27.wav,data/Emotify\classical\27.wav
27,classical,0,0,0,0,0,1,0,0,0,5,0,0,33,0,Russian,27.wav,data/Emotify\classical\27.wav
27,classical,0,0,0,0,0,0,0,1,0,5,0,0,51,1,English,27.wav,data/Emotify\classical\27.wav
27,classical,0,1,0,0,0,1,0,0,0,5,1,0,25,1,Russian,27.wav,data/Emotify\classical\27.wav
27,classical,0,1,0,0,0,1,0,1,0,3,1,0,62,0,Dutch,27.wav,data/Emotify\classical\27.wav
27,classical,0,1,0,0,0,1,0,0,0,3,1,0,44,0,English,27.wav,data/Emotify\classical\27.wav
27,classical,0,1,0,0,0,1,0,0,0,3,1,0,56,0,English,27.wav,data/Emotify\classical\27.wav
27,classical,0,0,0,0,0,1,0,0,0,3,0,0,30,1,Russian,27.wav,data/Emotify\classical\27.wav
27,classical,0,1,0,0,0,1,0,0,0,4,0,0,28,1,Russian,27.wav,data/Emotify\classical\27.wav
28,classical,0,0,0,0,1,0,1,0,0,5,0,0,21,0,English,28.wav,data/Emotify\classical\28.wav
28,classical,1,0,0,0,0,0,1,0,0,4,0,0,23,1,German,28.wav,data/Emotify\classical\28.wav
28,classical,0,1,0,1,0,0,1,0,0,4,0,0,43,0,Dutch,28.wav,data/Emotify\classical\28.wav
28,classical,0,0,0,1,1,0,1,0,0,4,1,0,21,1,English,28.wav,data/Emotify\classical\28.wav
28,classical,0,0,0,0,1,0,1,0,0,3,1,0,39,0,English,28.wav,data/Emotify\classical\28.wav
28,classical,1,0,0,0,0,0,1,0,0,5,0,0,40,0,English,28.wav,data/Emotify\classical\28.wav
28,classical,1,0,0,0,0,0,1,0,0,3,1,0,46,0,English,28.wav,data/Emotify\classical\28.wav
28,classical,0,0,1,0,0,0,1,0,0,1,0,0,25,1,Russian,28.wav,data/Emotify\classical\28.wav
28,classical,1,0,0,0,1,0,1,0,0,4,0,0,42,0,Russian,28.wav,data/Emotify\classical\28.wav
28,classical,1,0,0,0,1,0,1,0,0,4,0,0,18,0,Swedish,28.wav,data/Emotify\classical\28.wav
28,classical,0,0,0,0,1,0,0,0,0,4,0,0,23,0,Russian,28.wav,data/Emotify\classical\28.wav
28,classical,0,0,0,0,0,0,1,0,0,3,1,0,33,1,German,28.wav,data/Emotify\classical\28.wav
28,classical,0,0,0,0,0,0,1,0,0,3,0,0,32,1,Russian,28.wav,data/Emotify\classical\28.wav
28,classical,0,0,0,0,0,0,1,0,0,3,0,0,18,1,English,28.wav,data/Emotify\classical\28.wav
28,classical,1,0,1,0,1,0,0,0,0,3,1,0,28,1,Russian,28.wav,data/Emotify\classical\28.wav
28,classical,0,0,0,0,0,0,1,0,0,3,0,0,32,1,English,28.wav,data/Emotify\classical\28.wav
28,classical,1,0,1,0,1,0,0,0,0,4,1,0,23,1,English,28.wav,data/Emotify\classical\28.wav
28,classical,0,0,0,0,1,0,1,0,0,1,1,0,30,1,English,28.wav,data/Emotify\classical\28.wav
28,classical,0,0,0,0,1,0,0,0,0,4,0,0,31,0,Polish,28.wav,data/Emotify\classical\28.wav
28,classical,0,0,0,0,0,0,1,0,0,3,0,0,68,0,English,28.wav,data/Emotify\classical\28.wav
28,classical,0,0,0,0,1,0,0,0,0,3,1,0,45,0,Greek,28.wav,data/Emotify\classical\28.wav
28,classical,0,0,0,0,0,0,0,1,0,5,0,0,44,0,Arabic,28.wav,data/Emotify\classical\28.wav
28,classical,0,0,0,0,1,0,0,0,0,3,0,0,19,0,Russian,28.wav,data/Emotify\classical\28.wav
28,classical,0,0,0,0,0,0,1,0,0,3,0,0,53,1,English,28.wav,data/Emotify\classical\28.wav
28,classical,1,0,1,0,1,0,0,0,0,3,0,0,34,0,Latvian,28.wav,data/Emotify\classical\28.wav
28,classical,0,1,0,1,1,0,0,0,0,5,0,0,18,0,English,28.wav,data/Emotify\classical\28.wav
28,classical,0,0,0,0,0,0,1,0,0,3,1,0,16,0,Chinese,28.wav,data/Emotify\classical\28.wav
28,classical,0,0,1,0,1,0,0,0,0,3,1,0,29,0,Arabic,28.wav,data/Emotify\classical\28.wav
28,classical,0,0,0,0,1,0,0,0,0,3,0,0,58,0,English,28.wav,data/Emotify\classical\28.wav
28,classical,1,1,0,0,0,0,0,0,0,2,1,0,25,1,Russian,28.wav,data/Emotify\classical\28.wav
28,classical,0,0,0,0,0,0,1,0,0,3,1,0,19,0,English,28.wav,data/Emotify\classical\28.wav
28,classical,1,0,0,0,0,0,0,0,0,4,1,0,50,1,Italian,28.wav,data/Emotify\classical\28.wav
28,classical,0,0,1,0,0,0,1,0,0,4,1,0,42,0,Dutch,28.wav,data/Emotify\classical\28.wav
28,classical,0,0,1,0,0,0,1,0,0,5,1,0,56,0,English,28.wav,data/Emotify\classical\28.wav
28,classical,0,0,0,0,1,0,1,0,0,4,1,0,45,0,English,28.wav,data/Emotify\classical\28.wav
28,classical,0,0,0,0,1,0,0,0,0,4,1,0,62,1,French,28.wav,data/Emotify\classical\28.wav
28,classical,0,0,1,0,0,0,1,0,0,5,0,0,51,1,English,28.wav,data/Emotify\classical\28.wav
28,classical,0,0,1,0,0,0,1,0,0,4,1,0,51,0,English,28.wav,data/Emotify\classical\28.wav
28,classical,1,0,0,0,0,0,1,0,0,2,1,0,25,0,English,28.wav,data/Emotify\classical\28.wav
28,classical,1,0,0,0,0,0,1,0,0,4,0,0,61,1,English,28.wav,data/Emotify\classical\28.wav
28,classical,0,0,0,0,0,0,1,0,0,5,0,0,57,0,English,28.wav,data/Emotify\classical\28.wav
28,classical,1,0,0,0,0,0,0,0,0,3,0,0,24,0,English,28.wav,data/Emotify\classical\28.wav
28,classical,1,0,0,0,0,0,0,0,0,5,0,0,33,0,Russian,28.wav,data/Emotify\classical\28.wav
28,classical,1,0,1,0,0,0,1,0,0,5,1,0,25,1,Russian,28.wav,data/Emotify\classical\28.wav
28,classical,0,0,1,0,0,0,0,0,0,4,1,0,35,0,Russian,28.wav,data/Emotify\classical\28.wav
28,classical,0,0,0,0,0,0,1,0,0,3,1,0,62,0,Dutch,28.wav,data/Emotify\classical\28.wav
28,classical,0,1,0,0,1,0,0,0,0,3,1,0,32,0,English,28.wav,data/Emotify\classical\28.wav
28,classical,0,0,0,0,0,0,1,0,0,3,1,0,56,0,English,28.wav,data/Emotify\classical\28.wav
28,classical,0,0,1,0,0,0,0,0,0,4,1,0,35,0,Russian,28.wav,data/Emotify\classical\28.wav
28,classical,0,0,0,0,0,0,1,0,0,3,0,0,30,1,Russian,28.wav,data/Emotify\classical\28.wav
28,classical,0,0,0,0,1,0,1,0,0,4,0,0,28,1,Russian,28.wav,data/Emotify\classical\28.wav
28,classical,0,0,0,0,0,0,1,1,0,3,0,0,33,0,Russian,28.wav,data/Emotify\classical\28.wav
28,classical,1,0,0,0,1,0,1,0,0,3,1,0,26,1,Chinese,28.wav,data/Emotify\classical\28.wav
28,classical,0,0,1,0,0,0,0,0,0,4,1,0,35,0,Russian,28.wav,data/Emotify\classical\28.wav
29,classical,0,0,0,1,1,0,0,0,0,4,1,0,23,1,German,29.wav,data/Emotify\classical\29.wav
29,classical,0,1,0,0,1,0,0,0,1,1,0,0,25,1,Russian,29.wav,data/Emotify\classical\29.wav
29,classical,0,0,0,0,0,0,0,1,1,5,0,0,40,0,English,29.wav,data/Emotify\classical\29.wav
29,classical,0,1,0,1,0,0,0,0,1,4,0,0,43,0,Dutch,29.wav,data/Emotify\classical\29.wav
29,classical,1,1,1,0,0,0,0,0,0,4,1,0,21,1,English,29.wav,data/Emotify\classical\29.wav
29,classical,0,0,1,0,1,0,0,0,1,3,1,0,39,0,English,29.wav,data/Emotify\classical\29.wav
29,classical,0,0,1,1,0,0,0,0,1,4,0,0,23,0,Russian,29.wav,data/Emotify\classical\29.wav
29,classical,0,1,0,1,1,0,0,0,0,4,1,0,32,1,Italian,29.wav,data/Emotify\classical\29.wav
29,classical,0,1,0,0,0,0,1,0,1,4,1,1,23,0,Spanish,29.wav,data/Emotify\classical\29.wav
29,classical,0,0,1,0,1,0,0,0,0,1,0,0,30,1,English,29.wav,data/Emotify\classical\29.wav
29,classical,0,1,0,0,1,0,0,0,0,3,1,0,68,0,English,29.wav,data/Emotify\classical\29.wav
29,classical,0,0,1,0,0,0,0,0,0,5,0,0,33,0,Russian,29.wav,data/Emotify\classical\29.wav
29,classical,0,0,0,0,0,0,0,0,1,5,0,1,23,1,English,29.wav,data/Emotify\classical\29.wav
29,classical,0,0,1,1,1,0,0,0,0,3,0,0,28,1,Russian,29.wav,data/Emotify\classical\29.wav
29,classical,0,1,0,0,0,0,0,0,1,3,0,0,32,1,English,29.wav,data/Emotify\classical\29.wav
29,classical,1,0,0,0,0,0,1,0,0,4,0,0,36,0,Italian,29.wav,data/Emotify\classical\29.wav
29,classical,0,1,0,0,1,0,0,0,0,3,0,0,34,0,Latvian,29.wav,data/Emotify\classical\29.wav
29,classical,1,0,0,0,0,0,0,0,0,3,1,0,26,0,Russian,29.wav,data/Emotify\classical\29.wav
29,classical,0,1,0,0,0,0,0,0,0,3,1,0,45,0,Greek,29.wav,data/Emotify\classical\29.wav
29,classical,0,0,0,0,1,0,0,0,0,4,0,0,31,0,Polish,29.wav,data/Emotify\classical\29.wav
29,classical,0,0,0,0,1,0,0,0,0,2,1,0,28,0,English,29.wav,data/Emotify\classical\29.wav
29,classical,0,0,0,0,0,0,0,1,1,3,0,0,53,1,English,29.wav,data/Emotify\classical\29.wav
29,classical,0,1,1,0,0,0,1,0,0,2,1,0,15,1,English,29.wav,data/Emotify\classical\29.wav
29,classical,1,0,0,0,0,0,0,0,0,5,0,0,44,0,Arabic,29.wav,data/Emotify\classical\29.wav
29,classical,0,0,0,0,0,1,0,0,0,3,1,0,19,0,English,29.wav,data/Emotify\classical\29.wav
29,classical,0,0,0,0,1,0,0,0,0,5,1,0,51,1,English,29.wav,data/Emotify\classical\29.wav
29,classical,0,0,1,0,1,0,0,0,0,4,1,0,51,0,English,29.wav,data/Emotify\classical\29.wav
29,classical,0,0,0,0,1,0,0,0,0,3,0,0,24,0,English,29.wav,data/Emotify\classical\29.wav
29,classical,0,1,0,0,0,0,0,0,0,5,1,0,56,0,English,29.wav,data/Emotify\classical\29.wav
29,classical,0,0,0,0,1,0,1,0,0,3,0,0,58,0,English,29.wav,data/Emotify\classical\29.wav
29,classical,0,0,0,1,0,0,0,0,1,4,1,0,42,0,Dutch,29.wav,data/Emotify\classical\29.wav
29,classical,0,0,1,1,0,0,0,0,1,3,1,0,33,0,Dutch,29.wav,data/Emotify\classical\29.wav
29,classical,0,0,0,0,1,0,0,0,0,4,1,0,62,1,French,29.wav,data/Emotify\classical\29.wav
29,classical,0,0,0,0,0,0,0,0,1,4,0,0,15,1,English,29.wav,data/Emotify\classical\29.wav
29,classical,0,0,0,1,1,0,0,0,0,2,0,0,25,0,English,29.wav,data/Emotify\classical\29.wav
29,classical,0,0,0,0,1,0,0,0,1,4,0,1,61,1,English,29.wav,data/Emotify\classical\29.wav
29,classical,0,0,0,0,1,0,0,0,0,5,0,0,57,0,English,29.wav,data/Emotify\classical\29.wav
29,classical,1,0,0,1,1,0,0,0,0,5,1,0,25,1,Russian,29.wav,data/Emotify\classical\29.wav
29,classical,0,0,1,1,1,0,0,0,0,3,1,0,62,0,Dutch,29.wav,data/Emotify\classical\29.wav
29,classical,0,0,1,0,0,0,0,0,1,3,1,0,56,0,English,29.wav,data/Emotify\classical\29.wav
29,classical,0,0,0,0,0,0,1,0,0,4,0,0,29,0,English,29.wav,data/Emotify\classical\29.wav
29,classical,1,0,0,0,0,0,0,0,0,3,1,1,21,0,Dutch,29.wav,data/Emotify\classical\29.wav
29,classical,0,0,0,1,0,0,1,0,0,3,1,0,26,1,Chinese,29.wav,data/Emotify\classical\29.wav
29,classical,0,0,1,0,0,0,0,0,1,4,0,0,28,1,Russian,29.wav,data/Emotify\classical\29.wav
29,classical,0,0,1,1,0,0,0,0,1,4,1,0,22,0,English,29.wav,data/Emotify\classical\29.wav
29,classical,0,1,0,0,0,0,0,1,0,3,0,0,33,0,Russian,29.wav,data/Emotify\classical\29.wav
29,classical,0,1,0,1,0,0,0,0,0,3,1,0,55,0,English,29.wav,data/Emotify\classical\29.wav
29,classical,1,0,0,0,0,0,0,1,0,5,0,0,21,0,English,29.wav,data/Emotify\classical\29.wav
30,classical,0,1,0,0,0,0,0,0,0,4,0,0,23,0,Russian,30.wav,data/Emotify\classical\30.wav
30,classical,1,0,0,0,0,1,1,0,0,3,1,0,68,0,English,30.wav,data/Emotify\classical\30.wav
30,classical,0,0,0,0,0,1,1,1,0,4,1,0,47,0,English,30.wav,data/Emotify\classical\30.wav
30,classical,1,0,0,0,0,1,1,0,0,4,1,0,21,1,English,30.wav,data/Emotify\classical\30.wav
30,classical,1,0,0,0,0,1,1,0,0,3,1,0,39,0,English,30.wav,data/Emotify\classical\30.wav
30,classical,1,0,0,0,0,1,1,0,0,3,1,0,19,1,Macedonian,30.wav,data/Emotify\classical\30.wav
30,classical,1,0,0,0,1,0,0,0,0,5,0,0,25,1,Russian,30.wav,data/Emotify\classical\30.wav
30,classical,1,1,0,0,0,0,0,0,0,3,0,0,34,0,Latvian,30.wav,data/Emotify\classical\30.wav
30,classical,1,0,0,0,0,0,0,0,0,5,1,0,23,1,English,30.wav,data/Emotify\classical\30.wav
30,classical,1,0,0,0,0,1,1,0,0,4,0,0,17,0,Norwegian,30.wav,data/Emotify\classical\30.wav
30,classical,1,0,0,0,0,1,0,0,0,3,0,0,19,0,English,30.wav,data/Emotify\classical\30.wav
30,classical,0,1,0,0,0,0,0,0,0,4,1,0,30,1,Russian,30.wav,data/Emotify\classical\30.wav
30,classical,0,1,0,0,0,0,1,0,0,4,0,0,36,0,Italian,30.wav,data/Emotify\classical\30.wav
30,classical,0,1,0,0,0,0,0,0,0,3,1,0,45,0,Greek,30.wav,data/Emotify\classical\30.wav
30,classical,0,1,0,1,0,0,1,0,0,3,0,0,53,1,English,30.wav,data/Emotify\classical\30.wav
30,classical,0,0,0,0,0,0,1,0,0,4,0,0,31,0,Polish,30.wav,data/Emotify\classical\30.wav
30,classical,0,0,0,0,0,0,1,0,0,1,1,0,20,1,French,30.wav,data/Emotify\classical\30.wav
30,classical,1,0,0,0,0,1,1,0,0,5,0,0,51,1,English,30.wav,data/Emotify\classical\30.wav
30,classical,1,0,0,0,0,0,0,0,0,5,1,0,26,0,Russian,30.wav,data/Emotify\classical\30.wav
30,classical,0,1,0,0,0,1,0,0,0,3,1,0,28,0,Russian,30.wav,data/Emotify\classical\30.wav
30,classical,0,1,0,0,1,0,1,0,0,3,0,0,58,0,English,30.wav,data/Emotify\classical\30.wav
30,classical,1,0,0,0,0,1,0,0,0,4,1,0,42,0,Dutch,30.wav,data/Emotify\classical\30.wav
30,classical,0,0,0,0,0,0,1,0,0,3,0,0,30,1,Farsi,30.wav,data/Emotify\classical\30.wav
30,classical,0,1,0,0,1,1,0,0,0,4,0,0,61,1,English,30.wav,data/Emotify\classical\30.wav
30,classical,0,1,0,0,0,0,0,0,0,4,1,1,15,1,English,30.wav,data/Emotify\classical\30.wav
30,classical,0,1,0,0,0,1,0,0,0,4,0,0,28,1,Italian,30.wav,data/Emotify\classical\30.wav
30,classical,1,0,0,0,0,0,1,0,0,5,0,0,57,0,English,30.wav,data/Emotify\classical\30.wav
30,classical,0,0,0,0,0,0,1,0,0,3,1,0,62,0,Dutch,30.wav,data/Emotify\classical\30.wav
30,classical,0,0,0,0,1,0,0,0,0,2,1,0,28,0,English,30.wav,data/Emotify\classical\30.wav
30,classical,0,1,0,0,0,1,1,0,0,4,1,0,32,1,Italian,30.wav,data/Emotify\classical\30.wav
30,classical,0,0,1,0,0,0,0,0,0,3,1,0,21,0,Dutch,30.wav,data/Emotify\classical\30.wav
30,classical,0,0,0,0,0,1,0,0,0,5,0,0,33,0,Russian,30.wav,data/Emotify\classical\30.wav
30,classical,1,0,0,0,0,0,1,0,0,4,1,0,25,1,English,30.wav,data/Emotify\classical\30.wav
30,classical,1,0,0,0,0,1,1,0,0,3,0,0,56,0,English,30.wav,data/Emotify\classical\30.wav
30,classical,1,0,0,0,0,1,1,0,0,4,0,0,22,0,English,30.wav,data/Emotify\classical\30.wav
30,classical,1,0,0,0,0,0,0,0,0,4,0,0,29,0,English,30.wav,data/Emotify\classical\30.wav
30,classical,1,0,0,0,0,1,1,0,0,5,0,0,31,0,Dutch,30.wav,data/Emotify\classical\30.wav
30,classical,1,0,0,0,0,0,0,0,0,5,0,0,25,1,Russian,30.wav,data/Emotify\classical\30.wav
30,classical,0,1,0,0,0,0,1,0,0,4,0,0,28,1,Russian,30.wav,data/Emotify\classical\30.wav
30,classical,0,1,0,0,0,0,1,0,0,3,1,0,33,0,Russian,30.wav,data/Emotify\classical\30.wav
30,classical,0,0,0,0,1,0,0,0,0,5,1,0,26,0,Greek,30.wav,data/Emotify\classical\30.wav
30,classical,1,0,0,0,0,0,1,0,0,1,0,0,25,1,Russian,30.wav,data/Emotify\classical\30.wav
30,classical,1,1,0,0,0,0,1,0,0,5,0,0,21,0,English,30.wav,data/Emotify\classical\30.wav
30,classical,0,1,0,0,0,0,1,0,0,3,1,0,21,0,Italian,30.wav,data/Emotify\classical\30.wav
30,classical,1,1,0,0,0,1,0,0,0,4,1,0,23,1,German,30.wav,data/Emotify\classical\30.wav
30,classical,0,0,0,0,0,1,1,0,0,3,1,0,36,0,Italian,30.wav,data/Emotify\classical\30.wav
31,classical,0,0,0,1,1,0,0,0,1,3,1,0,45,0,Greek,31.wav,data/Emotify\classical\31.wav
31,classical,0,0,0,1,0,0,0,0,1,3,0,0,55,0,Dutch,31.wav,data/Emotify\classical\31.wav
31,classical,0,0,0,1,0,0,0,0,1,3,0,0,55,0,Dutch,31.wav,data/Emotify\classical\31.wav
31,classical,1,0,1,0,0,0,0,0,0,3,0,0,53,1,English,31.wav,data/Emotify\classical\31.wav
31,classical,0,0,0,1,1,0,0,0,0,4,0,1,29,1,Greek,31.wav,data/Emotify\classical\31.wav
31,classical,0,0,0,1,0,0,0,0,1,3,0,0,55,0,Dutch,31.wav,data/Emotify\classical\31.wav
31,classical,1,0,0,0,0,0,0,0,0,5,1,0,26,0,Russian,31.wav,data/Emotify\classical\31.wav
31,classical,0,1,0,0,0,0,0,0,0,1,0,0,20,1,French,31.wav,data/Emotify\classical\31.wav
31,classical,0,0,0,1,1,0,0,0,1,4,0,1,23,0,Italian,31.wav,data/Emotify\classical\31.wav
31,classical,0,0,1,1,1,0,0,0,0,4,1,0,21,0,Italian,31.wav,data/Emotify\classical\31.wav
31,classical,0,1,1,0,1,0,0,0,0,5,1,0,22,0,English,31.wav,data/Emotify\classical\31.wav
31,classical,0,0,0,1,1,0,0,0,0,5,1,0,24,0,English,31.wav,data/Emotify\classical\31.wav
31,classical,0,0,1,1,0,0,0,0,1,4,0,1,24,1,Dutch,31.wav,data/Emotify\classical\31.wav
31,classical,0,1,0,1,1,0,0,0,0,3,1,0,28,0,Russian,31.wav,data/Emotify\classical\31.wav
31,classical,0,0,1,0,1,0,0,0,0,5,0,0,25,1,Russian,31.wav,data/Emotify\classical\31.wav
31,classical,0,0,0,0,0,1,0,0,0,3,0,0,30,1,Farsi,31.wav,data/Emotify\classical\31.wav
31,classical,0,0,0,1,0,0,0,0,0,5,1,0,26,0,Greek,31.wav,data/Emotify\classical\31.wav
31,classical,0,0,0,0,1,0,0,0,0,5,1,0,23,1,English,31.wav,data/Emotify\classical\31.wav
31,classical,0,0,0,1,1,0,0,0,0,3,0,0,24,1,Dutch,31.wav,data/Emotify\classical\31.wav
31,classical,0,1,0,0,0,0,0,0,0,5,0,0,31,0,English,31.wav,data/Emotify\classical\31.wav
31,classical,0,0,0,1,1,0,0,0,0,4,1,0,28,1,Italian,31.wav,data/Emotify\classical\31.wav
31,classical,0,1,1,0,1,0,0,0,0,5,1,0,23,1,English,31.wav,data/Emotify\classical\31.wav
31,classical,0,1,0,1,1,0,0,0,0,4,1,0,51,1,Dutch,31.wav,data/Emotify\classical\31.wav
31,classical,0,0,0,1,1,0,0,0,0,5,1,0,57,0,English,31.wav,data/Emotify\classical\31.wav
31,classical,0,0,0,0,0,0,0,1,0,3,0,1,21,0,Dutch,31.wav,data/Emotify\classical\31.wav
31,classical,0,0,0,1,1,0,0,0,1,4,1,0,20,1,Italian,31.wav,data/Emotify\classical\31.wav
31,classical,0,0,1,0,0,0,0,0,1,3,1,0,62,0,Dutch,31.wav,data/Emotify\classical\31.wav
31,classical,1,0,0,0,0,0,0,0,0,5,0,0,27,0,Russian,31.wav,data/Emotify\classical\31.wav
31,classical,0,1,0,0,1,0,0,0,0,4,1,0,25,1,English,31.wav,data/Emotify\classical\31.wav
31,classical,0,0,0,1,0,0,0,0,1,3,0,1,56,0,English,31.wav,data/Emotify\classical\31.wav
31,classical,0,0,1,0,0,0,0,0,0,4,0,0,29,0,English,31.wav,data/Emotify\classical\31.wav
31,classical,0,0,0,1,0,0,0,1,1,5,0,1,31,0,Dutch,31.wav,data/Emotify\classical\31.wav
31,classical,0,0,0,0,0,0,0,0,0,4,0,1,23,0,Ucrainian,31.wav,data/Emotify\classical\31.wav
31,classical,0,0,0,1,0,0,0,0,0,3,0,0,21,0,Italian,31.wav,data/Emotify\classical\31.wav
31,classical,0,0,0,0,0,0,0,1,0,4,0,0,28,1,Russian,31.wav,data/Emotify\classical\31.wav
31,classical,0,1,1,1,0,0,0,0,0,3,0,0,33,0,Russian,31.wav,data/Emotify\classical\31.wav
31,classical,0,0,0,0,0,1,1,0,0,1,0,0,25,1,Russian,31.wav,data/Emotify\classical\31.wav
31,classical,0,0,1,0,1,0,0,0,0,3,0,0,30,0,Russian,31.wav,data/Emotify\classical\31.wav
31,classical,1,0,0,1,0,0,0,0,0,4,0,0,32,1,Italian,31.wav,data/Emotify\classical\31.wav
31,classical,0,0,0,0,1,0,0,0,0,4,0,0,23,0,Russian,31.wav,data/Emotify\classical\31.wav
31,classical,0,1,1,0,0,0,0,0,0,3,0,0,36,0,Italian,31.wav,data/Emotify\classical\31.wav
31,classical,0,0,1,1,1,0,0,0,0,4,1,0,21,1,English,31.wav,data/Emotify\classical\31.wav
31,classical,0,0,0,0,1,0,0,1,0,3,1,1,55,1,Italian,31.wav,data/Emotify\classical\31.wav
31,classical,0,0,1,0,1,0,0,0,0,4,0,0,55,1,English,31.wav,data/Emotify\classical\31.wav
31,classical,0,0,0,0,1,0,0,0,1,4,1,0,47,0,English,31.wav,data/Emotify\classical\31.wav
31,classical,0,0,0,1,0,0,0,0,1,3,0,0,55,0,Dutch,31.wav,data/Emotify\classical\31.wav
31,classical,0,0,0,1,1,0,0,0,0,3,0,0,39,0,English,31.wav,data/Emotify\classical\31.wav
32,classical,0,1,0,0,0,0,0,0,0,4,1,0,29,1,Greek,32.wav,data/Emotify\classical\32.wav
32,classical,1,0,0,1,1,0,0,0,0,4,1,0,24,0,Dutch,32.wav,data/Emotify\classical\32.wav
32,classical,0,0,0,1,0,0,0,0,0,5,0,0,25,1,Russian,32.wav,data/Emotify\classical\32.wav
32,classical,0,0,0,1,0,0,1,0,1,3,0,0,53,1,English,32.wav,data/Emotify\classical\32.wav
32,classical,0,1,0,1,1,0,0,0,0,4,0,0,21,0,Italian,32.wav,data/Emotify\classical\32.wav
32,classical,0,0,1,0,1,0,0,0,0,4,1,0,30,1,Russian,32.wav,data/Emotify\classical\32.wav
32,classical,0,0,0,0,0,0,0,0,1,4,1,0,23,0,Italian,32.wav,data/Emotify\classical\32.wav
32,classical,0,0,0,0,0,0,0,0,1,4,1,0,23,0,Italian,32.wav,data/Emotify\classical\32.wav
32,classical,0,0,0,1,0,0,0,0,1,2,0,1,60,0,English,32.wav,data/Emotify\classical\32.wav
32,classical,0,0,1,1,0,0,0,0,1,5,1,0,22,0,English,32.wav,data/Emotify\classical\32.wav
32,classical,0,0,0,1,0,0,0,0,0,4,0,0,31,0,Polish,32.wav,data/Emotify\classical\32.wav
32,classical,0,1,0,0,1,0,1,0,0,4,1,0,24,1,Dutch,32.wav,data/Emotify\classical\32.wav
32,classical,0,0,0,1,0,0,0,0,0,5,0,0,26,1,Russian,32.wav,data/Emotify\classical\32.wav
32,classical,0,0,0,0,1,0,0,0,0,4,1,0,29,0,Slovenian,32.wav,data/Emotify\classical\32.wav
32,classical,0,0,0,0,0,0,0,1,1,1,0,0,25,1,Russian,32.wav,data/Emotify\classical\32.wav
32,classical,0,0,0,0,0,0,0,0,1,3,0,0,30,1,Farsi,32.wav,data/Emotify\classical\32.wav
32,classical,0,0,0,1,0,0,0,0,0,5,0,0,44,0,Arabic,32.wav,data/Emotify\classical\32.wav
32,classical,0,0,0,0,1,0,1,0,0,4,1,0,20,0,English,32.wav,data/Emotify\classical\32.wav
32,classical,1,1,0,0,0,0,0,0,0,3,1,0,24,1,Dutch,32.wav,data/Emotify\classical\32.wav
32,classical,0,0,0,1,0,0,0,0,1,4,0,1,41,0,Dutch,32.wav,data/Emotify\classical\32.wav
32,classical,0,1,0,0,0,0,0,0,1,2,1,0,25,1,Russian,32.wav,data/Emotify\classical\32.wav
32,classical,0,0,1,0,0,0,0,0,0,3,1,0,62,1,English,32.wav,data/Emotify\classical\32.wav
32,classical,0,1,0,0,1,0,0,0,0,4,1,0,51,0,English,32.wav,data/Emotify\classical\32.wav
32,classical,0,0,1,1,1,0,0,0,0,4,1,0,20,1,Italian,32.wav,data/Emotify\classical\32.wav
32,classical,0,0,1,0,1,0,1,0,0,4,1,0,51,1,Dutch,32.wav,data/Emotify\classical\32.wav
32,classical,0,0,1,1,1,0,0,0,0,5,0,0,31,0,English,32.wav,data/Emotify\classical\32.wav
32,classical,0,0,1,0,1,1,0,0,0,5,1,0,23,1,English,32.wav,data/Emotify\classical\32.wav
32,classical,0,0,0,1,0,0,0,0,0,3,0,1,21,0,Dutch,32.wav,data/Emotify\classical\32.wav
32,classical,0,0,0,0,1,0,0,0,1,3,0,0,30,0,Russian,32.wav,data/Emotify\classical\32.wav
32,classical,0,0,0,0,1,0,0,0,0,4,1,0,25,1,English,32.wav,data/Emotify\classical\32.wav
32,classical,0,0,0,1,0,0,0,0,1,3,1,0,62,0,Dutch,32.wav,data/Emotify\classical\32.wav
32,classical,0,0,0,0,1,0,0,0,0,3,0,0,21,0,Italian,32.wav,data/Emotify\classical\32.wav
32,classical,1,0,0,0,0,0,0,0,0,5,0,0,27,0,Russian,32.wav,data/Emotify\classical\32.wav
32,classical,0,0,0,0,1,0,0,0,0,4,0,0,29,0,English,32.wav,data/Emotify\classical\32.wav
32,classical,0,0,0,1,0,0,0,0,0,4,1,0,23,0,Ucrainian,32.wav,data/Emotify\classical\32.wav
32,classical,0,0,0,1,0,0,0,0,1,3,0,0,33,0,Russian,32.wav,data/Emotify\classical\32.wav
32,classical,0,1,0,0,1,0,0,0,1,4,1,0,32,1,Italian,32.wav,data/Emotify\classical\32.wav
32,classical,0,1,0,0,1,0,0,0,0,3,1,0,45,0,Greek,32.wav,data/Emotify\classical\32.wav
32,classical,0,0,0,0,1,0,0,0,0,4,0,0,23,0,Russian,32.wav,data/Emotify\classical\32.wav
32,classical,0,0,1,0,0,0,0,0,0,3,1,0,36,0,Italian,32.wav,data/Emotify\classical\32.wav
32,classical,0,0,1,0,0,0,0,0,0,3,1,0,55,1,Italian,32.wav,data/Emotify\classical\32.wav
32,classical,0,1,0,0,0,0,1,0,0,4,0,0,55,1,English,32.wav,data/Emotify\classical\32.wav
32,classical,0,0,0,0,1,0,0,0,0,4,1,0,47,0,English,32.wav,data/Emotify\classical\32.wav
32,classical,0,1,0,0,0,0,0,1,0,3,0,0,21,1,English,32.wav,data/Emotify\classical\32.wav
33,classical,0,0,1,0,1,0,1,0,0,4,1,0,36,0,Italian,33.wav,data/Emotify\classical\33.wav
33,classical,0,0,1,0,1,0,0,0,0,2,1,0,60,0,English,33.wav,data/Emotify\classical\33.wav
33,classical,0,0,0,1,1,0,0,0,0,4,0,0,31,0,Polish,33.wav,data/Emotify\classical\33.wav
33,classical,0,0,0,0,1,0,0,0,0,3,0,0,30,1,Farsi,33.wav,data/Emotify\classical\33.wav
33,classical,0,0,1,1,1,0,0,0,0,4,0,0,24,1,Dutch,33.wav,data/Emotify\classical\33.wav
33,classical,0,0,0,0,1,0,0,0,1,4,0,0,35,0,Russian,33.wav,data/Emotify\classical\33.wav
33,classical,0,0,0,0,1,0,0,0,0,5,0,0,26,1,Russian,33.wav,data/Emotify\classical\33.wav
33,classical,0,1,0,1,0,0,0,0,1,2,1,0,19,0,Korean,33.wav,data/Emotify\classical\33.wav
33,classical,0,0,0,0,1,0,0,0,0,4,1,0,40,1,English,33.wav,data/Emotify\classical\33.wav
33,classical,0,0,0,1,0,0,0,0,1,5,0,0,31,0,English,33.wav,data/Emotify\classical\33.wav
33,classical,0,0,0,0,1,0,0,0,0,4,0,0,20,0,English,33.wav,data/Emotify\classical\33.wav
33,classical,0,1,0,1,1,0,0,0,0,5,0,0,23,1,English,33.wav,data/Emotify\classical\33.wav
33,classical,0,0,1,0,1,0,1,0,0,4,1,0,51,1,Dutch,33.wav,data/Emotify\classical\33.wav
33,classical,0,0,1,0,1,0,0,0,0,3,1,0,30,0,Russian,33.wav,data/Emotify\classical\33.wav
33,classical,0,0,1,1,0,0,0,0,1,4,1,0,20,1,Italian,33.wav,data/Emotify\classical\33.wav
33,classical,0,0,1,1,0,0,0,0,1,4,1,0,41,0,Dutch,33.wav,data/Emotify\classical\33.wav
33,classical,0,0,0,0,1,0,0,0,0,3,1,0,62,1,English,33.wav,data/Emotify\classical\33.wav
33,classical,0,0,0,0,1,0,0,0,0,3,0,0,21,0,Italian,33.wav,data/Emotify\classical\33.wav
33,classical,0,0,0,0,1,0,0,0,0,1,0,0,25,1,Russian,33.wav,data/Emotify\classical\33.wav
33,classical,0,0,0,0,0,0,0,0,1,5,1,0,46,1,Dutch,33.wav,data/Emotify\classical\33.wav
33,classical,0,0,0,0,0,0,0,0,1,5,0,0,27,0,Russian,33.wav,data/Emotify\classical\33.wav
33,classical,0,0,0,1,0,0,0,0,0,4,0,0,23,0,Ucrainian,33.wav,data/Emotify\classical\33.wav
33,classical,0,0,1,1,0,0,0,0,1,3,0,0,33,0,Russian,33.wav,data/Emotify\classical\33.wav
33,classical,0,0,1,0,0,0,0,0,0,4,0,0,23,0,Russian,33.wav,data/Emotify\classical\33.wav
33,classical,0,0,1,0,1,0,0,0,0,4,0,0,21,0,Dutch,33.wav,data/Emotify\classical\33.wav
33,classical,0,0,0,0,1,0,0,0,1,4,0,0,32,1,Italian,33.wav,data/Emotify\classical\33.wav
33,classical,0,1,0,1,0,0,0,0,0,3,1,0,36,0,Italian,33.wav,data/Emotify\classical\33.wav
33,classical,0,0,0,0,1,0,0,0,0,3,1,0,55,1,Italian,33.wav,data/Emotify\classical\33.wav
33,classical,0,1,0,0,1,0,0,0,0,5,1,0,22,0,English,33.wav,data/Emotify\classical\33.wav
33,classical,0,0,1,0,1,0,0,0,0,4,0,0,55,1,English,33.wav,data/Emotify\classical\33.wav
33,classical,0,0,1,0,1,0,0,0,0,4,1,0,47,0,English,33.wav,data/Emotify\classical\33.wav
33,classical,0,0,0,1,1,0,0,0,1,3,0,0,53,1,English,33.wav,data/Emotify\classical\33.wav
33,classical,0,0,0,0,1,0,0,0,0,4,0,1,29,1,Greek,33.wav,data/Emotify\classical\33.wav
33,classical,0,1,0,1,0,0,0,1,0,3,1,0,21,1,English,33.wav,data/Emotify\classical\33.wav
33,classical,0,0,0,0,0,0,0,1,1,4,0,1,24,0,Dutch,33.wav,data/Emotify\classical\33.wav
34,classical,1,0,0,0,0,0,1,0,0,2,1,0,60,0,English,34.wav,data/Emotify\classical\34.wav
34,classical,0,0,1,0,0,0,0,0,0,3,0,0,30,1,Farsi,34.wav,data/Emotify\classical\34.wav
34,classical,0,1,0,0,1,0,1,0,0,4,0,0,49,0,Dutch,34.wav,data/Emotify\classical\34.wav
34,classical,1,0,1,0,0,0,1,0,0,4,1,0,24,1,Dutch,34.wav,data/Emotify\classical\34.wav
34,classical,0,0,0,0,1,0,0,0,0,1,0,0,25,1,Russian,34.wav,data/Emotify\classical\34.wav
34,classical,0,0,0,0,1,0,0,0,0,3,0,0,30,0,Russian,34.wav,data/Emotify\classical\34.wav
34,classical,0,0,0,1,0,0,0,0,0,4,0,1,40,1,English,34.wav,data/Emotify\classical\34.wav
34,classical,1,0,0,0,0,0,1,0,0,4,1,0,20,0,English,34.wav,data/Emotify\classical\34.wav
34,classical,0,0,0,1,1,0,0,0,1,4,0,1,51,1,Dutch,34.wav,data/Emotify\classical\34.wav
34,classical,0,0,0,0,0,0,1,0,0,4,0,0,41,0,Dutch,34.wav,data/Emotify\classical\34.wav
34,classical,0,0,0,0,0,0,1,0,0,3,0,1,62,1,English,34.wav,data/Emotify\classical\34.wav
34,classical,0,0,0,0,0,1,1,0,0,3,1,0,36,0,Dutch,34.wav,data/Emotify\classical\34.wav
34,classical,1,0,0,0,0,0,0,0,0,5,0,0,27,0,Russian,34.wav,data/Emotify\classical\34.wav
34,classical,0,0,0,0,0,0,0,1,0,4,0,1,23,0,Russian,34.wav,data/Emotify\classical\34.wav
34,classical,0,0,0,1,0,0,1,0,0,3,0,0,33,0,Russian,34.wav,data/Emotify\classical\34.wav
34,classical,0,0,0,0,0,0,1,0,0,4,0,0,32,1,Italian,34.wav,data/Emotify\classical\34.wav
34,classical,1,0,0,0,0,0,1,0,0,4,0,0,21,0,Dutch,34.wav,data/Emotify\classical\34.wav
34,classical,0,0,0,0,0,0,1,0,0,3,0,0,36,0,Italian,34.wav,data/Emotify\classical\34.wav
34,classical,0,0,0,0,0,0,1,1,0,3,0,0,53,1,English,34.wav,data/Emotify\classical\34.wav
34,classical,0,0,0,0,0,0,1,0,0,3,1,0,55,1,Italian,34.wav,data/Emotify\classical\34.wav
34,classical,1,0,0,0,1,0,0,0,0,5,1,0,22,0,English,34.wav,data/Emotify\classical\34.wav
34,classical,0,0,0,0,0,0,1,0,0,4,0,1,29,1,Greek,34.wav,data/Emotify\classical\34.wav
34,classical,0,1,1,0,0,0,1,0,0,3,0,0,21,1,English,34.wav,data/Emotify\classical\34.wav
34,classical,0,1,0,0,1,0,1,0,0,4,1,0,24,0,Dutch,34.wav,data/Emotify\classical\34.wav
34,classical,0,0,0,0,1,0,0,0,0,5,0,0,26,1,Russian,34.wav,data/Emotify\classical\34.wav
35,classical,0,0,0,1,1,0,0,0,1,4,1,0,24,1,Dutch,35.wav,data/Emotify\classical\35.wav
35,classical,0,0,0,0,0,0,0,1,0,4,0,0,40,1,English,35.wav,data/Emotify\classical\35.wav
35,classical,0,0,0,0,1,0,0,0,0,4,0,1,20,0,English,35.wav,data/Emotify\classical\35.wav
35,classical,0,0,0,0,1,0,0,0,0,4,0,0,41,0,Dutch,35.wav,data/Emotify\classical\35.wav
35,classical,0,0,0,0,1,0,0,0,0,3,1,0,62,1,English,35.wav,data/Emotify\classical\35.wav
35,classical,0,0,1,0,1,0,0,0,0,3,1,0,36,0,Dutch,35.wav,data/Emotify\classical\35.wav
35,classical,0,0,0,0,1,0,0,0,0,4,0,0,23,0,Russian,35.wav,data/Emotify\classical\35.wav
35,classical,1,0,0,0,0,0,0,0,0,5,0,0,27,0,Russian,35.wav,data/Emotify\classical\35.wav
35,classical,0,0,0,0,1,0,0,0,0,1,0,0,25,1,Russian,35.wav,data/Emotify\classical\35.wav
35,classical,1,0,0,0,1,0,0,0,0,4,0,0,21,0,Dutch,35.wav,data/Emotify\classical\35.wav
35,classical,0,0,1,1,0,0,0,0,1,3,0,0,33,0,Russian,35.wav,data/Emotify\classical\35.wav
35,classical,0,0,0,0,1,0,0,0,0,3,0,0,53,1,English,35.wav,data/Emotify\classical\35.wav
35,classical,0,0,0,0,1,0,0,0,0,3,1,0,55,1,Italian,35.wav,data/Emotify\classical\35.wav
35,classical,0,0,1,0,0,0,0,1,1,3,0,0,21,1,English,35.wav,data/Emotify\classical\35.wav
35,classical,0,0,0,0,1,0,1,0,0,4,0,0,32,1,Italian,35.wav,data/Emotify\classical\35.wav
35,classical,0,1,1,0,1,0,0,0,0,4,0,0,49,0,Dutch,35.wav,data/Emotify\classical\35.wav
35,classical,0,0,0,1,0,0,0,0,0,4,1,0,36,0,Italian,35.wav,data/Emotify\classical\35.wav
36,classical,0,0,0,0,1,1,0,0,1,4,1,0,24,1,Dutch,36.wav,data/Emotify\classical\36.wav
36,classical,0,0,0,1,0,0,0,0,1,3,1,0,29,1,Dutch,36.wav,data/Emotify\classical\36.wav
36,classical,0,0,0,0,1,0,0,0,0,3,0,0,62,1,English,36.wav,data/Emotify\classical\36.wav
36,classical,1,0,0,1,0,0,0,0,0,2,0,0,20,1,Dutch,36.wav,data/Emotify\classical\36.wav
36,classical,0,1,1,0,1,0,0,0,0,5,1,0,46,0,Dutch,36.wav,data/Emotify\classical\36.wav
36,classical,0,0,0,0,0,0,0,1,1,4,0,0,23,0,Russian,36.wav,data/Emotify\classical\36.wav
36,classical,0,0,0,1,0,0,0,0,0,3,1,0,36,0,Dutch,36.wav,data/Emotify\classical\36.wav
36,classical,0,0,0,1,0,0,0,0,0,5,0,0,27,0,Russian,36.wav,data/Emotify\classical\36.wav
36,classical,0,0,0,1,0,1,0,1,0,4,0,1,34,0,English,36.wav,data/Emotify\classical\36.wav
36,classical,0,0,1,1,0,0,0,0,0,3,0,0,33,0,Russian,36.wav,data/Emotify\classical\36.wav
36,classical,0,0,0,0,1,0,0,0,0,3,1,0,55,1,Italian,36.wav,data/Emotify\classical\36.wav
36,classical,0,0,0,0,1,0,0,0,0,3,0,0,36,0,Italian,36.wav,data/Emotify\classical\36.wav
36,classical,0,1,1,0,1,0,0,0,0,4,0,0,49,0,Dutch,36.wav,data/Emotify\classical\36.wav
36,classical,0,0,0,0,0,0,0,1,0,3,0,0,21,1,English,36.wav,data/Emotify\classical\36.wav
36,classical,0,0,1,0,1,0,0,0,0,4,1,0,36,0,Italian,36.wav,data/Emotify\classical\36.wav
36,classical,0,0,0,0,1,0,0,0,0,1,0,0,25,1,Russian,36.wav,data/Emotify\classical\36.wav
36,classical,1,0,1,0,1,0,0,0,0,4,0,0,41,1,Dutch,36.wav,data/Emotify\classical\36.wav
37,classical,1,0,1,0,0,0,0,0,1,4,1,0,24,1,Dutch,37.wav,data/Emotify\classical\37.wav
37,classical,0,1,0,0,0,0,0,0,0,3,0,1,29,1,Dutch,37.wav,data/Emotify\classical\37.wav
37,classical,1,0,0,1,1,0,0,0,0,2,1,0,20,1,Dutch,37.wav,data/Emotify\classical\37.wav
37,classical,0,0,0,0,0,0,0,0,1,3,0,0,62,1,English,37.wav,data/Emotify\classical\37.wav
37,classical,0,0,0,0,0,0,0,1,0,4,0,1,21,0,Russian,37.wav,data/Emotify\classical\37.wav
37,classical,0,0,0,0,0,0,0,1,0,4,0,1,21,0,Russian,37.wav,data/Emotify\classical\37.wav
37,classical,0,1,0,1,0,1,0,0,0,3,1,0,36,0,Dutch,37.wav,data/Emotify\classical\37.wav
37,classical,1,0,1,0,0,0,0,0,0,5,0,0,25,1,Russian,37.wav,data/Emotify\classical\37.wav
37,classical,0,0,1,0,1,0,0,0,0,3,1,0,18,0,Dutch,37.wav,data/Emotify\classical\37.wav
37,classical,0,0,1,1,1,0,0,0,0,3,0,0,33,0,Russian,37.wav,data/Emotify\classical\37.wav
37,classical,0,0,1,0,0,0,0,0,0,3,1,0,55,1,Italian,37.wav,data/Emotify\classical\37.wav
37,classical,0,0,1,1,1,0,0,0,0,3,1,0,21,1,English,37.wav,data/Emotify\classical\37.wav
37,classical,0,0,1,0,1,0,0,0,1,2,0,0,33,0,Russian,37.wav,data/Emotify\classical\37.wav
37,classical,0,1,1,1,0,0,0,0,0,4,0,0,49,0,Dutch,37.wav,data/Emotify\classical\37.wav
37,classical,0,0,0,0,0,0,0,1,0,4,0,1,41,0,Dutch,37.wav,data/Emotify\classical\37.wav
37,classical,0,0,0,1,0,0,0,0,1,4,0,0,46,1,Dutch,37.wav,data/Emotify\classical\37.wav
37,classical,0,0,0,0,1,0,0,0,0,1,0,0,25,1,Russian,37.wav,data/Emotify\classical\37.wav
37,classical,0,1,0,0,0,0,0,1,1,4,0,0,41,1,Dutch,37.wav,data/Emotify\classical\37.wav
38,classical,0,1,1,1,0,0,0,0,0,4,1,0,17,0,Dutch,38.wav,data/Emotify\classical\38.wav
38,classical,0,0,0,0,1,0,0,0,1,5,0,0,25,1,Russian,38.wav,data/Emotify\classical\38.wav
38,classical,0,0,0,0,1,0,0,0,0,3,0,0,62,1,English,38.wav,data/Emotify\classical\38.wav
38,classical,0,0,0,0,1,0,0,0,0,5,1,0,26,0,Russian,38.wav,data/Emotify\classical\38.wav
38,classical,1,0,1,0,1,0,0,0,0,3,1,0,36,0,Dutch,38.wav,data/Emotify\classical\38.wav
38,classical,0,0,0,1,1,0,0,0,0,5,0,0,25,1,Russian,38.wav,data/Emotify\classical\38.wav
38,classical,0,0,1,0,1,0,0,0,1,3,0,0,18,0,Dutch,38.wav,data/Emotify\classical\38.wav
38,classical,0,0,1,1,0,0,0,0,1,3,0,0,33,0,Russian,38.wav,data/Emotify\classical\38.wav
38,classical,0,1,0,0,0,0,1,0,0,3,1,0,21,1,English,38.wav,data/Emotify\classical\38.wav
38,classical,0,0,0,0,0,0,0,0,1,3,1,0,55,1,Italian,38.wav,data/Emotify\classical\38.wav
38,classical,0,0,0,1,1,0,0,0,1,2,0,0,33,0,Russian,38.wav,data/Emotify\classical\38.wav
38,classical,0,0,0,0,0,0,0,1,0,4,0,1,46,1,Dutch,38.wav,data/Emotify\classical\38.wav
38,classical,0,1,0,0,1,0,0,0,0,1,0,0,25,1,Russian,38.wav,data/Emotify\classical\38.wav
38,classical,0,0,0,0,0,0,0,0,1,3,0,0,17,1,Russian,38.wav,data/Emotify\classical\38.wav
38,classical,0,0,0,1,0,0,0,0,0,3,1,0,20,0,Dutch,38.wav,data/Emotify\classical\38.wav
38,classical,0,0,1,1,1,0,0,0,0,4,1,0,24,1,Dutch,38.wav,data/Emotify\classical\38.wav
38,classical,0,1,0,0,0,0,0,0,0,3,0,1,29,1,Dutch,38.wav,data/Emotify\classical\38.wav
39,classical,1,0,0,0,0,1,0,0,0,5,1,0,25,1,Russian,39.wav,data/Emotify\classical\39.wav
39,classical,0,1,0,0,0,0,0,0,0,3,1,0,25,1,Russian,39.wav,data/Emotify\classical\39.wav
39,classical,1,1,0,0,0,0,1,0,0,5,1,1,28,1,English,39.wav,data/Emotify\classical\39.wav
39,classical,0,1,0,0,0,1,0,0,0,4,0,0,27,0,English,39.wav,data/Emotify\classical\39.wav
39,classical,1,0,0,0,0,1,0,0,0,3,0,0,28,0,Russian,39.wav,data/Emotify\classical\39.wav
39,classical,0,1,0,0,0,0,0,0,0,2,1,0,26,1,Czech,39.wav,data/Emotify\classical\39.wav
39,classical,1,0,0,0,0,1,1,0,0,3,1,0,36,0,Dutch,39.wav,data/Emotify\classical\39.wav
39,classical,0,0,0,0,0,1,0,1,0,5,0,0,25,1,Russian,39.wav,data/Emotify\classical\39.wav
39,classical,1,0,0,0,0,1,1,0,0,3,1,0,18,0,Dutch,39.wav,data/Emotify\classical\39.wav
39,classical,0,1,0,0,0,0,1,1,0,3,0,0,33,0,Russian,39.wav,data/Emotify\classical\39.wav
39,classical,1,0,0,0,0,1,0,0,0,4,1,0,46,1,Dutch,39.wav,data/Emotify\classical\39.wav
39,classical,0,0,0,0,0,0,1,0,0,3,1,0,55,1,Italian,39.wav,data/Emotify\classical\39.wav
39,classical,0,0,0,0,0,0,1,1,0,2,0,0,33,0,Russian,39.wav,data/Emotify\classical\39.wav
39,classical,1,0,0,0,0,0,1,0,0,3,1,0,36,0,Italian,39.wav,data/Emotify\classical\39.wav
39,classical,1,0,0,0,0,1,1,0,0,1,0,0,25,1,Russian,39.wav,data/Emotify\classical\39.wav
39,classical,1,0,0,0,0,0,1,0,0,3,1,0,20,0,Dutch,39.wav,data/Emotify\classical\39.wav
39,classical,1,0,0,0,0,1,1,0,0,4,1,0,24,1,Dutch,39.wav,data/Emotify\classical\39.wav
39,classical,0,0,0,0,0,0,1,0,0,3,1,0,29,1,Dutch,39.wav,data/Emotify\classical\39.wav
39,classical,0,0,0,0,0,0,1,0,0,2,0,0,19,1,Chinese,39.wav,data/Emotify\classical\39.wav
40,classical,1,1,0,0,0,0,0,0,0,3,0,0,25,1,Russian,40.wav,data/Emotify\classical\40.wav
40,classical,0,1,0,0,0,0,1,0,0,5,0,0,25,1,Russian,40.wav,data/Emotify\classical\40.wav
40,classical,0,0,0,0,0,0,0,1,0,2,0,0,26,1,Czech,40.wav,data/Emotify\classical\40.wav
40,classical,0,0,0,0,0,1,1,1,0,3,0,1,36,0,Dutch,40.wav,data/Emotify\classical\40.wav
40,classical,0,0,0,0,0,1,1,0,0,3,1,0,18,0,Dutch,40.wav,data/Emotify\classical\40.wav
40,classical,0,0,0,1,0,1,0,1,0,5,0,0,32,0,Dutch,40.wav,data/Emotify\classical\40.wav
40,classical,0,0,0,0,0,0,1,0,0,5,1,0,46,0,Dutch,40.wav,data/Emotify\classical\40.wav
40,classical,0,0,0,0,0,0,1,1,0,3,0,0,33,0,Russian,40.wav,data/Emotify\classical\40.wav
40,classical,0,0,0,0,0,0,0,1,0,2,0,0,33,0,Russian,40.wav,data/Emotify\classical\40.wav
40,classical,1,0,0,0,0,1,1,0,0,3,1,0,36,0,Italian,40.wav,data/Emotify\classical\40.wav
40,classical,1,0,0,0,0,0,1,1,0,1,0,0,25,1,Russian,40.wav,data/Emotify\classical\40.wav
40,classical,0,1,0,0,0,1,0,0,0,3,1,0,20,0,Dutch,40.wav,data/Emotify\classical\40.wav
40,classical,1,1,0,0,0,1,0,0,0,4,1,0,27,0,English,40.wav,data/Emotify\classical\40.wav
40,classical,1,0,0,0,0,1,0,0,0,5,0,0,25,1,Russian,40.wav,data/Emotify\classical\40.wav
40,classical,0,1,0,0,0,1,1,0,0,4,1,0,24,1,Dutch,40.wav,data/Emotify\classical\40.wav
40,classical,0,0,0,0,0,0,1,0,0,3,0,1,29,1,Dutch,40.wav,data/Emotify\classical\40.wav
40,classical,0,0,0,0,0,0,1,0,0,4,1,0,37,1,Dutch,40.wav,data/Emotify\classical\40.wav
41,classical,0,0,1,1,0,0,0,0,0,3,1,0,25,1,Russian,41.wav,data/Emotify\classical\41.wav
41,classical,1,0,0,0,0,0,0,0,0,3,1,0,23,1,Czech,41.wav,data/Emotify\classical\41.wav
41,classical,0,0,0,0,0,1,1,1,0,3,1,0,36,0,Dutch,41.wav,data/Emotify\classical\41.wav
41,classical,0,1,1,0,1,0,0,0,0,3,1,0,18,0,Dutch,41.wav,data/Emotify\classical\41.wav
41,classical,0,1,0,1,0,0,0,0,1,3,1,0,33,0,Russian,41.wav,data/Emotify\classical\41.wav
41,classical,0,0,0,1,0,0,0,0,0,3,1,0,36,0,Italian,41.wav,data/Emotify\classical\41.wav
41,classical,0,0,0,0,0,0,1,0,1,2,0,0,33,0,Russian,41.wav,data/Emotify\classical\41.wav
41,classical,0,1,0,0,0,0,0,0,0,4,0,0,27,0,English,41.wav,data/Emotify\classical\41.wav
41,classical,1,0,1,1,0,0,0,0,0,1,1,0,25,1,Russian,41.wav,data/Emotify\classical\41.wav
41,classical,0,0,0,1,0,0,1,0,0,4,1,0,29,0,Dutch,41.wav,data/Emotify\classical\41.wav
41,classical,0,0,0,0,1,0,0,0,0,3,1,0,20,0,Dutch,41.wav,data/Emotify\classical\41.wav
41,classical,1,0,1,0,0,0,0,0,1,5,1,0,25,1,Russian,41.wav,data/Emotify\classical\41.wav
41,classical,0,0,0,1,0,0,0,0,0,3,0,1,29,1,Dutch,41.wav,data/Emotify\classical\41.wav
41,classical,0,1,0,0,1,0,0,0,0,3,1,0,17,1,Russian,41.wav,data/Emotify\classical\41.wav
41,classical,0,0,0,0,1,0,0,0,0,2,0,0,19,1,Chinese,41.wav,data/Emotify\classical\41.wav
41,classical,0,1,0,0,1,0,0,0,0,3,1,0,17,1,Russian,41.wav,data/Emotify\classical\41.wav
41,classical,0,1,0,0,0,0,0,0,0,3,1,0,31,1,German,41.wav,data/Emotify\classical\41.wav
41,classical,0,1,0,0,1,0,0,0,0,3,1,0,17,1,Russian,41.wav,data/Emotify\classical\41.wav
41,classical,0,0,0,0,0,0,0,1,0,2,0,1,26,1,Czech,41.wav,data/Emotify\classical\41.wav
42,classical,0,0,0,0,1,1,0,0,1,3,1,0,36,0,Dutch,42.wav,data/Emotify\classical\42.wav
42,classical,1,0,0,0,1,0,0,0,0,5,0,0,25,1,Russian,42.wav,data/Emotify\classical\42.wav
42,classical,0,1,0,0,0,0,0,1,1,3,0,1,18,0,Dutch,42.wav,data/Emotify\classical\42.wav
42,classical,0,0,0,0,0,1,0,0,0,3,0,0,23,1,Czech,42.wav,data/Emotify\classical\42.wav
42,classical,0,0,0,0,1,0,0,0,0,3,1,0,38,0,Danish,42.wav,data/Emotify\classical\42.wav
42,classical,0,0,0,0,1,0,0,0,0,2,0,0,33,0,Russian,42.wav,data/Emotify\classical\42.wav
42,classical,0,0,0,1,0,0,0,0,0,3,0,0,33,0,Russian,42.wav,data/Emotify\classical\42.wav
42,classical,0,0,0,0,1,0,0,0,0,5,1,0,46,0,Dutch,42.wav,data/Emotify\classical\42.wav
42,classical,0,0,1,1,1,0,0,0,0,5,1,0,53,0,English,42.wav,data/Emotify\classical\42.wav
42,classical,0,0,0,1,1,0,0,0,0,3,1,0,23,0,French,42.wav,data/Emotify\classical\42.wav
42,classical,0,0,1,0,1,0,0,0,0,4,1,0,17,0,English,42.wav,data/Emotify\classical\42.wav
42,classical,0,1,1,0,0,0,0,0,0,4,0,0,36,0,Italian,42.wav,data/Emotify\classical\42.wav
42,classical,0,0,0,0,0,0,0,1,0,3,0,1,20,0,Dutch,42.wav,data/Emotify\classical\42.wav
42,classical,1,0,0,0,1,0,0,0,0,5,0,0,25,1,Russian,42.wav,data/Emotify\classical\42.wav
42,classical,0,0,1,0,0,0,0,0,0,3,0,1,29,1,Dutch,42.wav,data/Emotify\classical\42.wav
42,classical,1,0,0,0,1,0,0,0,0,5,0,0,25,1,Russian,42.wav,data/Emotify\classical\42.wav
42,classical,0,1,0,0,1,0,0,0,0,3,1,0,16,1,English,42.wav,data/Emotify\classical\42.wav
43,classical,0,1,0,1,0,0,0,0,0,4,0,1,63,0,Dutch,43.wav,data/Emotify\classical\43.wav
43,classical,0,0,0,1,0,0,0,0,1,2,1,0,25,1,Russian,43.wav,data/Emotify\classical\43.wav
43,classical,0,0,0,0,0,0,1,0,0,4,0,0,67,0,English,43.wav,data/Emotify\classical\43.wav
43,classical,0,0,1,0,0,0,0,0,0,3,0,0,18,0,Dutch,43.wav,data/Emotify\classical\43.wav
43,classical,0,1,1,0,0,0,1,0,0,4,1,0,25,1,Estonian,43.wav,data/Emotify\classical\43.wav
43,classical,1,0,1,1,0,1,1,0,0,5,1,1,66,0,Russian,43.wav,data/Emotify\classical\43.wav
43,classical,0,0,0,0,0,1,0,1,0,5,0,0,46,0,Dutch,43.wav,data/Emotify\classical\43.wav
43,classical,0,0,0,0,0,0,0,1,1,2,0,0,33,0,Russian,43.wav,data/Emotify\classical\43.wav
43,classical,0,1,0,0,0,0,0,0,0,3,0,0,33,0,Russian,43.wav,data/Emotify\classical\43.wav
43,classical,0,1,0,0,1,0,0,0,0,4,0,0,17,0,English,43.wav,data/Emotify\classical\43.wav
43,classical,0,0,0,1,0,0,0,0,0,5,1,0,34,0,English,43.wav,data/Emotify\classical\43.wav
43,classical,1,0,0,0,0,0,0,0,0,5,0,0,25,1,Russian,43.wav,data/Emotify\classical\43.wav
43,classical,0,0,0,0,0,0,0,1,1,3,0,1,20,0,Dutch,43.wav,data/Emotify\classical\43.wav
43,classical,0,0,0,0,0,0,0,1,1,4,1,0,36,0,Italian,43.wav,data/Emotify\classical\43.wav
43,classical,1,0,0,0,0,1,1,0,0,4,1,0,14,0,English,43.wav,data/Emotify\classical\43.wav
43,classical,0,0,0,0,0,0,1,0,1,5,1,0,25,1,Russian,43.wav,data/Emotify\classical\43.wav
43,classical,1,0,0,0,0,0,0,0,0,3,0,1,29,1,Dutch,43.wav,data/Emotify\classical\43.wav
44,classical,0,1,0,1,0,1,0,0,0,4,1,0,22,1,English,44.wav,data/Emotify\classical\44.wav
44,classical,0,0,1,0,1,0,0,0,0,3,1,0,18,0,Dutch,44.wav,data/Emotify\classical\44.wav
44,classical,0,1,0,0,1,0,0,0,0,3,0,0,68,0,English,44.wav,data/Emotify\classical\44.wav
44,classical,0,0,0,0,0,0,0,1,1,2,0,0,33,0,Russian,44.wav,data/Emotify\classical\44.wav
44,classical,0,0,0,1,0,0,0,0,0,3,0,0,33,0,Russian,44.wav,data/Emotify\classical\44.wav
44,classical,0,0,1,0,1,0,0,0,0,4,0,0,25,1,Estonian,44.wav,data/Emotify\classical\44.wav
44,classical,1,0,1,0,1,0,0,0,0,5,0,0,25,1,Russian,44.wav,data/Emotify\classical\44.wav
44,classical,0,0,0,0,1,0,0,0,0,5,0,0,34,0,English,44.wav,data/Emotify\classical\44.wav
44,classical,0,0,0,0,0,1,1,0,0,5,0,0,29,1,Russian,44.wav,data/Emotify\classical\44.wav
44,classical,0,0,0,0,1,0,0,0,0,5,0,0,25,1,Russian,44.wav,data/Emotify\classical\44.wav
44,classical,0,1,0,0,0,0,1,0,0,4,1,0,36,0,Italian,44.wav,data/Emotify\classical\44.wav
44,classical,1,0,0,0,1,0,0,0,0,4,0,0,36,0,Italian,44.wav,data/Emotify\classical\44.wav
44,classical,1,1,0,0,1,0,0,0,0,5,0,0,25,1,Russian,44.wav,data/Emotify\classical\44.wav
44,classical,0,0,0,0,0,0,1,0,0,3,0,0,32,1,Farsi,44.wav,data/Emotify\classical\44.wav
44,classical,0,0,0,0,0,0,0,0,1,3,0,0,29,1,Dutch,44.wav,data/Emotify\classical\44.wav
44,classical,0,1,0,1,0,0,1,0,0,2,0,1,17,0,Dutch,44.wav,data/Emotify\classical\44.wav
44,classical,0,1,1,0,0,0,0,0,1,4,1,0,63,0,Dutch,44.wav,data/Emotify\classical\44.wav
45,classical,0,1,0,1,1,0,0,0,0,1,0,0,33,0,Russian,45.wav,data/Emotify\classical\45.wav
45,classical,0,1,1,0,0,0,0,0,1,3,1,0,18,0,Dutch,45.wav,data/Emotify\classical\45.wav
45,classical,0,0,0,1,0,0,0,0,1,5,1,0,25,1,Estonian,45.wav,data/Emotify\classical\45.wav
45,classical,0,0,0,1,0,0,0,0,1,5,1,0,25,1,Estonian,45.wav,data/Emotify\classical\45.wav
45,classical,0,1,0,0,1,0,0,0,1,3,1,0,33,0,Russian,45.wav,data/Emotify\classical\45.wav
45,classical,0,0,1,0,1,0,1,0,0,3,0,1,31,0,Dutch,45.wav,data/Emotify\classical\45.wav
45,classical,0,1,0,0,0,0,0,1,1,5,0,0,25,1,Russian,45.wav,data/Emotify\classical\45.wav
45,classical,0,0,0,1,1,0,0,0,0,4,0,0,18,0,English,45.wav,data/Emotify\classical\45.wav
45,classical,0,0,0,0,0,0,0,0,1,5,0,0,34,0,English,45.wav,data/Emotify\classical\45.wav
45,classical,0,0,0,0,0,0,0,0,1,5,0,0,25,1,Russian,45.wav,data/Emotify\classical\45.wav
45,classical,0,0,0,1,1,0,0,0,1,3,1,0,20,0,Dutch,45.wav,data/Emotify\classical\45.wav
45,classical,1,0,0,1,1,0,0,0,0,2,1,0,21,0,Russian,45.wav,data/Emotify\classical\45.wav
45,classical,0,0,0,0,0,1,0,0,0,1,1,0,19,1,Russian,45.wav,data/Emotify\classical\45.wav
45,classical,0,0,0,0,1,0,0,0,0,3,0,0,68,0,English,45.wav,data/Emotify\classical\45.wav
45,classical,0,0,1,0,0,0,0,0,0,3,1,0,29,1,Dutch,45.wav,data/Emotify\classical\45.wav
45,classical,0,0,0,0,1,0,0,0,0,3,0,0,16,1,English,45.wav,data/Emotify\classical\45.wav
45,classical,0,0,0,1,1,0,0,0,1,4,1,0,22,1,English,45.wav,data/Emotify\classical\45.wav
46,classical,0,0,0,1,0,0,0,0,0,1,0,0,33,0,Russian,46.wav,data/Emotify\classical\46.wav
46,classical,0,0,0,1,1,0,0,0,0,4,0,0,25,1,Estonian,46.wav,data/Emotify\classical\46.wav
46,classical,0,0,0,0,1,0,0,0,0,5,0,0,25,1,Russian,46.wav,data/Emotify\classical\46.wav
46,classical,0,0,0,1,0,0,0,0,1,3,0,0,33,0,Russian,46.wav,data/Emotify\classical\46.wav
46,classical,0,0,1,1,1,0,0,0,0,2,1,0,16,1,Chinese,46.wav,data/Emotify\classical\46.wav
46,classical,1,0,1,0,0,0,1,0,0,4,1,0,17,0,French,46.wav,data/Emotify\classical\46.wav
46,classical,0,0,1,0,0,0,0,0,0,3,0,0,58,1,German,46.wav,data/Emotify\classical\46.wav
46,classical,0,1,0,0,0,0,0,0,0,5,0,0,34,0,English,46.wav,data/Emotify\classical\46.wav
46,classical,0,0,1,0,1,0,0,0,0,4,1,0,36,0,Italian,46.wav,data/Emotify\classical\46.wav
46,classical,0,0,0,0,1,0,0,0,0,4,1,0,41,1,English,46.wav,data/Emotify\classical\46.wav
46,classical,1,0,1,0,1,0,0,0,0,5,1,0,59,1,Dutch,46.wav,data/Emotify\classical\46.wav
46,classical,0,0,0,0,0,0,0,0,1,1,0,0,19,1,Russian,46.wav,data/Emotify\classical\46.wav
46,classical,0,0,1,1,1,0,0,0,0,3,1,0,53,1,Dutch,46.wav,data/Emotify\classical\46.wav
46,classical,1,1,0,1,0,0,0,0,0,5,1,0,11,1,Estonian,46.wav,data/Emotify\classical\46.wav
46,classical,0,0,0,1,1,0,0,0,0,4,1,0,22,1,English,46.wav,data/Emotify\classical\46.wav
46,classical,0,0,1,0,1,0,0,0,0,2,1,0,47,1,English,46.wav,data/Emotify\classical\46.wav
46,classical,0,0,1,0,0,0,0,0,0,5,0,0,25,1,Russian,46.wav,data/Emotify\classical\46.wav
47,classical,0,0,0,1,0,0,0,0,1,5,0,0,25,1,Russian,47.wav,data/Emotify\classical\47.wav
47,classical,0,1,0,1,0,0,0,0,1,3,0,0,33,0,Russian,47.wav,data/Emotify\classical\47.wav
47,classical,0,1,0,1,1,0,0,0,0,4,1,0,17,0,French,47.wav,data/Emotify\classical\47.wav
47,classical,0,0,0,0,0,0,0,0,1,5,0,0,34,0,English,47.wav,data/Emotify\classical\47.wav
47,classical,0,0,0,0,0,0,0,0,1,4,1,0,41,1,English,47.wav,data/Emotify\classical\47.wav
47,classical,1,0,1,1,0,0,0,0,0,5,1,0,59,1,Dutch,47.wav,data/Emotify\classical\47.wav
47,classical,0,0,0,0,1,1,0,0,0,1,0,0,19,1,Russian,47.wav,data/Emotify\classical\47.wav
47,classical,0,0,0,0,1,0,0,0,1,4,0,0,18,0,Norwegian,47.wav,data/Emotify\classical\47.wav
47,classical,0,0,1,1,0,0,0,0,0,3,0,0,60,0,Dutch,47.wav,data/Emotify\classical\47.wav
47,classical,0,0,0,0,1,0,0,0,1,4,1,0,30,1,German,47.wav,data/Emotify\classical\47.wav
47,classical,0,0,0,0,1,0,0,0,0,3,1,0,20,0,Dutch,47.wav,data/Emotify\classical\47.wav
47,classical,0,1,0,0,0,0,0,1,1,3,1,0,53,1,Dutch,47.wav,data/Emotify\classical\47.wav
47,classical,0,0,1,0,1,0,0,0,1,5,1,0,11,1,Estonian,47.wav,data/Emotify\classical\47.wav
47,classical,0,0,0,1,0,0,0,1,1,3,0,0,23,1,Russian,47.wav,data/Emotify\classical\47.wav
47,classical,0,0,0,1,0,0,0,0,1,4,0,0,47,0,Italian,47.wav,data/Emotify\classical\47.wav
47,classical,0,0,1,0,1,0,1,0,0,4,1,0,26,0,English,47.wav,data/Emotify\classical\47.wav
47,classical,0,0,0,1,0,0,0,0,1,1,0,0,33,0,Russian,47.wav,data/Emotify\classical\47.wav
48,classical,0,0,0,0,1,0,0,0,1,5,0,0,25,1,Russian,48.wav,data/Emotify\classical\48.wav
48,classical,0,0,0,0,0,0,0,1,0,4,0,0,33,0,Hungarian,48.wav,data/Emotify\classical\48.wav
48,classical,0,0,0,0,1,0,0,0,0,3,1,0,35,1,English,48.wav,data/Emotify\classical\48.wav
48,classical,0,1,0,1,0,0,0,0,1,3,1,0,33,0,Russian,48.wav,data/Emotify\classical\48.wav
48,classical,0,1,1,0,0,0,0,1,0,4,1,0,17,0,French,48.wav,data/Emotify\classical\48.wav
48,classical,0,1,0,0,0,0,0,0,0,5,0,0,34,0,English,48.wav,data/Emotify\classical\48.wav
48,classical,0,1,0,0,1,0,0,0,0,5,1,0,59,1,Dutch,48.wav,data/Emotify\classical\48.wav
48,classical,0,0,0,1,1,0,0,0,1,3,0,0,53,1,Dutch,48.wav,data/Emotify\classical\48.wav
48,classical,0,0,0,1,0,0,0,1,1,5,0,0,11,1,Estonian,48.wav,data/Emotify\classical\48.wav
48,classical,0,1,0,0,0,0,1,0,0,3,0,0,23,1,Russian,48.wav,data/Emotify\classical\48.wav
48,classical,0,0,0,1,0,0,0,0,0,3,1,0,26,1,Dutch,48.wav,data/Emotify\classical\48.wav
48,classical,0,0,0,1,0,0,0,0,0,4,0,1,26,1,Russian,48.wav,data/Emotify\classical\48.wav
48,classical,0,1,0,0,0,1,0,1,0,3,0,0,16,1,English,48.wav,data/Emotify\classical\48.wav
48,classical,1,0,0,0,0,0,0,0,0,3,0,0,15,0,Russian,48.wav,data/Emotify\classical\48.wav
48,classical,0,1,0,0,0,0,0,1,0,4,0,0,30,1,German,48.wav,data/Emotify\classical\48.wav
48,classical,0,0,0,1,0,0,1,1,0,4,0,0,45,0,Dutch,48.wav,data/Emotify\classical\48.wav
48,classical,0,1,0,0,0,0,0,0,1,1,1,0,33,0,Russian,48.wav,data/Emotify\classical\48.wav
49,classical,0,0,0,0,0,1,0,1,0,4,0,0,18,0,Norwegian,49.wav,data/Emotify\classical\49.wav
49,classical,0,1,0,1,0,0,0,0,1,3,0,0,33,0,Russian,49.wav,data/Emotify\classical\49.wav
49,classical,0,0,0,0,0,0,0,1,0,5,0,0,34,0,English,49.wav,data/Emotify\classical\49.wav
49,classical,0,1,0,0,0,1,0,0,1,4,1,0,17,0,Portuguese,49.wav,data/Emotify\classical\49.wav
49,classical,0,0,0,0,0,0,0,0,1,3,0,1,36,0,German,49.wav,data/Emotify\classical\49.wav
49,classical,0,1,0,0,0,0,0,1,0,3,0,0,60,0,Dutch,49.wav,data/Emotify\classical\49.wav
49,classical,0,1,0,0,0,0,0,0,1,4,0,0,23,0,Dutch,49.wav,data/Emotify\classical\49.wav
49,classical,0,1,0,0,0,1,1,0,0,3,1,0,53,1,Dutch,49.wav,data/Emotify\classical\49.wav
49,classical,0,0,1,0,0,0,0,1,1,5,1,0,37,0,Arabic,49.wav,data/Emotify\classical\49.wav
49,classical,0,1,0,0,0,0,0,1,1,5,1,0,11,1,Estonian,49.wav,data/Emotify\classical\49.wav
49,classical,0,1,0,0,0,0,0,0,1,3,1,0,23,1,Russian,49.wav,data/Emotify\classical\49.wav
49,classical,0,0,0,1,0,0,0,0,1,3,0,0,26,1,Dutch,49.wav,data/Emotify\classical\49.wav
49,classical,0,1,0,0,1,1,0,0,0,5,1,0,40,1,Dutch,49.wav,data/Emotify\classical\49.wav
49,classical,0,0,0,0,0,0,0,1,1,4,1,1,42,0,Dutch,49.wav,data/Emotify\classical\49.wav
49,classical,0,0,1,0,1,1,0,0,0,4,1,0,45,0,Dutch,49.wav,data/Emotify\classical\49.wav
49,classical,0,1,0,0,0,0,0,1,1,1,1,0,33,0,Russian,49.wav,data/Emotify\classical\49.wav
49,classical,0,1,0,0,0,0,0,1,1,5,1,0,25,1,Russian,49.wav,data/Emotify\classical\49.wav
50,classical,0,0,0,0,0,0,1,0,0,5,1,0,44,0,Dutch,50.wav,data/Emotify\classical\50.wav
50,classical,0,1,0,0,0,0,0,0,0,2,1,0,20,1,Russian,50.wav,data/Emotify\classical\50.wav
50,classical,0,0,0,0,0,0,1,0,0,5,0,0,34,0,English,50.wav,data/Emotify\classical\50.wav
50,classical,0,0,0,0,0,1,1,0,0,3,1,0,68,0,English,50.wav,data/Emotify\classical\50.wav
50,classical,0,1,0,0,0,0,1,1,0,3,1,0,33,0,Russian,50.wav,data/Emotify\classical\50.wav
50,classical,0,0,0,1,0,0,1,1,0,3,0,1,53,1,Dutch,50.wav,data/Emotify\classical\50.wav
50,classical,0,1,0,1,0,1,0,0,0,3,1,0,39,0,English,50.wav,data/Emotify\classical\50.wav
50,classical,0,1,0,0,0,1,1,0,0,5,1,0,40,1,Dutch,50.wav,data/Emotify\classical\50.wav
50,classical,1,1,0,0,0,0,1,0,0,5,0,0,11,1,Estonian,50.wav,data/Emotify\classical\50.wav
50,classical,1,1,0,0,0,0,0,0,1,3,0,0,23,1,Russian,50.wav,data/Emotify\classical\50.wav
50,classical,1,0,1,0,0,0,1,0,0,3,0,0,26,1,Dutch,50.wav,data/Emotify\classical\50.wav
50,classical,1,0,0,0,0,1,1,0,0,4,0,0,45,0,Dutch,50.wav,data/Emotify\classical\50.wav
50,classical,0,0,1,0,0,0,1,0,0,5,1,0,59,1,Dutch,50.wav,data/Emotify\classical\50.wav
50,classical,0,0,0,0,0,0,1,1,0,5,1,0,25,1,Russian,50.wav,data/Emotify\classical\50.wav
50,classical,0,0,1,0,0,1,0,1,0,4,0,0,18,0,Norwegian,50.wav,data/Emotify\classical\50.wav
50,classical,0,0,0,0,0,0,0,1,0,1,0,0,33,0,Russian,50.wav,data/Emotify\classical\50.wav
50,classical,1,0,0,0,0,1,1,0,0,4,0,0,44,1,Dutch,50.wav,data/Emotify\classical\50.wav
51,classical,0,0,0,1,0,0,0,0,0,2,1,0,16,1,Ucrainian,51.wav,data/Emotify\classical\51.wav
51,classical,0,1,0,1,0,0,0,0,1,4,0,1,49,0,English,51.wav,data/Emotify\classical\51.wav
51,classical,0,0,0,1,0,0,0,0,0,5,0,0,34,0,English,51.wav,data/Emotify\classical\51.wav
51,classical,0,0,1,1,0,0,0,0,1,5,0,1,40,1,Dutch,51.wav,data/Emotify\classical\51.wav
51,classical,1,1,0,0,1,0,0,0,0,3,1,0,53,1,Dutch,51.wav,data/Emotify\classical\51.wav
51,classical,0,0,0,1,1,0,0,0,1,3,0,0,33,0,Russian,51.wav,data/Emotify\classical\51.wav
51,classical,0,1,0,0,1,0,0,0,0,5,0,0,60,1,Russian,51.wav,data/Emotify\classical\51.wav
51,classical,0,0,0,1,0,0,0,0,0,3,0,0,25,1,Chinese,51.wav,data/Emotify\classical\51.wav
51,classical,0,0,0,1,1,0,0,0,1,5,1,0,11,1,Estonian,51.wav,data/Emotify\classical\51.wav
51,classical,0,0,0,1,1,0,0,0,0,3,1,0,26,1,Dutch,51.wav,data/Emotify\classical\51.wav
51,classical,0,0,1,1,0,0,0,0,1,4,0,0,36,0,Italian,51.wav,data/Emotify\classical\51.wav
51,classical,0,0,1,0,1,0,0,1,0,4,0,0,45,0,Dutch,51.wav,data/Emotify\classical\51.wav
51,classical,0,0,0,0,0,0,0,0,1,5,0,0,25,1,Russian,51.wav,data/Emotify\classical\51.wav
51,classical,0,0,1,1,0,0,0,0,0,1,0,0,33,0,Russian,51.wav,data/Emotify\classical\51.wav
51,classical,0,0,0,1,0,0,0,0,0,3,0,0,40,1,Russian,51.wav,data/Emotify\classical\51.wav
51,classical,0,0,0,0,0,0,0,1,1,4,0,0,44,1,Dutch,51.wav,data/Emotify\classical\51.wav
51,classical,0,0,0,1,0,0,0,0,0,4,1,0,34,0,Spanish,51.wav,data/Emotify\classical\51.wav
51,classical,1,0,0,0,0,0,0,0,0,2,1,0,20,1,Russian,51.wav,data/Emotify\classical\51.wav
52,classical,0,0,0,0,0,0,0,1,0,5,0,1,41,1,English,52.wav,data/Emotify\classical\52.wav
52,classical,0,1,0,0,0,0,0,0,0,5,0,0,34,0,English,52.wav,data/Emotify\classical\52.wav
52,classical,0,1,0,0,0,1,0,1,0,5,0,0,40,1,Dutch,52.wav,data/Emotify\classical\52.wav
52,classical,0,0,0,0,0,0,1,0,0,3,1,0,53,1,Dutch,52.wav,data/Emotify\classical\52.wav
52,classical,0,1,0,0,0,0,1,1,0,5,0,0,60,1,Russian,52.wav,data/Emotify\classical\52.wav
52,classical,0,0,0,0,0,0,0,1,0,3,0,0,33,0,Russian,52.wav,data/Emotify\classical\52.wav
52,classical,1,0,0,0,0,0,1,1,0,4,0,0,45,0,Dutch,52.wav,data/Emotify\classical\52.wav
52,classical,1,1,0,0,0,0,1,0,0,5,1,0,11,1,Estonian,52.wav,data/Emotify\classical\52.wav
52,classical,0,0,0,0,1,0,1,0,0,3,1,0,26,1,Dutch,52.wav,data/Emotify\classical\52.wav
52,classical,0,0,0,0,0,1,0,0,0,5,0,0,25,1,Russian,52.wav,data/Emotify\classical\52.wav
52,classical,0,0,0,0,0,1,0,0,0,2,1,0,32,0,Dutch,52.wav,data/Emotify\classical\52.wav
52,classical,0,0,0,0,0,0,1,0,0,1,0,0,33,0,Russian,52.wav,data/Emotify\classical\52.wav
52,classical,1,1,1,0,0,0,1,0,0,3,1,0,25,0,Dutch,52.wav,data/Emotify\classical\52.wav
52,classical,0,0,0,0,0,0,0,1,0,3,0,1,40,1,Russian,52.wav,data/Emotify\classical\52.wav
52,classical,0,1,0,0,0,1,0,0,1,4,0,1,49,0,English,52.wav,data/Emotify\classical\52.wav
52,classical,0,0,0,1,0,0,1,1,0,4,1,0,63,0,Dutch,52.wav,data/Emotify\classical\52.wav
52,classical,1,0,0,0,0,0,0,0,0,2,1,0,16,1,Ucrainian,52.wav,data/Emotify\classical\52.wav
52,classical,0,0,0,0,0,0,1,0,0,4,0,0,16,0,Russian,52.wav,data/Emotify\classical\52.wav
53,classical,1,0,0,0,0,0,1,1,0,5,0,0,40,1,Dutch,53.wav,data/Emotify\classical\53.wav
53,classical,0,1,0,0,0,0,1,1,0,5,0,0,60,1,Russian,53.wav,data/Emotify\classical\53.wav
53,classical,0,0,0,1,0,0,1,1,0,3,1,0,53,1,Dutch,53.wav,data/Emotify\classical\53.wav
53,classical,0,0,0,1,0,0,0,0,0,3,0,0,24,0,Bengali,53.wav,data/Emotify\classical\53.wav
53,classical,0,0,0,0,0,1,0,1,0,3,1,0,34,0,Dutch,53.wav,data/Emotify\classical\53.wav
53,classical,0,1,0,0,0,0,0,1,0,3,0,0,33,0,Russian,53.wav,data/Emotify\classical\53.wav
53,classical,0,1,0,1,0,1,0,0,0,4,0,0,45,0,Dutch,53.wav,data/Emotify\classical\53.wav
53,classical,0,1,0,0,0,0,1,1,0,5,0,0,11,1,Estonian,53.wav,data/Emotify\classical\53.wav
53,classical,0,0,0,0,0,0,0,1,0,3,0,1,26,1,Dutch,53.wav,data/Emotify\classical\53.wav
53,classical,1,0,0,0,0,1,1,0,0,4,0,1,49,0,English,53.wav,data/Emotify\classical\53.wav
53,classical,0,1,0,0,0,0,0,1,1,5,0,0,25,1,Russian,53.wav,data/Emotify\classical\53.wav
53,classical,1,0,0,0,0,1,0,0,0,2,1,0,32,0,Dutch,53.wav,data/Emotify\classical\53.wav
53,classical,0,0,0,0,0,0,1,0,0,3,0,0,40,1,Russian,53.wav,data/Emotify\classical\53.wav
53,classical,1,1,0,0,0,0,0,1,0,4,0,0,23,0,English,53.wav,data/Emotify\classical\53.wav
53,classical,0,0,0,0,0,0,0,1,0,3,0,0,68,0,English,53.wav,data/Emotify\classical\53.wav
53,classical,0,0,0,0,0,1,0,1,1,1,1,0,33,0,Russian,53.wav,data/Emotify\classical\53.wav
53,classical,0,0,0,0,0,0,0,1,0,2,0,1,16,1,Ucrainian,53.wav,data/Emotify\classical\53.wav
54,classical,0,0,0,0,0,0,1,0,0,3,1,0,34,0,Dutch,54.wav,data/Emotify\classical\54.wav
54,classical,0,0,0,0,0,0,1,0,1,3,0,0,33,0,Russian,54.wav,data/Emotify\classical\54.wav
54,classical,0,0,0,0,1,1,1,0,0,4,0,0,43,0,English,54.wav,data/Emotify\classical\54.wav
54,classical,0,0,0,0,0,0,1,0,1,1,0,0,33,0,Russian,54.wav,data/Emotify\classical\54.wav
54,classical,1,0,1,0,0,0,1,0,0,5,1,0,11,1,Estonian,54.wav,data/Emotify\classical\54.wav
54,classical,0,0,1,0,1,0,1,0,0,3,1,0,26,1,Dutch,54.wav,data/Emotify\classical\54.wav
54,classical,0,0,0,0,1,0,1,0,0,3,1,0,14,1,English,54.wav,data/Emotify\classical\54.wav
54,classical,1,1,0,0,1,0,0,0,0,3,1,0,39,0,English,54.wav,data/Emotify\classical\54.wav
54,classical,0,0,0,0,1,0,1,0,0,3,1,0,14,1,English,54.wav,data/Emotify\classical\54.wav
54,classical,0,0,0,0,0,1,0,0,0,3,0,0,40,1,Russian,54.wav,data/Emotify\classical\54.wav
54,classical,1,0,0,0,1,0,0,0,0,5,0,0,25,1,Russian,54.wav,data/Emotify\classical\54.wav
54,classical,0,1,0,0,0,0,1,1,0,5,0,0,39,0,Spanish,54.wav,data/Emotify\classical\54.wav
54,classical,0,0,0,0,0,0,1,0,0,5,1,0,59,1,Dutch,54.wav,data/Emotify\classical\54.wav
54,classical,0,0,0,0,0,0,1,0,0,2,1,0,16,1,Ucrainian,54.wav,data/Emotify\classical\54.wav
54,classical,0,0,0,0,1,1,1,0,0,5,1,0,64,0,English,54.wav,data/Emotify\classical\54.wav
54,classical,0,1,0,0,1,0,1,0,0,5,0,0,60,1,Russian,54.wav,data/Emotify\classical\54.wav
54,classical,0,0,1,0,0,1,1,0,0,5,1,0,40,1,Dutch,54.wav,data/Emotify\classical\54.wav
54,classical,0,0,0,0,0,1,1,1,0,3,1,0,53,1,Dutch,54.wav,data/Emotify\classical\54.wav
55,classical,0,0,0,0,1,0,0,1,1,4,0,0,43,0,English,55.wav,data/Emotify\classical\55.wav
55,classical,0,0,0,0,1,0,1,0,0,3,0,0,34,0,Dutch,55.wav,data/Emotify\classical\55.wav
55,classical,0,0,1,0,1,0,0,0,0,3,0,0,33,0,Russian,55.wav,data/Emotify\classical\55.wav
55,classical,0,0,1,0,1,0,1,0,0,3,0,0,27,1,Chinese,55.wav,data/Emotify\classical\55.wav
55,classical,0,0,0,0,0,0,0,0,0,1,0,0,33,0,Russian,55.wav,data/Emotify\classical\55.wav
55,classical,0,0,1,1,1,0,0,0,0,5,0,0,11,1,Estonian,55.wav,data/Emotify\classical\55.wav
55,classical,0,0,0,0,0,0,0,0,1,3,1,0,26,1,Dutch,55.wav,data/Emotify\classical\55.wav
55,classical,0,0,0,0,0,0,0,1,0,3,0,1,40,1,Russian,55.wav,data/Emotify\classical\55.wav
55,classical,1,0,0,1,0,0,1,0,0,5,1,0,25,1,Russian,55.wav,data/Emotify\classical\55.wav
55,classical,0,0,0,0,0,0,0,1,0,3,0,1,21,0,English,55.wav,data/Emotify\classical\55.wav
55,classical,1,0,0,0,1,0,0,0,0,5,0,0,25,1,Russian,55.wav,data/Emotify\classical\55.wav
55,classical,0,0,1,0,0,0,0,0,0,4,1,0,20,1,English,55.wav,data/Emotify\classical\55.wav
55,classical,0,0,1,0,0,0,0,0,0,4,1,0,20,1,English,55.wav,data/Emotify\classical\55.wav
55,classical,0,0,0,0,1,1,1,0,0,5,1,0,64,0,English,55.wav,data/Emotify\classical\55.wav
55,classical,0,0,1,0,1,0,0,1,0,5,0,0,60,1,Russian,55.wav,data/Emotify\classical\55.wav
55,classical,0,1,0,0,1,0,0,0,0,5,1,0,59,1,Dutch,55.wav,data/Emotify\classical\55.wav
55,classical,0,0,0,0,0,0,0,1,0,4,0,0,41,0,Dutch,55.wav,data/Emotify\classical\55.wav
55,classical,0,0,1,0,1,0,0,0,1,3,1,0,53,1,Dutch,55.wav,data/Emotify\classical\55.wav
56,classical,0,0,1,0,1,0,0,0,0,3,0,0,33,0,Russian,56.wav,data/Emotify\classical\56.wav
56,classical,0,0,1,0,1,0,0,0,0,4,0,0,16,0,Russian,56.wav,data/Emotify\classical\56.wav
56,classical,0,0,0,1,0,0,0,0,0,1,0,0,33,0,Russian,56.wav,data/Emotify\classical\56.wav
56,classical,1,0,0,0,0,0,0,0,0,3,0,0,15,0,Russian,56.wav,data/Emotify\classical\56.wav
56,classical,0,0,0,0,1,0,0,0,0,4,0,0,47,0,Dutch,56.wav,data/Emotify\classical\56.wav
56,classical,1,0,1,0,0,0,0,0,0,3,1,0,26,1,Dutch,56.wav,data/Emotify\classical\56.wav
56,classical,0,0,1,0,0,0,0,0,0,4,0,0,37,0,English,56.wav,data/Emotify\classical\56.wav
56,classical,0,0,0,0,1,0,0,0,0,3,0,0,40,1,Russian,56.wav,data/Emotify\classical\56.wav
56,classical,0,1,0,0,1,0,0,0,0,4,1,0,36,0,Italian,56.wav,data/Emotify\classical\56.wav
56,classical,0,0,0,0,1,0,0,0,0,1,0,0,25,1,Russian,56.wav,data/Emotify\classical\56.wav
56,classical,0,1,0,0,1,0,1,0,0,5,1,0,64,0,English,56.wav,data/Emotify\classical\56.wav
56,classical,0,0,0,1,1,0,0,0,1,5,0,0,60,1,Russian,56.wav,data/Emotify\classical\56.wav
56,classical,0,0,0,1,1,0,0,0,0,2,0,1,28,0,Russian,56.wav,data/Emotify\classical\56.wav
56,classical,0,0,0,0,1,1,0,0,1,4,1,0,63,0,Dutch,56.wav,data/Emotify\classical\56.wav
56,classical,0,1,0,1,1,0,0,0,0,4,1,0,18,0,Dutch,56.wav,data/Emotify\classical\56.wav
56,classical,0,0,1,0,1,0,0,0,0,4,1,0,29,0,Dutch,56.wav,data/Emotify\classical\56.wav
56,classical,1,0,0,0,0,0,1,0,1,4,0,0,43,0,English,56.wav,data/Emotify\classical\56.wav
56,classical,0,0,1,1,1,0,0,0,0,3,1,0,34,0,Dutch,56.wav,data/Emotify\classical\56.wav
57,classical,0,1,1,0,0,0,0,0,0,3,0,0,32,1,Farsi,57.wav,data/Emotify\classical\57.wav
57,classical,1,0,0,0,0,0,0,0,0,4,1,0,37,0,English,57.wav,data/Emotify\classical\57.wav
57,classical,0,1,0,0,0,0,0,0,1,4,0,0,30,0,Hebrew,57.wav,data/Emotify\classical\57.wav
57,classical,0,1,0,0,0,0,0,0,0,4,0,0,47,0,Dutch,57.wav,data/Emotify\classical\57.wav
57,classical,0,0,0,0,1,0,0,0,1,4,0,0,20,0,English,57.wav,data/Emotify\classical\57.wav
57,classical,0,1,0,0,0,0,0,0,0,3,0,0,40,1,Russian,57.wav,data/Emotify\classical\57.wav
57,classical,0,1,1,0,0,0,0,0,0,5,0,0,48,0,German,57.wav,data/Emotify\classical\57.wav
57,classical,0,0,0,0,0,0,0,1,1,1,0,0,25,1,Russian,57.wav,data/Emotify\classical\57.wav
57,classical,0,1,0,1,0,0,0,0,0,1,0,0,33,0,Russian,57.wav,data/Emotify\classical\57.wav
57,classical,0,1,1,0,0,0,0,1,0,5,0,0,60,1,Russian,57.wav,data/Emotify\classical\57.wav
57,classical,0,1,0,0,0,0,0,0,0,2,0,0,28,0,Russian,57.wav,data/Emotify\classical\57.wav
57,classical,0,1,1,0,0,0,0,0,1,4,1,0,63,0,Dutch,57.wav,data/Emotify\classical\57.wav
57,classical,1,0,0,0,0,0,0,1,1,4,0,0,16,0,Russian,57.wav,data/Emotify\classical\57.wav
57,classical,1,1,0,0,1,0,0,0,0,3,1,0,34,0,Dutch,57.wav,data/Emotify\classical\57.wav
57,classical,1,1,0,1,0,0,0,0,0,4,1,0,18,0,Dutch,57.wav,data/Emotify\classical\57.wav
57,classical,0,0,0,0,0,1,1,1,0,4,0,0,43,0,English,57.wav,data/Emotify\classical\57.wav
57,classical,0,1,0,0,0,0,0,0,1,3,0,0,33,0,Russian,57.wav,data/Emotify\classical\57.wav
57,classical,0,0,0,0,0,0,0,0,1,3,0,0,58,1,German,57.wav,data/Emotify\classical\57.wav
58,classical,0,1,1,0,0,0,0,1,0,5,1,0,23,0,Bengali,58.wav,data/Emotify\classical\58.wav
58,classical,0,0,0,1,0,0,0,0,0,4,0,0,47,0,Dutch,58.wav,data/Emotify\classical\58.wav
58,classical,1,0,0,0,0,0,0,0,0,3,0,0,40,1,Russian,58.wav,data/Emotify\classical\58.wav
58,classical,0,0,1,0,1,0,0,1,0,4,1,0,22,0,Estonian,58.wav,data/Emotify\classical\58.wav
58,classical,0,0,0,0,0,1,1,0,0,5,0,0,48,0,German,58.wav,data/Emotify\classical\58.wav
58,classical,0,0,0,1,0,1,0,0,1,3,1,0,21,1,Russian,58.wav,data/Emotify\classical\58.wav
58,classical,0,0,0,0,0,0,0,1,1,1,0,0,25,1,Russian,58.wav,data/Emotify\classical\58.wav
58,classical,0,0,0,0,0,1,1,0,0,3,1,0,25,0,Romanian,58.wav,data/Emotify\classical\58.wav
58,classical,0,1,0,0,0,0,0,1,0,1,0,0,33,0,Russian,58.wav,data/Emotify\classical\58.wav
58,classical,0,0,0,0,0,1,1,0,0,3,1,0,68,0,English,58.wav,data/Emotify\classical\58.wav
58,classical,0,1,0,0,0,1,0,1,0,5,0,0,60,1,Russian,58.wav,data/Emotify\classical\58.wav
58,classical,0,0,0,0,0,1,0,0,0,4,0,0,36,0,Italian,58.wav,data/Emotify\classical\58.wav
58,classical,0,0,0,0,0,0,0,1,0,2,0,0,28,0,Russian,58.wav,data/Emotify\classical\58.wav
58,classical,0,0,0,0,0,0,0,1,1,3,1,0,34,0,Dutch,58.wav,data/Emotify\classical\58.wav
58,classical,0,1,0,0,1,1,0,0,0,4,1,0,18,0,Dutch,58.wav,data/Emotify\classical\58.wav
58,classical,0,1,0,1,0,0,0,1,0,3,0,0,33,0,Russian,58.wav,data/Emotify\classical\58.wav
58,classical,0,1,0,0,0,1,0,0,1,4,1,0,25,1,Estonian,58.wav,data/Emotify\classical\58.wav
59,classical,0,0,0,0,0,0,1,0,0,4,1,0,47,0,Dutch,59.wav,data/Emotify\classical\59.wav
59,classical,0,0,0,0,0,0,0,1,0,3,0,1,40,1,Russian,59.wav,data/Emotify\classical\59.wav
59,classical,0,0,0,0,0,1,1,1,0,3,0,0,32,1,Farsi,59.wav,data/Emotify\classical\59.wav
59,classical,1,0,0,0,0,1,1,0,0,3,1,0,35,1,English,59.wav,data/Emotify\classical\59.wav
59,classical,0,1,0,0,0,0,1,0,0,3,0,0,27,0,English,59.wav,data/Emotify\classical\59.wav
59,classical,0,0,0,1,0,0,0,0,0,4,0,0,63,0,Dutch,59.wav,data/Emotify\classical\59.wav
59,classical,0,0,0,1,0,0,1,0,0,1,0,0,25,1,Russian,59.wav,data/Emotify\classical\59.wav
59,classical,0,1,0,0,0,1,1,0,0,2,1,0,27,0,French,59.wav,data/Emotify\classical\59.wav
59,classical,1,0,0,0,0,1,1,0,0,1,0,0,33,0,Russian,59.wav,data/Emotify\classical\59.wav
59,classical,0,0,0,0,0,0,0,1,1,3,0,1,52,1,Dutch,59.wav,data/Emotify\classical\59.wav
59,classical,0,1,0,0,0,1,0,1,0,5,0,0,60,1,Russian,59.wav,data/Emotify\classical\59.wav
59,classical,0,0,0,0,0,1,1,0,0,4,0,0,27,1,English,59.wav,data/Emotify\classical\59.wav
59,classical,1,0,0,0,0,0,0,0,0,5,0,0,37,1,Serbian,59.wav,data/Emotify\classical\59.wav
59,classical,0,0,0,0,0,0,0,0,0,3,0,0,34,0,Dutch,59.wav,data/Emotify\classical\59.wav
59,classical,0,0,0,0,0,1,1,0,0,4,1,0,18,0,Dutch,59.wav,data/Emotify\classical\59.wav
59,classical,1,0,0,0,0,1,0,1,0,3,0,0,15,0,Russian,59.wav,data/Emotify\classical\59.wav
59,classical,0,1,0,0,0,0,1,0,1,3,0,0,33,0,Russian,59.wav,data/Emotify\classical\59.wav
60,classical,0,1,0,0,0,0,0,0,0,4,1,0,47,0,Dutch,60.wav,data/Emotify\classical\60.wav
60,classical,0,0,0,0,1,0,0,0,1,1,0,0,25,1,Russian,60.wav,data/Emotify\classical\60.wav
60,classical,0,0,1,0,0,0,0,1,0,5,1,0,25,0,Russian,60.wav,data/Emotify\classical\60.wav
60,classical,0,1,0,0,1,0,0,0,1,3,0,0,27,0,English,60.wav,data/Emotify\classical\60.wav
60,classical,0,0,0,0,1,0,0,0,1,4,0,1,63,0,Dutch,60.wav,data/Emotify\classical\60.wav
60,classical,0,1,1,1,0,0,0,0,0,5,1,0,46,0,Dutch,60.wav,data/Emotify\classical\60.wav
60,classical,0,0,0,1,0,0,0,0,1,1,0,0,33,0,Russian,60.wav,data/Emotify\classical\60.wav
60,classical,0,1,1,0,1,0,0,0,0,3,1,0,52,1,Dutch,60.wav,data/Emotify\classical\60.wav
60,classical,0,0,1,1,1,0,0,0,0,5,1,0,37,0,Arabic,60.wav,data/Emotify\classical\60.wav
60,classical,0,0,0,1,0,0,0,0,1,3,0,0,25,0,Portuguese,60.wav,data/Emotify\classical\60.wav
60,classical,0,0,0,1,1,0,0,0,1,3,0,0,39,0,English,60.wav,data/Emotify\classical\60.wav
60,classical,1,0,1,1,0,0,0,0,0,5,0,0,60,1,Russian,60.wav,data/Emotify\classical\60.wav
60,classical,0,0,0,1,0,0,0,0,1,4,1,0,27,1,English,60.wav,data/Emotify\classical\60.wav
60,classical,0,0,0,1,0,0,0,1,1,3,0,0,34,0,Dutch,60.wav,data/Emotify\classical\60.wav
60,classical,1,1,0,0,1,0,0,0,0,4,1,0,18,0,Dutch,60.wav,data/Emotify\classical\60.wav
60,classical,0,0,0,1,1,0,0,0,1,3,0,0,33,0,Russian,60.wav,data/Emotify\classical\60.wav
60,classical,0,0,0,0,1,0,0,0,0,4,1,0,22,0,Russian,60.wav,data/Emotify\classical\60.wav
61,classical,0,0,0,0,0,0,1,0,0,4,1,0,63,0,Dutch,61.wav,data/Emotify\classical\61.wav
61,classical,0,0,0,0,0,0,1,0,0,3,0,0,20,1,Spanish,61.wav,data/Emotify\classical\61.wav
61,classical,0,0,0,0,0,0,1,0,1,5,0,0,25,1,Russian,61.wav,data/Emotify\classical\61.wav
61,classical,0,0,0,0,0,0,1,1,0,1,0,0,33,0,Russian,61.wav,data/Emotify\classical\61.wav
61,classical,0,0,0,0,0,0,0,0,0,3,0,0,25,0,Portuguese,61.wav,data/Emotify\classical\61.wav
61,classical,1,0,0,1,1,0,0,0,0,3,1,0,15,0,English,61.wav,data/Emotify\classical\61.wav
61,classical,1,0,0,0,0,0,1,0,0,3,1,0,38,0,Danish,61.wav,data/Emotify\classical\61.wav
61,classical,0,0,0,1,0,0,0,1,0,1,1,0,23,0,Dutch,61.wav,data/Emotify\classical\61.wav
61,classical,0,1,0,0,0,0,1,0,0,3,1,0,26,0,Dutch,61.wav,data/Emotify\classical\61.wav
61,classical,0,1,0,0,0,0,1,1,0,5,0,0,60,1,Russian,61.wav,data/Emotify\classical\61.wav
61,classical,1,0,0,0,0,0,0,0,0,3,0,0,35,1,English,61.wav,data/Emotify\classical\61.wav
61,classical,0,0,0,0,1,0,0,0,0,3,1,0,32,0,English,61.wav,data/Emotify\classical\61.wav
61,classical,0,1,0,1,1,0,0,0,0,4,1,0,18,0,Dutch,61.wav,data/Emotify\classical\61.wav
61,classical,0,0,0,0,0,0,1,1,1,3,0,0,33,0,Russian,61.wav,data/Emotify\classical\61.wav
61,classical,0,0,0,0,0,0,0,1,0,4,1,0,25,0,English,61.wav,data/Emotify\classical\61.wav
61,classical,0,0,0,0,0,0,1,1,0,4,1,0,43,0,Dutch,61.wav,data/Emotify\classical\61.wav
61,classical,0,0,0,0,0,0,1,0,0,2,1,0,35,1,English,61.wav,data/Emotify\classical\61.wav
61,classical,0,0,0,0,0,1,0,0,0,4,1,0,47,0,Dutch,61.wav,data/Emotify\classical\61.wav
62,classical,0,0,0,0,0,0,0,1,0,4,0,1,63,0,Dutch,62.wav,data/Emotify\classical\62.wav
62,classical,0,0,0,1,0,1,0,0,0,5,0,0,25,1,Russian,62.wav,data/Emotify\classical\62.wav
62,classical,0,0,0,0,0,0,1,0,0,1,0,0,33,0,Russian,62.wav,data/Emotify\classical\62.wav
62,classical,1,0,0,0,0,0,1,0,0,3,1,0,25,0,Portuguese,62.wav,data/Emotify\classical\62.wav
62,classical,0,0,0,0,0,0,1,0,0,3,0,0,34,0,Dutch,62.wav,data/Emotify\classical\62.wav
62,classical,0,0,1,1,0,0,0,1,0,3,0,0,39,0,English,62.wav,data/Emotify\classical\62.wav
62,classical,0,0,0,0,0,0,1,0,0,3,1,0,26,0,Dutch,62.wav,data/Emotify\classical\62.wav
62,classical,1,0,0,0,0,0,1,1,0,5,0,0,60,1,Russian,62.wav,data/Emotify\classical\62.wav
62,classical,0,0,1,1,0,0,1,0,0,3,1,0,33,0,Dutch,62.wav,data/Emotify\classical\62.wav
62,classical,0,0,0,0,0,0,1,0,0,4,1,0,27,1,English,62.wav,data/Emotify\classical\62.wav
62,classical,0,0,0,0,0,0,1,1,0,3,1,0,24,0,Russian,62.wav,data/Emotify\classical\62.wav
62,classical,0,0,0,0,0,0,1,0,0,4,1,0,18,0,Dutch,62.wav,data/Emotify\classical\62.wav
62,classical,0,0,0,0,0,1,1,1,0,4,0,1,43,0,Dutch,62.wav,data/Emotify\classical\62.wav
62,classical,0,0,0,0,0,0,1,0,0,2,1,0,35,1,English,62.wav,data/Emotify\classical\62.wav
62,classical,0,0,0,1,0,0,1,0,0,3,0,0,33,0,Russian,62.wav,data/Emotify\classical\62.wav
62,classical,1,0,0,0,0,0,0,0,0,4,1,0,47,0,Dutch,62.wav,data/Emotify\classical\62.wav
62,classical,0,0,0,0,0,0,1,0,0,3,1,0,24,0,English,62.wav,data/Emotify\classical\62.wav
63,classical,0,0,0,0,1,0,0,0,1,5,0,0,25,1,Russian,63.wav,data/Emotify\classical\63.wav
63,classical,0,0,0,1,1,0,0,0,0,1,0,0,33,0,Russian,63.wav,data/Emotify\classical\63.wav
63,classical,0,0,1,1,0,0,0,0,0,3,1,0,25,0,Portuguese,63.wav,data/Emotify\classical\63.wav
63,classical,0,1,1,0,0,0,0,0,1,4,1,0,63,0,Dutch,63.wav,data/Emotify\classical\63.wav
63,classical,0,0,1,0,0,0,0,0,0,3,1,0,34,0,Dutch,63.wav,data/Emotify\classical\63.wav
63,classical,0,0,0,0,0,0,0,1,1,3,1,0,26,0,Dutch,63.wav,data/Emotify\classical\63.wav
63,classical,0,1,0,0,1,0,0,0,0,3,0,0,33,0,Dutch,63.wav,data/Emotify\classical\63.wav
63,classical,0,1,0,0,0,0,0,0,1,4,0,0,27,1,English,63.wav,data/Emotify\classical\63.wav
63,classical,0,0,0,1,1,0,0,0,0,2,1,0,35,1,English,63.wav,data/Emotify\classical\63.wav
63,classical,0,1,0,0,0,0,0,1,0,3,0,0,24,0,Russian,63.wav,data/Emotify\classical\63.wav
63,classical,0,0,0,0,1,0,0,0,0,4,1,0,18,0,Dutch,63.wav,data/Emotify\classical\63.wav
63,classical,0,1,0,0,1,0,0,0,1,4,1,0,43,0,Dutch,63.wav,data/Emotify\classical\63.wav
63,classical,0,0,0,1,1,0,0,0,0,1,0,0,25,1,Russian,63.wav,data/Emotify\classical\63.wav
63,classical,0,0,0,0,0,0,0,1,0,3,0,0,33,0,Russian,63.wav,data/Emotify\classical\63.wav
63,classical,1,0,1,1,0,0,0,0,0,3,1,0,44,0,Dutch,63.wav,data/Emotify\classical\63.wav
63,classical,0,0,0,1,1,0,0,0,0,3,0,0,28,0,English,63.wav,data/Emotify\classical\63.wav
63,classical,0,0,0,1,0,0,0,0,0,4,0,0,47,0,Dutch,63.wav,data/Emotify\classical\63.wav
64,classical,0,0,0,1,1,1,0,0,0,4,1,0,63,0,Dutch,64.wav,data/Emotify\classical\64.wav
64,classical,0,0,1,0,0,0,0,0,0,4,1,0,29,0,Dutch,64.wav,data/Emotify\classical\64.wav
64,classical,0,0,0,0,0,0,1,1,0,1,0,0,33,0,Russian,64.wav,data/Emotify\classical\64.wav
64,classical,0,0,0,0,0,0,1,0,0,5,1,0,23,0,Bengali,64.wav,data/Emotify\classical\64.wav
64,classical,0,0,0,0,0,0,1,1,0,3,0,0,34,0,Dutch,64.wav,data/Emotify\classical\64.wav
64,classical,0,0,0,0,0,0,0,1,0,3,0,1,25,1,Swedish,64.wav,data/Emotify\classical\64.wav
64,classical,0,1,0,0,1,0,0,0,0,3,0,0,24,0,Russian,64.wav,data/Emotify\classical\64.wav
64,classical,1,0,0,0,0,0,1,0,0,3,0,1,33,0,Dutch,64.wav,data/Emotify\classical\64.wav
64,classical,0,0,0,0,1,0,0,0,0,4,0,0,27,0,French,64.wav,data/Emotify\classical\64.wav
64,classical,0,0,0,0,0,0,1,0,0,4,1,1,18,0,Dutch,64.wav,data/Emotify\classical\64.wav
64,classical,0,0,0,0,0,0,1,0,0,1,0,0,25,1,Russian,64.wav,data/Emotify\classical\64.wav
64,classical,0,0,0,0,0,0,1,1,0,3,0,0,33,0,Russian,64.wav,data/Emotify\classical\64.wav
64,classical,0,0,0,0,1,0,0,0,0,3,1,0,60,0,Dutch,64.wav,data/Emotify\classical\64.wav
64,classical,1,0,0,0,0,1,1,0,0,3,1,0,44,0,Dutch,64.wav,data/Emotify\classical\64.wav
64,classical,0,0,0,0,0,0,1,0,0,3,1,0,28,0,English,64.wav,data/Emotify\classical\64.wav
64,classical,1,0,0,0,0,0,0,0,0,4,0,0,47,0,Dutch,64.wav,data/Emotify\classical\64.wav
64,classical,1,0,0,0,0,0,1,0,0,5,1,0,25,1,Russian,64.wav,data/Emotify\classical\64.wav
65,classical,0,0,0,0,0,1,1,1,0,4,1,0,11,1,Estonian,65.wav,data/Emotify\classical\65.wav
65,classical,1,0,0,0,0,0,0,0,0,2,1,0,45,0,Dutch,65.wav,data/Emotify\classical\65.wav
65,classical,0,0,0,0,0,0,1,1,0,1,0,0,33,0,Russian,65.wav,data/Emotify\classical\65.wav
65,classical,0,0,0,0,0,0,1,0,0,4,1,0,42,0,English,65.wav,data/Emotify\classical\65.wav
65,classical,0,0,0,0,0,0,0,1,0,3,0,1,25,1,Swedish,65.wav,data/Emotify\classical\65.wav
65,classical,0,0,0,0,0,1,0,0,0,3,0,0,25,0,Portuguese,65.wav,data/Emotify\classical\65.wav
65,classical,1,0,0,0,0,1,1,0,0,4,0,0,21,1,English,65.wav,data/Emotify\classical\65.wav
65,classical,0,0,0,0,0,0,1,0,0,4,1,0,18,0,Dutch,65.wav,data/Emotify\classical\65.wav
65,classical,1,0,0,0,0,0,1,1,0,3,1,0,33,0,Russian,65.wav,data/Emotify\classical\65.wav
65,classical,0,0,0,0,0,1,0,0,0,3,1,0,26,0,Russian,65.wav,data/Emotify\classical\65.wav
65,classical,0,0,0,0,0,0,1,0,0,4,1,0,47,0,Dutch,65.wav,data/Emotify\classical\65.wav
65,classical,0,0,0,0,0,0,1,1,0,5,0,0,25,1,Russian,65.wav,data/Emotify\classical\65.wav
65,classical,0,0,0,0,0,0,1,0,0,3,0,1,18,1,Dutch,65.wav,data/Emotify\classical\65.wav
65,classical,0,0,0,0,0,1,1,0,0,3,0,0,33,0,Dutch,65.wav,data/Emotify\classical\65.wav
65,classical,0,0,0,0,0,0,1,0,0,4,0,0,51,0,Dutch,65.wav,data/Emotify\classical\65.wav
65,classical,0,1,0,0,0,0,0,0,0,2,0,1,32,0,Greek,65.wav,data/Emotify\classical\65.wav
65,classical,1,0,0,0,0,0,1,0,0,4,1,0,29,0,Dutch,65.wav,data/Emotify\classical\65.wav
66,classical,0,0,0,0,1,0,0,0,0,2,0,1,34,0,Dutch,66.wav,data/Emotify\classical\66.wav
66,classical,0,0,0,1,0,0,0,1,0,4,1,0,42,0,English,66.wav,data/Emotify\classical\66.wav
66,classical,1,0,0,0,0,1,0,0,0,3,1,0,25,1,Swedish,66.wav,data/Emotify\classical\66.wav
66,classical,0,0,0,0,0,0,0,0,0,3,1,0,25,0,Portuguese,66.wav,data/Emotify\classical\66.wav
66,classical,0,0,0,1,0,0,0,0,0,2,0,0,30,1,English,66.wav,data/Emotify\classical\66.wav
66,classical,0,1,0,0,0,1,0,0,0,3,1,0,23,0,French,66.wav,data/Emotify\classical\66.wav
66,classical,0,1,0,0,0,0,0,1,0,3,0,1,21,1,Russian,66.wav,data/Emotify\classical\66.wav
66,classical,0,0,0,0,0,0,0,1,0,3,0,0,18,0,English,66.wav,data/Emotify\classical\66.wav
66,classical,0,0,0,0,0,0,1,0,0,3,0,0,15,0,Russian,66.wav,data/Emotify\classical\66.wav
66,classical,0,0,0,0,0,0,1,0,0,3,1,0,35,1,English,66.wav,data/Emotify\classical\66.wav
66,classical,0,0,0,0,0,0,0,1,0,4,0,0,53,1,English,66.wav,data/Emotify\classical\66.wav
66,classical,0,0,0,0,0,1,1,1,0,3,0,0,68,0,English,66.wav,data/Emotify\classical\66.wav
66,classical,0,1,0,1,0,0,0,1,0,3,0,0,33,0,Russian,66.wav,data/Emotify\classical\66.wav
66,classical,0,1,0,0,0,0,0,1,0,5,0,0,25,1,Russian,66.wav,data/Emotify\classical\66.wav
66,classical,0,0,0,0,0,0,1,0,0,3,0,0,16,1,English,66.wav,data/Emotify\classical\66.wav
66,classical,1,0,0,0,0,0,0,0,0,2,0,0,45,0,Dutch,66.wav,data/Emotify\classical\66.wav
66,classical,0,0,0,0,0,0,0,1,1,1,0,0,33,0,Russian,66.wav,data/Emotify\classical\66.wav
67,classical,0,0,1,0,1,0,0,0,0,4,1,0,42,0,English,67.wav,data/Emotify\classical\67.wav
67,classical,0,0,0,0,0,0,0,1,0,3,0,1,25,1,Swedish,67.wav,data/Emotify\classical\67.wav
67,classical,0,1,0,0,1,0,0,0,0,4,1,0,21,0,English,67.wav,data/Emotify\classical\67.wav
67,classical,0,0,0,0,0,0,0,1,0,3,0,1,21,1,Russian,67.wav,data/Emotify\classical\67.wav
67,classical,0,0,0,0,1,0,0,0,0,5,0,1,25,1,Russian,67.wav,data/Emotify\classical\67.wav
67,classical,1,0,1,0,1,0,0,0,0,5,1,0,30,0,German,67.wav,data/Emotify\classical\67.wav
67,classical,0,0,1,0,1,1,0,0,0,4,1,0,21,0,Russian,67.wav,data/Emotify\classical\67.wav
67,classical,0,1,0,0,0,0,0,0,0,3,1,0,31,0,Dutch,67.wav,data/Emotify\classical\67.wav
67,classical,0,0,0,0,0,0,1,0,0,4,0,0,36,0,Italian,67.wav,data/Emotify\classical\67.wav
67,classical,0,0,0,0,0,0,1,1,0,1,0,0,33,0,Russian,67.wav,data/Emotify\classical\67.wav
67,classical,0,0,0,0,0,0,1,1,1,3,0,0,33,0,Russian,67.wav,data/Emotify\classical\67.wav
67,classical,1,0,1,0,0,0,1,0,0,4,0,0,25,0,English,67.wav,data/Emotify\classical\67.wav
67,classical,0,0,0,0,1,0,0,0,0,2,1,0,45,0,Dutch,67.wav,data/Emotify\classical\67.wav
67,classical,0,0,0,1,1,0,0,0,0,4,1,0,29,0,Dutch,67.wav,data/Emotify\classical\67.wav
67,classical,0,0,0,0,1,0,0,0,0,2,0,0,30,1,English,67.wav,data/Emotify\classical\67.wav
67,classical,1,1,0,0,0,0,0,0,0,3,0,0,35,1,English,67.wav,data/Emotify\classical\67.wav
67,classical,0,0,1,0,0,1,0,0,0,2,1,0,34,0,Dutch,67.wav,data/Emotify\classical\67.wav
68,classical,0,0,0,1,1,0,0,0,0,4,0,0,21,0,English,68.wav,data/Emotify\classical\68.wav
68,classical,0,1,0,0,1,0,0,0,0,3,0,0,25,0,Portuguese,68.wav,data/Emotify\classical\68.wav
68,classical,0,0,1,0,1,0,0,0,0,5,1,0,31,0,Dutch,68.wav,data/Emotify\classical\68.wav
68,classical,0,1,0,1,1,0,0,0,0,3,1,0,31,0,Dutch,68.wav,data/Emotify\classical\68.wav
68,classical,0,0,1,0,1,0,0,0,0,4,0,0,25,1,Russian,68.wav,data/Emotify\classical\68.wav
68,classical,0,0,0,1,0,0,0,0,0,4,0,0,67,0,English,68.wav,data/Emotify\classical\68.wav
68,classical,0,1,0,0,0,0,0,1,0,1,0,0,33,0,Russian,68.wav,data/Emotify\classical\68.wav
68,classical,0,0,1,1,0,0,0,0,1,3,0,0,33,0,Russian,68.wav,data/Emotify\classical\68.wav
68,classical,0,0,0,0,1,0,0,0,0,5,1,0,14,1,Russian,68.wav,data/Emotify\classical\68.wav
68,classical,0,0,0,0,1,0,0,0,0,4,1,0,26,0,Russian,68.wav,data/Emotify\classical\68.wav
68,classical,0,0,1,1,0,0,0,0,1,3,0,0,30,0,Dutch,68.wav,data/Emotify\classical\68.wav
68,classical,0,0,0,1,1,0,0,0,1,4,0,0,57,0,English,68.wav,data/Emotify\classical\68.wav
68,classical,0,0,0,1,1,0,0,0,0,3,0,0,35,1,English,68.wav,data/Emotify\classical\68.wav
68,classical,0,1,0,0,0,1,1,0,0,3,1,0,32,0,English,68.wav,data/Emotify\classical\68.wav
68,classical,0,0,1,1,0,0,0,0,0,3,0,0,16,1,English,68.wav,data/Emotify\classical\68.wav
68,classical,0,0,0,0,1,0,0,0,0,4,0,0,31,1,French,68.wav,data/Emotify\classical\68.wav
68,classical,0,0,0,0,0,0,0,0,1,4,1,0,42,0,English,68.wav,data/Emotify\classical\68.wav
68,classical,0,0,0,0,0,0,0,1,0,3,0,1,25,1,Swedish,68.wav,data/Emotify\classical\68.wav
69,classical,0,0,1,1,1,0,0,0,0,4,0,0,18,0,Dutch,69.wav,data/Emotify\classical\69.wav
69,classical,0,1,1,0,1,0,0,0,0,3,1,0,31,0,Dutch,69.wav,data/Emotify\classical\69.wav
69,classical,0,1,0,0,1,0,0,0,0,5,1,0,31,0,Dutch,69.wav,data/Emotify\classical\69.wav
69,classical,0,0,1,1,1,0,0,0,0,4,0,0,18,0,Dutch,69.wav,data/Emotify\classical\69.wav
69,classical,0,0,0,0,1,0,0,0,0,2,0,1,25,1,Ucrainian,69.wav,data/Emotify\classical\69.wav
69,classical,0,0,0,0,1,0,0,0,0,1,0,0,28,1,Ucrainian,69.wav,data/Emotify\classical\69.wav
69,classical,0,0,1,1,1,0,0,0,0,4,0,0,18,0,Dutch,69.wav,data/Emotify\classical\69.wav
69,classical,0,1,0,0,0,0,0,0,0,4,0,0,67,0,English,69.wav,data/Emotify\classical\69.wav
69,classical,0,0,1,1,1,0,0,0,0,4,0,0,18,0,Dutch,69.wav,data/Emotify\classical\69.wav
69,classical,0,0,1,1,1,0,0,0,0,4,0,0,18,0,Dutch,69.wav,data/Emotify\classical\69.wav
69,classical,0,0,1,1,1,0,0,0,0,4,0,0,18,0,Dutch,69.wav,data/Emotify\classical\69.wav
69,classical,0,0,0,0,0,0,0,1,0,1,0,0,33,0,Russian,69.wav,data/Emotify\classical\69.wav
69,classical,0,0,1,1,0,0,0,0,0,4,0,0,18,0,Dutch,69.wav,data/Emotify\classical\69.wav
69,classical,0,0,1,1,0,0,0,0,0,4,0,0,18,0,Dutch,69.wav,data/Emotify\classical\69.wav
69,classical,0,0,1,1,1,0,0,0,0,4,0,0,18,0,Dutch,69.wav,data/Emotify\classical\69.wav
69,classical,0,0,0,0,0,0,1,1,0,3,0,0,33,0,Russian,69.wav,data/Emotify\classical\69.wav
69,classical,1,0,1,0,0,0,1,0,0,4,0,0,23,0,Dutch,69.wav,data/Emotify\classical\69.wav
69,classical,0,0,1,1,0,0,0,0,0,4,0,0,18,0,Dutch,69.wav,data/Emotify\classical\69.wav
69,classical,0,0,1,1,1,0,0,0,0,4,0,0,18,0,Dutch,69.wav,data/Emotify\classical\69.wav
69,classical,0,0,1,1,1,0,0,0,0,4,0,0,18,0,Dutch,69.wav,data/Emotify\classical\69.wav
69,classical,0,0,1,1,1,0,0,0,0,4,0,0,18,0,Dutch,69.wav,data/Emotify\classical\69.wav
69,classical,0,0,1,1,1,0,0,0,0,4,0,0,18,0,Dutch,69.wav,data/Emotify\classical\69.wav
69,classical,0,1,0,0,0,0,1,1,0,4,0,0,26,0,Russian,69.wav,data/Emotify\classical\69.wav
69,classical,0,0,1,1,1,0,0,0,0,4,0,0,18,0,Dutch,69.wav,data/Emotify\classical\69.wav
69,classical,1,0,0,0,0,0,0,0,0,2,1,0,45,0,Dutch,69.wav,data/Emotify\classical\69.wav
69,classical,0,0,1,1,1,0,0,0,0,4,0,0,18,0,Dutch,69.wav,data/Emotify\classical\69.wav
69,classical,0,1,0,0,1,0,0,0,0,4,0,0,57,0,English,69.wav,data/Emotify\classical\69.wav
69,classical,0,0,1,1,1,0,0,0,0,4,0,0,18,0,Dutch,69.wav,data/Emotify\classical\69.wav
69,classical,0,0,1,1,1,0,0,0,0,4,0,0,18,0,Dutch,69.wav,data/Emotify\classical\69.wav
69,classical,0,0,1,1,1,0,0,0,0,4,0,0,18,0,Dutch,69.wav,data/Emotify\classical\69.wav
69,classical,0,1,0,0,0,0,0,0,0,2,0,0,47,1,English,69.wav,data/Emotify\classical\69.wav
69,classical,0,0,1,1,1,0,0,0,0,4,0,0,18,0,Dutch,69.wav,data/Emotify\classical\69.wav
69,classical,0,0,1,1,1,0,0,0,0,4,0,0,18,0,Dutch,69.wav,data/Emotify\classical\69.wav
69,classical,0,0,1,0,0,1,0,0,0,4,1,0,42,0,English,69.wav,data/Emotify\classical\69.wav
69,classical,0,1,1,0,0,1,0,0,0,3,1,0,25,1,Swedish,69.wav,data/Emotify\classical\69.wav
69,classical,0,0,1,1,1,0,0,0,0,4,0,0,18,0,Dutch,69.wav,data/Emotify\classical\69.wav
69,classical,0,0,1,1,1,0,0,0,0,4,0,0,18,0,Dutch,69.wav,data/Emotify\classical\69.wav
69,classical,0,1,0,0,0,0,0,0,0,3,0,0,25,0,Portuguese,69.wav,data/Emotify\classical\69.wav
70,classical,0,0,0,0,0,0,0,0,1,2,0,1,25,1,Ucrainian,70.wav,data/Emotify\classical\70.wav
70,classical,0,1,0,0,0,0,0,1,0,1,0,0,33,0,Russian,70.wav,data/Emotify\classical\70.wav
70,classical,0,0,0,1,0,0,0,0,0,5,1,0,14,1,Russian,70.wav,data/Emotify\classical\70.wav
70,classical,1,0,0,0,1,0,0,0,0,5,0,0,46,0,Dutch,70.wav,data/Emotify\classical\70.wav
70,classical,0,1,0,1,0,0,0,0,1,3,0,0,33,0,Russian,70.wav,data/Emotify\classical\70.wav
70,classical,0,1,0,0,1,0,0,0,0,3,1,0,35,1,English,70.wav,data/Emotify\classical\70.wav
70,classical,0,1,0,1,1,0,0,0,0,4,0,0,21,1,English,70.wav,data/Emotify\classical\70.wav
70,classical,0,1,0,1,1,0,0,0,0,4,0,0,21,1,English,70.wav,data/Emotify\classical\70.wav
70,classical,0,0,0,1,1,0,0,0,1,3,0,1,27,0,English,70.wav,data/Emotify\classical\70.wav
70,classical,0,0,0,0,0,1,0,0,1,4,0,0,26,0,Russian,70.wav,data/Emotify\classical\70.wav
70,classical,0,1,0,1,1,0,0,0,0,4,1,0,56,0,Dutch,70.wav,data/Emotify\classical\70.wav
70,classical,0,0,0,0,1,0,0,0,1,5,0,0,59,1,Dutch,70.wav,data/Emotify\classical\70.wav
70,classical,1,0,0,1,0,0,0,0,0,4,0,0,31,1,French,70.wav,data/Emotify\classical\70.wav
70,classical,0,0,1,1,0,0,0,0,0,1,0,0,28,1,Ucrainian,70.wav,data/Emotify\classical\70.wav
70,classical,1,1,0,0,0,0,0,1,0,4,1,0,42,0,English,70.wav,data/Emotify\classical\70.wav
70,classical,1,0,0,1,0,0,0,0,0,3,1,0,31,0,Dutch,70.wav,data/Emotify\classical\70.wav
70,classical,0,0,0,0,0,0,0,1,0,3,0,1,25,1,Swedish,70.wav,data/Emotify\classical\70.wav
70,classical,0,0,0,0,1,0,0,0,0,5,1,0,31,0,Dutch,70.wav,data/Emotify\classical\70.wav
71,classical,0,1,0,0,0,0,0,0,0,2,1,0,25,1,Ucrainian,71.wav,data/Emotify\classical\71.wav
71,classical,0,1,0,1,0,0,1,0,0,3,1,0,39,0,English,71.wav,data/Emotify\classical\71.wav
71,classical,0,0,0,1,0,1,0,0,0,5,0,0,46,0,Dutch,71.wav,data/Emotify\classical\71.wav
71,classical,0,0,0,0,0,0,1,0,0,3,0,0,33,0,Russian,71.wav,data/Emotify\classical\71.wav
71,classical,1,0,0,0,1,0,1,0,0,5,1,0,14,1,English,71.wav,data/Emotify\classical\71.wav
71,classical,0,0,0,0,0,1,1,0,0,3,1,0,32,1,English,71.wav,data/Emotify\classical\71.wav
71,classical,0,1,0,0,0,0,1,0,0,3,1,0,27,0,English,71.wav,data/Emotify\classical\71.wav
71,classical,0,1,0,0,0,0,1,1,0,4,0,0,26,0,Russian,71.wav,data/Emotify\classical\71.wav
71,classical,0,0,0,0,1,0,0,0,0,4,0,0,24,0,Norwegian,71.wav,data/Emotify\classical\71.wav
71,classical,0,1,0,0,0,0,0,0,0,4,0,0,36,0,Italian,71.wav,data/Emotify\classical\71.wav
71,classical,1,0,0,0,1,0,1,0,0,4,1,0,56,0,Dutch,71.wav,data/Emotify\classical\71.wav
71,classical,0,0,0,1,0,0,0,0,0,5,0,1,29,1,Russian,71.wav,data/Emotify\classical\71.wav
71,classical,0,0,0,0,0,1,1,0,0,4,1,0,42,0,English,71.wav,data/Emotify\classical\71.wav
71,classical,0,0,1,0,1,0,1,0,0,4,0,0,25,1,Russian,71.wav,data/Emotify\classical\71.wav
71,classical,0,0,0,0,0,0,0,1,0,3,0,1,25,1,Swedish,71.wav,data/Emotify\classical\71.wav
71,classical,0,0,0,0,0,0,1,0,0,5,0,0,31,0,Dutch,71.wav,data/Emotify\classical\71.wav
71,classical,1,0,0,0,0,0,1,0,0,1,0,0,33,0,Russian,71.wav,data/Emotify\classical\71.wav
72,classical,1,0,0,1,0,0,0,0,0,4,1,0,25,1,Dutch,72.wav,data/Emotify\classical\72.wav
72,classical,0,1,0,0,0,0,0,1,1,3,1,0,33,0,Russian,72.wav,data/Emotify\classical\72.wav
72,classical,0,0,0,0,1,0,0,1,1,3,1,0,17,0,English,72.wav,data/Emotify\classical\72.wav
72,classical,1,0,0,1,1,0,0,0,0,4,1,0,43,1,English,72.wav,data/Emotify\classical\72.wav
72,classical,0,0,0,0,0,1,1,1,0,3,1,0,32,1,English,72.wav,data/Emotify\classical\72.wav
72,classical,1,0,0,0,0,0,1,0,0,4,1,0,26,0,Russian,72.wav,data/Emotify\classical\72.wav
72,classical,0,0,0,0,0,0,1,0,0,5,1,0,59,0,Romanian,72.wav,data/Emotify\classical\72.wav
72,classical,1,1,0,0,1,0,0,0,0,4,0,0,56,0,Dutch,72.wav,data/Emotify\classical\72.wav
72,classical,0,0,0,0,1,1,0,0,1,4,1,0,24,0,Norwegian,72.wav,data/Emotify\classical\72.wav
72,classical,0,1,0,0,1,0,0,0,0,3,0,0,26,0,Russian,72.wav,data/Emotify\classical\72.wav
72,classical,0,1,0,0,0,0,1,0,0,4,0,0,25,0,Russian,72.wav,data/Emotify\classical\72.wav
72,classical,0,0,0,0,0,1,1,0,0,4,1,0,42,0,English,72.wav,data/Emotify\classical\72.wav
72,classical,0,0,0,0,0,0,0,1,0,3,0,1,25,1,Swedish,72.wav,data/Emotify\classical\72.wav
72,classical,0,0,0,0,1,0,1,0,0,5,1,0,31,0,Dutch,72.wav,data/Emotify\classical\72.wav
72,classical,0,1,0,0,0,1,0,1,0,3,1,0,25,0,Portuguese,72.wav,data/Emotify\classical\72.wav
72,classical,0,1,0,1,0,0,0,1,0,1,1,0,33,0,Russian,72.wav,data/Emotify\classical\72.wav
72,classical,1,0,0,0,0,0,0,0,0,2,1,0,25,1,Ucrainian,72.wav,data/Emotify\classical\72.wav
73,classical,0,0,0,1,0,0,0,0,0,3,0,0,58,1,German,73.wav,data/Emotify\classical\73.wav
73,classical,0,0,0,1,0,0,0,0,0,4,0,0,25,1,Dutch,73.wav,data/Emotify\classical\73.wav
73,classical,0,0,0,1,0,0,1,0,0,3,0,0,33,0,Russian,73.wav,data/Emotify\classical\73.wav
73,classical,0,0,1,1,1,0,0,0,0,3,0,0,17,0,English,73.wav,data/Emotify\classical\73.wav
73,classical,0,0,0,0,0,0,0,1,0,2,1,0,23,1,English,73.wav,data/Emotify\classical\73.wav
73,classical,0,0,0,1,0,0,0,1,0,3,0,1,32,1,English,73.wav,data/Emotify\classical\73.wav
73,classical,0,0,0,0,1,0,0,0,0,4,0,0,26,0,Russian,73.wav,data/Emotify\classical\73.wav
73,classical,1,1,0,0,0,0,1,0,0,5,1,0,41,1,Russian,73.wav,data/Emotify\classical\73.wav
73,classical,0,0,0,1,0,0,0,0,0,3,1,0,51,0,Dutch,73.wav,data/Emotify\classical\73.wav
73,classical,0,0,0,0,1,0,0,0,0,3,1,0,68,0,English,73.wav,data/Emotify\classical\73.wav
73,classical,1,1,0,0,0,0,0,0,0,4,0,0,31,1,French,73.wav,data/Emotify\classical\73.wav
73,classical,0,0,0,0,1,0,0,0,0,4,1,0,25,0,Russian,73.wav,data/Emotify\classical\73.wav
73,classical,0,0,1,0,0,0,0,0,0,4,1,0,42,0,English,73.wav,data/Emotify\classical\73.wav
73,classical,0,0,0,0,0,0,0,1,0,3,0,1,25,1,Swedish,73.wav,data/Emotify\classical\73.wav
73,classical,0,1,0,0,1,0,0,0,0,5,1,0,31,0,Dutch,73.wav,data/Emotify\classical\73.wav
73,classical,1,0,1,0,0,0,0,0,0,3,1,0,25,0,Portuguese,73.wav,data/Emotify\classical\73.wav
73,classical,0,0,0,0,0,0,1,1,0,1,0,0,33,0,Russian,73.wav,data/Emotify\classical\73.wav
74,classical,0,0,0,0,0,0,0,1,0,3,0,0,58,1,German,74.wav,data/Emotify\classical\74.wav
74,classical,1,0,0,0,0,0,1,0,0,4,0,0,25,1,Dutch,74.wav,data/Emotify\classical\74.wav
74,classical,0,1,0,0,0,0,0,1,1,3,1,0,33,0,Russian,74.wav,data/Emotify\classical\74.wav
74,classical,0,1,0,0,0,0,0,0,0,5,1,0,30,1,Russian,74.wav,data/Emotify\classical\74.wav
74,classical,1,0,0,0,0,1,1,0,0,4,0,0,21,1,English,74.wav,data/Emotify\classical\74.wav
74,classical,0,1,0,1,1,0,0,0,0,3,0,0,25,0,Russian,74.wav,data/Emotify\classical\74.wav
74,classical,1,0,0,0,0,1,1,0,0,4,0,0,21,1,English,74.wav,data/Emotify\classical\74.wav
74,classical,0,0,1,0,0,0,1,1,0,3,1,0,32,1,English,74.wav,data/Emotify\classical\74.wav
74,classical,1,0,0,1,0,0,1,0,0,4,1,0,22,0,English,74.wav,data/Emotify\classical\74.wav
74,classical,0,0,0,0,0,1,0,1,1,4,0,1,56,0,Dutch,74.wav,data/Emotify\classical\74.wav
74,classical,0,0,0,0,1,0,0,0,0,4,1,0,26,0,Russian,74.wav,data/Emotify\classical\74.wav
74,classical,0,0,0,0,0,1,0,1,0,5,1,0,41,1,Russian,74.wav,data/Emotify\classical\74.wav
74,classical,0,0,0,0,1,0,0,0,0,5,0,0,27,0,German,74.wav,data/Emotify\classical\74.wav
74,classical,0,0,0,0,0,0,0,1,0,4,0,0,26,0,Italian,74.wav,data/Emotify\classical\74.wav
74,classical,0,0,0,0,0,0,0,1,0,4,0,0,25,0,Russian,74.wav,data/Emotify\classical\74.wav
74,classical,0,0,0,0,0,0,1,0,0,4,1,0,42,0,English,74.wav,data/Emotify\classical\74.wav
74,classical,1,0,0,0,1,0,0,0,0,5,1,0,31,0,Dutch,74.wav,data/Emotify\classical\74.wav
74,classical,0,1,0,1,0,0,0,1,0,1,1,0,33,0,Russian,74.wav,data/Emotify\classical\74.wav
75,classical,0,0,0,0,0,0,0,1,0,3,0,0,58,1,German,75.wav,data/Emotify\classical\75.wav
75,classical,1,1,1,0,0,0,0,0,0,5,1,0,41,1,Russian,75.wav,data/Emotify\classical\75.wav
75,classical,0,1,0,0,1,0,0,1,0,4,0,0,21,1,English,75.wav,data/Emotify\classical\75.wav
75,classical,0,0,0,0,1,0,0,0,0,3,0,0,25,0,Russian,75.wav,data/Emotify\classical\75.wav
75,classical,0,0,0,0,0,1,1,1,0,3,0,0,33,0,Russian,75.wav,data/Emotify\classical\75.wav
75,classical,0,0,0,1,0,0,0,1,1,4,0,1,56,0,Dutch,75.wav,data/Emotify\classical\75.wav
75,classical,1,0,0,0,0,1,0,1,0,2,1,0,27,0,French,75.wav,data/Emotify\classical\75.wav
75,classical,0,0,0,0,0,0,1,0,0,3,1,1,32,1,English,75.wav,data/Emotify\classical\75.wav
75,classical,0,0,0,0,0,0,0,1,0,4,0,0,26,0,Russian,75.wav,data/Emotify\classical\75.wav
75,classical,0,0,0,1,0,0,0,0,0,4,0,0,36,0,Italian,75.wav,data/Emotify\classical\75.wav
75,classical,0,0,0,1,0,0,1,0,0,4,0,0,26,0,Italian,75.wav,data/Emotify\classical\75.wav
75,classical,0,0,0,0,0,1,0,0,0,3,1,0,68,0,English,75.wav,data/Emotify\classical\75.wav
75,classical,0,0,1,0,0,0,1,0,0,4,0,0,25,0,Russian,75.wav,data/Emotify\classical\75.wav
75,classical,0,0,0,0,0,0,1,0,0,4,1,0,31,1,Spanish,75.wav,data/Emotify\classical\75.wav
75,classical,1,0,0,0,0,0,0,0,0,1,1,0,25,0,Russian,75.wav,data/Emotify\classical\75.wav
75,classical,0,0,0,0,0,0,0,1,0,5,0,0,31,0,Dutch,75.wav,data/Emotify\classical\75.wav
75,classical,0,0,0,0,0,1,1,1,0,1,0,0,33,0,Russian,75.wav,data/Emotify\classical\75.wav
76,classical,0,1,0,0,0,0,0,1,1,3,1,0,33,0,Russian,76.wav,data/Emotify\classical\76.wav
76,classical,0,0,0,0,0,0,0,1,0,4,0,0,33,0,Hungarian,76.wav,data/Emotify\classical\76.wav
76,classical,0,0,0,0,0,0,0,0,1,4,0,0,26,0,Russian,76.wav,data/Emotify\classical\76.wav
76,classical,0,1,0,0,0,0,0,0,0,4,1,0,21,0,Russian,76.wav,data/Emotify\classical\76.wav
76,classical,0,0,0,0,0,0,0,1,0,2,0,1,23,1,Dutch,76.wav,data/Emotify\classical\76.wav
76,classical,0,0,0,0,0,1,1,1,0,5,1,0,59,1,Dutch,76.wav,data/Emotify\classical\76.wav
76,classical,0,0,0,0,0,0,1,0,0,4,0,0,25,0,Russian,76.wav,data/Emotify\classical\76.wav
76,classical,0,0,0,0,0,0,0,1,0,1,0,1,43,1,Dutch,76.wav,data/Emotify\classical\76.wav
76,classical,0,1,0,0,0,0,0,0,1,1,1,0,25,0,Russian,76.wav,data/Emotify\classical\76.wav
76,classical,0,0,0,0,0,0,1,0,0,3,1,0,27,0,Chinese,76.wav,data/Emotify\classical\76.wav
76,classical,0,0,0,0,1,0,0,0,0,5,1,0,31,0,Dutch,76.wav,data/Emotify\classical\76.wav
76,classical,0,1,0,0,0,0,1,1,0,1,1,0,33,0,Russian,76.wav,data/Emotify\classical\76.wav
76,classical,0,1,0,1,0,0,0,1,0,3,0,1,39,0,Catalan,76.wav,data/Emotify\classical\76.wav
76,classical,0,1,0,1,0,1,0,0,0,3,0,0,32,1,Farsi,76.wav,data/Emotify\classical\76.wav
76,classical,0,0,0,0,1,0,1,0,0,5,1,0,23,1,Russian,76.wav,data/Emotify\classical\76.wav
76,classical,0,1,0,0,0,0,0,1,1,4,0,0,25,1,Russian,76.wav,data/Emotify\classical\76.wav
76,classical,0,0,0,1,0,0,1,0,0,2,1,0,23,1,Russian,76.wav,data/Emotify\classical\76.wav
77,classical,0,0,1,1,0,0,1,0,0,3,0,0,33,0,Russian,77.wav,data/Emotify\classical\77.wav
77,classical,0,0,1,0,1,0,0,0,0,2,1,0,23,1,Dutch,77.wav,data/Emotify\classical\77.wav
77,classical,0,0,0,0,1,0,0,0,0,3,0,0,24,0,English,77.wav,data/Emotify\classical\77.wav
77,classical,0,0,1,0,1,0,0,0,0,5,0,0,30,1,English,77.wav,data/Emotify\classical\77.wav
77,classical,0,0,1,0,0,1,0,1,0,3,0,1,39,0,Catalan,77.wav,data/Emotify\classical\77.wav
77,classical,0,0,1,1,1,0,0,0,0,5,1,0,59,1,Dutch,77.wav,data/Emotify\classical\77.wav
77,classical,1,1,0,0,1,0,0,0,0,5,1,0,33,0,English,77.wav,data/Emotify\classical\77.wav
77,classical,0,0,0,0,1,0,0,0,0,4,0,0,25,0,Russian,77.wav,data/Emotify\classical\77.wav
77,classical,0,0,0,0,0,0,1,0,0,1,0,0,25,0,Russian,77.wav,data/Emotify\classical\77.wav
77,classical,0,0,0,0,0,0,0,0,0,5,0,0,31,0,Dutch,77.wav,data/Emotify\classical\77.wav
77,classical,0,0,0,1,0,0,0,0,0,4,0,0,47,0,Italian,77.wav,data/Emotify\classical\77.wav
77,classical,0,0,1,1,0,0,1,0,0,1,0,0,33,0,Russian,77.wav,data/Emotify\classical\77.wav
77,classical,0,1,0,1,0,0,0,1,0,5,1,0,33,0,Russian,77.wav,data/Emotify\classical\77.wav
77,classical,0,0,0,0,0,0,1,0,0,3,0,0,32,1,Farsi,77.wav,data/Emotify\classical\77.wav
77,classical,0,0,0,1,1,0,1,0,0,2,0,0,23,1,Russian,77.wav,data/Emotify\classical\77.wav
77,classical,0,0,0,0,1,0,0,1,0,5,1,0,23,1,Russian,77.wav,data/Emotify\classical\77.wav
77,classical,0,0,1,0,0,0,0,0,0,3,0,0,58,1,German,77.wav,data/Emotify\classical\77.wav
78,classical,0,0,0,0,0,0,1,1,0,4,0,0,33,0,Hungarian,78.wav,data/Emotify\classical\78.wav
78,classical,0,1,0,1,1,0,0,0,0,3,1,0,16,1,Russian,78.wav,data/Emotify\classical\78.wav
78,classical,0,0,0,0,0,1,1,0,0,2,1,0,23,1,Dutch,78.wav,data/Emotify\classical\78.wav
78,classical,1,0,0,0,0,1,1,0,0,4,1,0,36,0,Italian,78.wav,data/Emotify\classical\78.wav
78,classical,0,0,0,1,0,0,0,0,0,5,1,0,14,1,Russian,78.wav,data/Emotify\classical\78.wav
78,classical,0,0,0,0,0,0,1,1,0,3,1,0,68,0,English,78.wav,data/Emotify\classical\78.wav
78,classical,0,0,0,0,0,0,1,0,0,4,0,0,25,0,Russian,78.wav,data/Emotify\classical\78.wav
78,classical,0,1,0,0,0,0,1,0,0,5,1,0,23,1,Russian,78.wav,data/Emotify\classical\78.wav
78,classical,0,0,0,1,0,0,0,0,0,3,0,1,44,0,Italian,78.wav,data/Emotify\classical\78.wav
78,classical,0,0,0,0,0,0,1,1,0,5,0,1,65,0,English,78.wav,data/Emotify\classical\78.wav
78,classical,0,0,0,0,0,0,1,1,0,4,0,0,47,0,Italian,78.wav,data/Emotify\classical\78.wav
78,classical,0,0,0,0,0,0,0,1,0,1,0,0,25,0,Russian,78.wav,data/Emotify\classical\78.wav
78,classical,0,1,0,0,0,0,0,0,0,3,0,0,23,0,Russian,78.wav,data/Emotify\classical\78.wav
78,classical,0,0,0,0,0,1,1,0,0,1,0,0,33,0,Russian,78.wav,data/Emotify\classical\78.wav
78,classical,0,0,1,0,0,0,1,0,0,4,0,0,25,1,Russian,78.wav,data/Emotify\classical\78.wav
78,classical,0,0,1,0,0,1,0,1,0,5,0,0,33,0,Russian,78.wav,data/Emotify\classical\78.wav
78,classical,1,0,0,0,0,0,1,1,0,3,0,0,33,0,Russian,78.wav,data/Emotify\classical\78.wav
79,classical,0,0,0,0,0,1,1,0,0,4,0,0,33,0,Hungarian,79.wav,data/Emotify\classical\79.wav
79,classical,0,0,0,1,0,0,0,0,0,2,1,0,23,1,Dutch,79.wav,data/Emotify\classical\79.wav
79,classical,0,1,1,0,0,0,0,0,1,3,0,1,32,1,English,79.wav,data/Emotify\classical\79.wav
79,classical,0,0,0,0,1,0,0,0,0,4,1,0,32,0,Dutch,79.wav,data/Emotify\classical\79.wav
79,classical,0,0,0,0,0,0,1,0,0,5,0,0,14,1,Russian,79.wav,data/Emotify\classical\79.wav
79,classical,0,0,0,0,1,0,1,0,0,3,1,0,68,0,English,79.wav,data/Emotify\classical\79.wav
79,classical,0,0,0,0,0,1,0,0,0,4,1,0,25,0,Russian,79.wav,data/Emotify\classical\79.wav
79,classical,0,0,0,0,1,0,1,0,0,3,0,1,20,0,Portuguese,79.wav,data/Emotify\classical\79.wav
79,classical,0,0,0,0,0,0,1,1,0,5,0,1,65,0,English,79.wav,data/Emotify\classical\79.wav
79,classical,1,1,0,0,0,0,1,0,0,5,0,1,14,1,English,79.wav,data/Emotify\classical\79.wav
79,classical,1,0,0,1,0,0,0,0,0,4,1,0,25,1,Russian,79.wav,data/Emotify\classical\79.wav
79,classical,0,0,0,1,0,0,1,1,0,1,1,0,33,0,Russian,79.wav,data/Emotify\classical\79.wav
79,classical,0,0,0,0,1,0,1,0,0,5,1,0,59,1,Dutch,79.wav,data/Emotify\classical\79.wav
79,classical,0,0,0,0,0,0,1,0,0,4,1,0,36,1,English,79.wav,data/Emotify\classical\79.wav
79,classical,0,0,0,1,0,0,0,0,0,3,1,0,29,0,English,79.wav,data/Emotify\classical\79.wav
79,classical,1,0,0,0,0,1,1,0,0,3,0,0,47,1,Dutch,79.wav,data/Emotify\classical\79.wav
79,classical,0,0,0,1,0,0,0,1,1,3,0,0,33,0,Russian,79.wav,data/Emotify\classical\79.wav
80,classical,0,1,0,0,0,0,0,0,0,4,1,0,32,0,Dutch,80.wav,data/Emotify\classical\80.wav
80,classical,0,1,0,0,0,1,1,0,0,4,0,0,34,0,English,80.wav,data/Emotify\classical\80.wav
80,classical,0,1,0,0,0,1,1,0,0,4,0,0,31,1,French,80.wav,data/Emotify\classical\80.wav
80,classical,0,0,0,0,0,0,1,0,0,4,1,0,29,0,Dutch,80.wav,data/Emotify\classical\80.wav
80,classical,1,0,0,0,0,0,0,0,0,2,1,0,20,1,German,80.wav,data/Emotify\classical\80.wav
80,classical,1,1,0,0,1,0,0,0,0,3,1,0,39,0,English,80.wav,data/Emotify\classical\80.wav
80,classical,0,0,0,0,1,0,0,0,0,3,1,0,31,0,Spanish,80.wav,data/Emotify\classical\80.wav
80,classical,0,0,0,1,1,0,1,0,0,4,0,0,15,0,English,80.wav,data/Emotify\classical\80.wav
80,classical,0,0,0,0,1,0,0,0,0,4,1,0,25,0,Russian,80.wav,data/Emotify\classical\80.wav
80,classical,0,0,0,0,1,0,1,0,0,3,0,1,20,0,Portuguese,80.wav,data/Emotify\classical\80.wav
80,classical,0,1,0,0,0,0,1,0,0,3,1,0,21,0,Finnish,80.wav,data/Emotify\classical\80.wav
80,classical,0,0,0,0,0,0,0,1,0,5,0,1,65,0,English,80.wav,data/Emotify\classical\80.wav
80,classical,1,0,1,0,0,0,1,0,0,4,1,0,25,1,Russian,80.wav,data/Emotify\classical\80.wav
80,classical,0,0,0,1,0,0,1,0,0,1,1,0,33,0,Russian,80.wav,data/Emotify\classical\80.wav
80,classical,0,0,0,1,0,0,1,0,0,3,1,0,33,0,Russian,80.wav,data/Emotify\classical\80.wav
80,classical,1,1,0,0,0,0,1,0,0,3,0,0,47,1,Dutch,80.wav,data/Emotify\classical\80.wav
80,classical,0,0,0,1,0,0,1,0,0,2,0,0,23,1,Dutch,80.wav,data/Emotify\classical\80.wav
81,classical,0,1,0,0,0,0,0,0,0,4,1,0,32,0,Dutch,81.wav,data/Emotify\classical\81.wav
81,classical,0,1,0,0,0,1,1,0,0,4,0,0,34,0,English,81.wav,data/Emotify\classical\81.wav
81,classical,0,0,0,0,0,0,1,1,0,4,0,1,31,1,French,81.wav,data/Emotify\classical\81.wav
81,classical,1,0,0,0,0,1,1,0,0,2,1,0,16,1,Chinese,81.wav,data/Emotify\classical\81.wav
81,classical,0,1,0,0,1,0,0,0,0,4,1,0,27,1,English,81.wav,data/Emotify\classical\81.wav
81,classical,0,0,0,0,0,0,1,0,0,3,0,1,20,0,Portuguese,81.wav,data/Emotify\classical\81.wav
81,classical,0,0,0,0,1,1,1,0,0,3,0,0,21,0,Finnish,81.wav,data/Emotify\classical\81.wav
81,classical,0,0,0,0,0,0,1,1,0,5,0,0,65,0,English,81.wav,data/Emotify\classical\81.wav
81,classical,0,0,0,0,0,1,1,0,0,1,0,0,33,0,Russian,81.wav,data/Emotify\classical\81.wav
81,classical,0,0,0,0,0,0,1,0,0,5,1,0,46,0,Dutch,81.wav,data/Emotify\classical\81.wav
81,classical,0,1,0,0,1,0,0,0,0,4,1,0,31,0,Hebrew,81.wav,data/Emotify\classical\81.wav
81,classical,0,0,1,0,0,0,1,0,0,5,0,0,29,1,Hungarian,81.wav,data/Emotify\classical\81.wav
81,classical,0,0,0,0,0,0,1,1,0,3,0,0,33,0,Russian,81.wav,data/Emotify\classical\81.wav
81,classical,1,1,0,0,0,0,1,0,0,3,1,0,26,0,Russian,81.wav,data/Emotify\classical\81.wav
81,classical,0,0,0,0,0,1,0,1,0,3,0,0,47,1,Dutch,81.wav,data/Emotify\classical\81.wav
81,classical,0,0,0,0,0,0,1,0,0,2,0,1,23,1,Dutch,81.wav,data/Emotify\classical\81.wav
82,classical,0,0,0,1,1,0,0,0,0,4,1,0,31,1,French,82.wav,data/Emotify\classical\82.wav
82,classical,0,0,0,0,0,0,0,0,1,4,0,0,37,0,English,82.wav,data/Emotify\classical\82.wav
82,classical,0,0,1,0,1,0,0,0,0,4,1,0,30,0,Hebrew,82.wav,data/Emotify\classical\82.wav
82,classical,0,0,0,1,1,0,0,0,1,3,0,0,35,1,English,82.wav,data/Emotify\classical\82.wav
82,classical,0,0,1,1,1,0,0,0,0,1,1,0,20,1,English,82.wav,data/Emotify\classical\82.wav
82,classical,0,0,0,0,1,0,0,0,0,5,1,0,14,1,Russian,82.wav,data/Emotify\classical\82.wav
82,classical,0,0,0,0,1,0,0,0,0,3,0,0,39,0,English,82.wav,data/Emotify\classical\82.wav
82,classical,0,0,1,1,1,0,0,0,0,3,1,0,20,0,Portuguese,82.wav,data/Emotify\classical\82.wav
82,classical,0,0,1,1,1,0,0,0,0,3,1,0,21,0,Finnish,82.wav,data/Emotify\classical\82.wav
82,classical,0,0,1,1,1,0,0,0,0,5,1,0,65,0,English,82.wav,data/Emotify\classical\82.wav
82,classical,0,0,0,0,1,0,0,0,0,4,1,0,36,1,English,82.wav,data/Emotify\classical\82.wav
82,classical,0,1,0,1,0,0,0,0,0,4,0,0,33,0,Hungarian,82.wav,data/Emotify\classical\82.wav
82,classical,1,0,1,0,1,0,0,0,0,1,0,0,33,0,Russian,82.wav,data/Emotify\classical\82.wav
82,classical,0,0,1,1,1,0,0,0,0,3,0,0,33,0,Russian,82.wav,data/Emotify\classical\82.wav
82,classical,0,0,0,0,1,0,0,0,0,4,1,0,32,0,Dutch,82.wav,data/Emotify\classical\82.wav
82,classical,0,0,1,1,0,0,0,0,1,3,1,0,47,1,Dutch,82.wav,data/Emotify\classical\82.wav
83,classical,0,1,0,1,0,0,0,0,1,3,0,0,19,1,English,83.wav,data/Emotify\classical\83.wav
83,classical,0,0,0,0,1,0,0,0,0,4,1,0,27,1,English,83.wav,data/Emotify\classical\83.wav
83,classical,0,0,1,1,0,0,0,0,1,3,1,0,32,1,English,83.wav,data/Emotify\classical\83.wav
83,classical,0,0,0,0,1,0,1,0,0,3,0,1,20,0,Portuguese,83.wav,data/Emotify\classical\83.wav
83,classical,1,0,0,0,0,1,1,0,0,4,1,0,24,0,Chinese,83.wav,data/Emotify\classical\83.wav
83,classical,0,0,0,1,0,0,0,0,0,5,0,0,26,0,Russian,83.wav,data/Emotify\classical\83.wav
83,classical,1,0,1,0,0,0,1,0,0,4,1,0,17,0,Portuguese,83.wav,data/Emotify\classical\83.wav
83,classical,0,0,0,1,0,0,1,1,0,3,1,0,33,0,Russian,83.wav,data/Emotify\classical\83.wav
83,classical,0,0,0,1,0,0,0,0,1,4,0,0,25,1,Russian,83.wav,data/Emotify\classical\83.wav
83,classical,0,0,0,0,0,0,1,1,0,1,0,0,33,0,Russian,83.wav,data/Emotify\classical\83.wav
83,classical,0,0,0,1,0,0,0,0,1,4,0,0,25,1,Russian,83.wav,data/Emotify\classical\83.wav
83,classical,0,0,0,1,1,0,0,0,1,4,1,0,27,0,Dutch,83.wav,data/Emotify\classical\83.wav
83,classical,0,0,0,0,0,0,1,0,0,4,1,0,32,0,Dutch,83.wav,data/Emotify\classical\83.wav
83,classical,0,0,0,0,0,0,0,1,1,2,0,0,60,0,Dutch,83.wav,data/Emotify\classical\83.wav
83,classical,0,0,1,0,0,0,1,0,1,3,1,0,47,1,Dutch,83.wav,data/Emotify\classical\83.wav
83,classical,1,1,1,1,0,0,0,0,0,3,1,1,21,1,Estonian,83.wav,data/Emotify\classical\83.wav
83,classical,0,0,0,1,0,0,0,0,0,4,0,0,31,1,French,83.wav,data/Emotify\classical\83.wav
84,classical,0,0,0,0,1,0,0,0,0,3,1,0,24,0,Portuguese,84.wav,data/Emotify\classical\84.wav
84,classical,0,1,1,0,0,0,1,0,0,3,1,0,32,1,English,84.wav,data/Emotify\classical\84.wav
84,classical,0,1,1,0,1,0,0,0,0,4,0,0,21,1,English,84.wav,data/Emotify\classical\84.wav
84,classical,0,0,0,0,1,0,0,0,0,3,0,1,20,0,Portuguese,84.wav,data/Emotify\classical\84.wav
84,classical,1,1,0,0,0,0,1,0,0,3,0,0,26,1,Russian,84.wav,data/Emotify\classical\84.wav
84,classical,0,1,0,1,0,0,0,0,1,3,0,0,33,0,Russian,84.wav,data/Emotify\classical\84.wav
84,classical,0,1,0,1,0,0,0,0,1,1,0,0,33,0,Russian,84.wav,data/Emotify\classical\84.wav
84,classical,0,1,0,1,1,0,0,0,0,4,1,0,20,0,English,84.wav,data/Emotify\classical\84.wav
84,classical,0,1,0,0,0,1,0,0,0,4,1,0,27,0,Dutch,84.wav,data/Emotify\classical\84.wav
84,classical,0,0,1,1,1,0,0,0,0,4,1,0,23,1,English,84.wav,data/Emotify\classical\84.wav
84,classical,0,1,0,0,0,0,0,1,1,4,0,0,25,1,Russian,84.wav,data/Emotify\classical\84.wav
84,classical,0,0,0,0,1,0,0,0,0,4,1,0,32,0,Dutch,84.wav,data/Emotify\classical\84.wav
84,classical,0,0,1,0,1,0,0,0,0,4,1,0,46,1,English,84.wav,data/Emotify\classical\84.wav
84,classical,0,0,0,1,0,0,0,0,0,5,1,0,29,1,Russian,84.wav,data/Emotify\classical\84.wav
84,classical,0,1,0,1,0,0,0,1,0,5,1,0,29,1,English,84.wav,data/Emotify\classical\84.wav
84,classical,0,0,0,0,1,0,0,0,0,4,0,0,31,1,French,84.wav,data/Emotify\classical\84.wav
84,classical,0,0,0,1,0,0,0,0,0,3,0,0,74,0,Dutch,84.wav,data/Emotify\classical\84.wav
85,classical,0,0,1,0,0,0,1,1,0,3,1,0,32,1,English,85.wav,data/Emotify\classical\85.wav
85,classical,0,0,0,0,0,0,1,0,0,3,0,1,20,0,Portuguese,85.wav,data/Emotify\classical\85.wav
85,classical,0,0,0,1,0,0,0,1,1,3,0,1,26,1,Russian,85.wav,data/Emotify\classical\85.wav
85,classical,0,0,0,0,0,0,1,1,0,3,0,0,33,0,Russian,85.wav,data/Emotify\classical\85.wav
85,classical,0,0,0,0,0,0,0,1,0,1,0,0,33,0,Russian,85.wav,data/Emotify\classical\85.wav
85,classical,1,0,0,1,1,0,0,0,0,4,1,0,27,0,Dutch,85.wav,data/Emotify\classical\85.wav
85,classical,1,0,0,0,0,0,1,1,0,3,0,0,49,0,Dutch,85.wav,data/Emotify\classical\85.wav
85,classical,0,1,0,0,0,0,0,0,0,4,1,0,34,1,Polish,85.wav,data/Emotify\classical\85.wav
85,classical,1,0,0,0,0,1,1,0,0,4,0,1,23,1,English,85.wav,data/Emotify\classical\85.wav
85,classical,0,0,0,0,1,0,0,0,0,4,0,0,25,1,Russian,85.wav,data/Emotify\classical\85.wav
85,classical,0,0,0,0,0,0,1,0,0,4,1,0,46,1,English,85.wav,data/Emotify\classical\85.wav
85,classical,0,0,0,0,0,0,0,0,1,3,0,1,17,1,Russian,85.wav,data/Emotify\classical\85.wav
85,classical,1,0,0,0,0,0,0,0,0,5,1,0,29,1,Russian,85.wav,data/Emotify\classical\85.wav
85,classical,0,0,0,0,1,0,0,0,0,3,1,0,74,0,Dutch,85.wav,data/Emotify\classical\85.wav
85,classical,1,0,0,0,0,1,1,0,0,5,1,0,29,1,English,85.wav,data/Emotify\classical\85.wav
85,classical,1,0,0,0,0,0,0,1,0,4,0,0,31,1,French,85.wav,data/Emotify\classical\85.wav
85,classical,0,0,0,0,0,0,1,0,0,3,0,0,24,0,Portuguese,85.wav,data/Emotify\classical\85.wav
86,classical,0,0,0,0,0,0,0,1,0,3,0,1,20,0,Portuguese,86.wav,data/Emotify\classical\86.wav
86,classical,0,1,0,0,0,0,0,1,1,3,1,0,33,0,Russian,86.wav,data/Emotify\classical\86.wav
86,classical,1,0,0,0,0,1,1,0,0,3,1,0,21,0,Finnish,86.wav,data/Emotify\classical\86.wav
86,classical,0,1,0,0,0,0,0,0,0,3,0,0,49,0,Dutch,86.wav,data/Emotify\classical\86.wav
86,classical,0,0,0,1,0,0,0,1,0,1,0,0,33,0,Russian,86.wav,data/Emotify\classical\86.wav
86,classical,0,0,0,0,1,0,0,0,0,3,0,0,27,1,Finnish,86.wav,data/Emotify\classical\86.wav
86,classical,0,0,0,0,0,0,0,1,0,4,0,0,27,1,Russian,86.wav,data/Emotify\classical\86.wav
86,classical,0,1,0,0,0,1,0,1,0,4,1,0,20,0,English,86.wav,data/Emotify\classical\86.wav
86,classical,0,0,0,0,1,0,0,0,0,4,1,0,34,1,Polish,86.wav,data/Emotify\classical\86.wav
86,classical,0,0,0,0,0,0,0,1,1,4,0,1,23,1,English,86.wav,data/Emotify\classical\86.wav
86,classical,0,1,0,0,0,0,0,1,1,4,0,0,25,1,Russian,86.wav,data/Emotify\classical\86.wav
86,classical,0,1,0,1,0,0,0,0,0,3,0,0,47,0,Italian,86.wav,data/Emotify\classical\86.wav
86,classical,0,0,0,0,0,0,1,0,0,4,1,0,46,1,English,86.wav,data/Emotify\classical\86.wav
86,classical,0,0,0,0,1,0,0,0,0,3,0,1,17,1,Russian,86.wav,data/Emotify\classical\86.wav
86,classical,0,0,1,1,1,0,0,0,0,4,1,0,23,1,English,86.wav,data/Emotify\classical\86.wav
86,classical,0,0,0,0,0,1,0,0,0,3,0,0,74,0,Dutch,86.wav,data/Emotify\classical\86.wav
86,classical,1,0,0,0,1,1,0,0,0,5,1,0,29,1,English,86.wav,data/Emotify\classical\86.wav
86,classical,1,1,0,0,0,0,1,0,0,4,1,0,31,1,French,86.wav,data/Emotify\classical\86.wav
87,classical,1,0,0,0,1,0,0,0,0,3,0,0,49,0,Dutch,87.wav,data/Emotify\classical\87.wav
87,classical,0,0,1,0,0,0,0,0,0,4,1,0,27,1,Russian,87.wav,data/Emotify\classical\87.wav
87,classical,0,1,0,1,0,0,0,0,0,3,0,0,47,0,Italian,87.wav,data/Emotify\classical\87.wav
87,classical,0,1,0,0,1,0,0,0,1,3,1,0,33,0,Russian,87.wav,data/Emotify\classical\87.wav
87,classical,0,1,0,0,0,0,0,0,0,4,0,0,23,0,German,87.wav,data/Emotify\classical\87.wav
87,classical,0,0,0,1,1,0,0,0,1,1,0,0,33,0,Russian,87.wav,data/Emotify\classical\87.wav
87,classical,0,0,1,1,0,0,0,0,0,4,0,0,23,1,German,87.wav,data/Emotify\classical\87.wav
87,classical,0,0,1,0,1,0,0,0,1,4,1,0,20,0,English,87.wav,data/Emotify\classical\87.wav
87,classical,0,0,0,1,0,0,0,0,0,4,1,0,34,1,Polish,87.wav,data/Emotify\classical\87.wav
87,classical,0,0,0,1,0,0,0,0,1,3,0,1,27,1,Russian,87.wav,data/Emotify\classical\87.wav
87,classical,0,0,0,0,1,0,0,0,1,4,0,1,20,0,Dutch,87.wav,data/Emotify\classical\87.wav
87,classical,0,0,0,0,1,0,0,0,0,4,1,0,23,1,English,87.wav,data/Emotify\classical\87.wav
87,classical,0,0,1,0,0,0,0,0,0,4,1,0,46,1,English,87.wav,data/Emotify\classical\87.wav
87,classical,0,0,1,1,1,0,0,0,0,2,1,0,21,0,Russian,87.wav,data/Emotify\classical\87.wav
87,classical,0,0,0,0,1,0,0,0,1,4,1,0,23,1,English,87.wav,data/Emotify\classical\87.wav
87,classical,0,1,0,0,0,0,0,0,0,3,0,0,74,0,Dutch,87.wav,data/Emotify\classical\87.wav
87,classical,0,0,0,1,1,0,0,0,0,4,0,0,31,1,French,87.wav,data/Emotify\classical\87.wav
88,classical,0,0,0,1,0,0,1,0,0,4,1,0,29,0,Dutch,88.wav,data/Emotify\classical\88.wav
88,classical,0,0,0,0,0,1,0,1,0,3,0,0,38,0,Slovenian,88.wav,data/Emotify\classical\88.wav
88,classical,0,0,0,0,0,0,1,1,0,3,1,0,33,0,Russian,88.wav,data/Emotify\classical\88.wav
88,classical,0,0,0,0,0,0,1,1,1,1,0,0,33,0,Russian,88.wav,data/Emotify\classical\88.wav
88,classical,1,0,0,0,0,1,0,1,0,3,1,0,21,0,Finnish,88.wav,data/Emotify\classical\88.wav
88,classical,0,0,0,0,0,0,1,0,0,4,1,0,34,1,Polish,88.wav,data/Emotify\classical\88.wav
88,classical,0,0,0,0,0,0,1,0,0,3,1,0,27,1,Russian,88.wav,data/Emotify\classical\88.wav
88,classical,0,0,0,0,0,0,0,1,0,4,0,1,20,0,Dutch,88.wav,data/Emotify\classical\88.wav
88,classical,1,0,0,0,0,0,1,0,0,4,0,1,23,1,English,88.wav,data/Emotify\classical\88.wav
88,classical,0,0,0,1,0,0,0,0,0,4,1,0,46,1,English,88.wav,data/Emotify\classical\88.wav
88,classical,0,0,0,1,0,0,0,1,1,5,1,0,41,0,Italian,88.wav,data/Emotify\classical\88.wav
88,classical,0,1,0,0,0,0,1,0,0,4,1,0,23,1,English,88.wav,data/Emotify\classical\88.wav
88,classical,0,0,0,0,0,0,0,0,1,3,1,0,74,0,Dutch,88.wav,data/Emotify\classical\88.wav
88,classical,0,0,0,0,0,0,1,1,0,4,1,0,31,1,French,88.wav,data/Emotify\classical\88.wav
88,classical,1,0,1,0,0,1,0,0,0,5,1,0,16,1,Dutch,88.wav,data/Emotify\classical\88.wav
88,classical,1,0,1,0,0,1,0,0,0,5,1,0,16,1,Dutch,88.wav,data/Emotify\classical\88.wav
88,classical,0,0,0,0,0,0,0,1,0,4,0,1,27,1,Russian,88.wav,data/Emotify\classical\88.wav
89,classical,0,0,0,0,1,0,0,0,0,3,1,1,20,1,Russian,89.wav,data/Emotify\classical\89.wav
89,classical,0,0,0,1,1,0,0,0,0,3,0,0,46,1,Dutch,89.wav,data/Emotify\classical\89.wav
89,classical,0,0,1,0,1,0,0,0,0,3,0,0,33,0,Russian,89.wav,data/Emotify\classical\89.wav
89,classical,0,0,1,1,1,0,0,0,0,1,0,0,33,0,Russian,89.wav,data/Emotify\classical\89.wav
89,classical,0,0,0,1,1,0,0,0,0,4,1,0,17,1,Dutch,89.wav,data/Emotify\classical\89.wav
89,classical,0,0,0,0,1,0,0,0,0,3,1,0,27,1,Russian,89.wav,data/Emotify\classical\89.wav
89,classical,0,0,1,0,1,0,1,0,0,4,1,0,22,0,Estonian,89.wav,data/Emotify\classical\89.wav
89,classical,0,0,0,1,0,0,0,0,0,4,0,0,33,0,Hungarian,89.wav,data/Emotify\classical\89.wav
89,classical,0,0,0,0,1,0,0,0,0,3,1,0,32,1,Farsi,89.wav,data/Emotify\classical\89.wav
89,classical,0,0,0,0,1,0,0,0,1,4,0,1,23,1,English,89.wav,data/Emotify\classical\89.wav
89,classical,0,0,1,1,0,0,0,0,0,4,1,0,46,1,English,89.wav,data/Emotify\classical\89.wav
89,classical,0,0,0,0,1,0,0,0,0,3,1,0,24,1,Estonian,89.wav,data/Emotify\classical\89.wav
89,classical,0,0,0,1,1,0,0,0,0,4,1,0,23,1,English,89.wav,data/Emotify\classical\89.wav
89,classical,0,0,1,0,0,0,0,0,0,3,1,0,74,0,Dutch,89.wav,data/Emotify\classical\89.wav
89,classical,0,1,1,0,0,0,0,0,1,4,1,0,31,1,French,89.wav,data/Emotify\classical\89.wav
89,classical,0,0,0,0,1,0,0,0,0,5,0,0,37,1,Serbian,89.wav,data/Emotify\classical\89.wav
89,classical,0,0,1,1,0,0,0,0,0,3,1,0,30,0,Dutch,89.wav,data/Emotify\classical\89.wav
90,classical,0,0,0,0,0,0,0,1,0,3,0,0,33,0,Russian,90.wav,data/Emotify\classical\90.wav
90,classical,0,0,0,0,0,0,1,1,0,1,0,0,33,0,Russian,90.wav,data/Emotify\classical\90.wav
90,classical,0,0,0,0,0,1,0,1,0,4,0,1,21,0,Russian,90.wav,data/Emotify\classical\90.wav
90,classical,1,1,0,0,0,0,0,0,0,3,1,0,19,1,Dutch,90.wav,data/Emotify\classical\90.wav
90,classical,0,0,0,0,0,0,0,1,0,3,0,1,27,1,Russian,90.wav,data/Emotify\classical\90.wav
90,classical,0,1,0,0,1,0,0,0,0,4,1,0,23,0,French,90.wav,data/Emotify\classical\90.wav
90,classical,0,0,0,0,0,0,1,0,0,4,0,1,23,1,English,90.wav,data/Emotify\classical\90.wav
90,classical,0,0,0,0,0,1,0,0,0,4,1,0,36,1,English,90.wav,data/Emotify\classical\90.wav
90,classical,0,1,0,0,0,0,0,0,0,4,0,0,46,1,English,90.wav,data/Emotify\classical\90.wav
90,classical,0,0,0,0,1,0,0,0,0,3,0,0,24,1,Estonian,90.wav,data/Emotify\classical\90.wav
90,classical,0,0,0,0,0,0,0,1,0,4,0,0,22,1,Dutch,90.wav,data/Emotify\classical\90.wav
90,classical,1,0,0,0,0,0,1,0,0,4,1,0,23,1,English,90.wav,data/Emotify\classical\90.wav
90,classical,0,0,0,0,0,0,1,0,0,3,1,0,74,0,Dutch,90.wav,data/Emotify\classical\90.wav
90,classical,1,1,0,0,0,0,1,0,0,4,0,0,27,1,Dutch,90.wav,data/Emotify\classical\90.wav
90,classical,1,0,0,0,0,0,0,0,0,3,0,0,30,0,Dutch,90.wav,data/Emotify\classical\90.wav
90,classical,0,1,0,0,0,0,0,1,0,4,0,1,17,1,Dutch,90.wav,data/Emotify\classical\90.wav
90,classical,0,0,0,0,0,0,1,0,0,3,0,0,50,0,Dutch,90.wav,data/Emotify\classical\90.wav
91,classical,0,0,0,1,0,0,0,0,1,3,0,0,33,0,Russian,91.wav,data/Emotify\classical\91.wav
91,classical,0,0,0,1,0,0,0,0,0,3,0,1,27,1,Russian,91.wav,data/Emotify\classical\91.wav
91,classical,0,0,0,1,0,0,0,0,1,1,0,0,33,0,Russian,91.wav,data/Emotify\classical\91.wav
91,classical,0,1,0,0,1,1,0,0,0,3,1,0,19,1,Dutch,91.wav,data/Emotify\classical\91.wav
91,classical,0,1,0,1,1,0,0,0,0,4,0,0,23,0,French,91.wav,data/Emotify\classical\91.wav
91,classical,0,1,0,1,1,0,0,0,0,3,1,0,21,0,Finnish,91.wav,data/Emotify\classical\91.wav
91,classical,0,0,1,0,0,0,0,1,0,4,1,0,23,1,English,91.wav,data/Emotify\classical\91.wav
91,classical,0,1,0,0,0,0,0,0,1,4,1,0,46,1,English,91.wav,data/Emotify\classical\91.wav
91,classical,0,0,0,0,1,0,0,0,1,4,0,0,23,1,English,91.wav,data/Emotify\classical\91.wav
91,classical,0,0,0,0,0,0,0,0,1,3,1,0,74,0,Dutch,91.wav,data/Emotify\classical\91.wav
91,classical,0,0,0,0,0,0,0,0,1,4,0,0,27,1,Dutch,91.wav,data/Emotify\classical\91.wav
91,classical,0,1,0,0,0,0,0,0,1,3,1,0,32,1,Farsi,91.wav,data/Emotify\classical\91.wav
91,classical,0,1,0,0,1,0,0,0,0,3,1,0,30,0,Dutch,91.wav,data/Emotify\classical\91.wav
91,classical,0,0,1,0,0,0,0,0,1,2,0,0,47,1,English,91.wav,data/Emotify\classical\91.wav
91,classical,0,1,0,0,0,0,0,0,0,5,1,0,54,0,Dutch,91.wav,data/Emotify\classical\91.wav
91,classical,0,0,0,0,0,0,0,0,1,3,0,0,50,0,Dutch,91.wav,data/Emotify\classical\91.wav
91,classical,0,0,1,0,1,0,0,0,1,4,1,0,15,0,English,91.wav,data/Emotify\classical\91.wav
92,classical,0,0,1,0,0,0,0,0,0,3,0,1,27,1,Russian,92.wav,data/Emotify\classical\92.wav
92,classical,0,0,0,1,1,0,0,0,1,1,0,0,33,0,Russian,92.wav,data/Emotify\classical\92.wav
92,classical,0,1,0,0,0,0,0,1,1,4,0,1,21,0,Russian,92.wav,data/Emotify\classical\92.wav
92,classical,0,1,0,1,1,0,0,0,0,4,1,0,23,0,French,92.wav,data/Emotify\classical\92.wav
92,classical,0,0,0,0,1,0,0,0,0,4,1,0,36,1,English,92.wav,data/Emotify\classical\92.wav
92,classical,0,0,0,0,1,0,0,0,0,3,1,0,25,1,English,92.wav,data/Emotify\classical\92.wav
92,classical,0,0,0,1,0,0,0,0,0,4,0,1,23,1,English,92.wav,data/Emotify\classical\92.wav
92,classical,0,0,0,0,1,0,1,0,0,4,1,0,23,0,English,92.wav,data/Emotify\classical\92.wav
92,classical,0,0,0,1,1,0,0,0,0,3,0,0,47,0,Dutch,92.wav,data/Emotify\classical\92.wav
92,classical,1,0,0,1,1,0,0,0,0,4,0,0,27,1,Dutch,92.wav,data/Emotify\classical\92.wav
92,classical,0,1,0,0,0,0,1,0,0,4,1,0,46,1,English,92.wav,data/Emotify\classical\92.wav
92,classical,1,1,0,0,0,0,0,0,0,4,0,0,23,1,English,92.wav,data/Emotify\classical\92.wav
92,classical,0,0,0,0,1,0,0,0,0,5,0,0,53,0,English,92.wav,data/Emotify\classical\92.wav
92,classical,0,1,0,0,0,0,0,0,0,3,0,0,74,0,Dutch,92.wav,data/Emotify\classical\92.wav
92,classical,0,1,0,0,1,0,0,0,0,3,0,0,32,1,Farsi,92.wav,data/Emotify\classical\92.wav
92,classical,0,0,1,0,0,0,0,0,0,3,1,0,30,0,Dutch,92.wav,data/Emotify\classical\92.wav
92,classical,0,1,1,1,0,0,0,0,0,3,0,0,33,0,Russian,92.wav,data/Emotify\classical\92.wav
93,classical,1,0,0,1,1,0,0,0,0,3,1,0,20,1,Russian,93.wav,data/Emotify\classical\93.wav
93,classical,0,0,0,0,1,0,0,0,0,3,0,0,25,1,English,93.wav,data/Emotify\classical\93.wav
93,classical,0,0,1,0,1,0,0,0,0,3,0,0,47,0,Dutch,93.wav,data/Emotify\classical\93.wav
93,classical,0,0,0,0,1,0,0,0,0,4,0,1,23,1,English,93.wav,data/Emotify\classical\93.wav
93,classical,0,0,0,0,1,0,1,0,0,3,1,0,21,0,Finnish,93.wav,data/Emotify\classical\93.wav
93,classical,0,0,1,0,1,0,0,0,0,4,1,0,46,1,English,93.wav,data/Emotify\classical\93.wav
93,classical,1,0,1,0,1,0,0,0,0,4,0,0,23,1,English,93.wav,data/Emotify\classical\93.wav
93,classical,0,0,0,0,1,0,0,0,0,3,1,0,74,0,Dutch,93.wav,data/Emotify\classical\93.wav
93,classical,0,0,0,1,1,0,0,0,0,4,1,0,23,0,English,93.wav,data/Emotify\classical\93.wav
93,classical,0,0,1,0,1,0,1,0,0,3,1,0,26,1,Russian,93.wav,data/Emotify\classical\93.wav
93,classical,0,0,1,0,1,0,1,0,0,3,1,0,62,0,Dutch,93.wav,data/Emotify\classical\93.wav
93,classical,0,0,0,1,1,0,0,0,0,2,1,0,30,0,Greek,93.wav,data/Emotify\classical\93.wav
93,classical,0,0,0,0,0,0,0,0,1,3,1,0,27,1,Russian,93.wav,data/Emotify\classical\93.wav
93,classical,0,0,0,0,1,0,0,0,1,4,1,0,25,0,French,93.wav,data/Emotify\classical\93.wav
93,classical,0,0,1,0,1,0,0,0,0,3,0,0,33,0,Russian,93.wav,data/Emotify\classical\93.wav
93,classical,0,0,0,0,1,0,0,0,0,4,1,0,23,0,French,93.wav,data/Emotify\classical\93.wav
93,classical,0,0,0,1,0,0,0,0,0,1,0,0,33,0,Russian,93.wav,data/Emotify\classical\93.wav
94,classical,1,1,0,0,0,0,1,0,0,5,1,0,46,1,Portuguese,94.wav,data/Emotify\classical\94.wav
94,classical,0,1,0,0,0,0,0,0,1,4,1,0,23,1,English,94.wav,data/Emotify\classical\94.wav
94,classical,0,0,0,0,1,0,0,0,0,3,0,0,58,1,German,94.wav,data/Emotify\classical\94.wav
94,classical,0,0,0,0,0,0,0,0,0,4,1,0,25,1,Estonian,94.wav,data/Emotify\classical\94.wav
94,classical,0,0,0,0,0,1,0,1,1,4,0,0,33,0,Hungarian,94.wav,data/Emotify\classical\94.wav
94,classical,1,0,0,0,0,1,1,0,0,4,0,0,23,0,English,94.wav,data/Emotify\classical\94.wav
94,classical,0,1,0,0,0,0,1,1,0,3,1,0,26,1,Russian,94.wav,data/Emotify\classical\94.wav
94,classical,1,1,0,0,0,0,0,0,0,3,1,0,38,0,Danish,94.wav,data/Emotify\classical\94.wav
94,classical,1,1,0,0,1,0,0,0,0,5,1,0,33,0,English,94.wav,data/Emotify\classical\94.wav
94,classical,1,0,0,0,0,0,0,0,0,3,1,0,36,1,English,94.wav,data/Emotify\classical\94.wav
94,classical,0,1,0,0,1,0,1,0,0,3,0,0,62,0,Dutch,94.wav,data/Emotify\classical\94.wav
94,classical,0,1,0,0,1,0,0,0,0,4,1,0,23,0,French,94.wav,data/Emotify\classical\94.wav
94,classical,0,0,0,0,1,0,0,0,0,3,1,0,27,1,Russian,94.wav,data/Emotify\classical\94.wav
94,classical,0,1,0,1,0,0,0,0,0,4,1,0,29,0,Dutch,94.wav,data/Emotify\classical\94.wav
94,classical,0,0,0,0,1,0,0,0,0,3,1,0,25,1,English,94.wav,data/Emotify\classical\94.wav
94,classical,0,1,0,0,0,0,1,1,0,1,0,0,33,0,Russian,94.wav,data/Emotify\classical\94.wav
94,classical,0,1,0,0,0,0,0,1,1,1,0,0,33,0,Russian,94.wav,data/Emotify\classical\94.wav
95,classical,1,0,0,0,0,0,0,0,0,4,0,0,23,1,English,95.wav,data/Emotify\classical\95.wav
95,classical,0,0,0,0,0,1,0,0,0,5,0,0,46,0,Dutch,95.wav,data/Emotify\classical\95.wav
95,classical,0,0,0,0,0,0,1,0,0,3,0,0,58,1,German,95.wav,data/Emotify\classical\95.wav
95,classical,1,0,1,0,0,0,0,0,0,5,1,0,29,1,Russian,95.wav,data/Emotify\classical\95.wav
95,classical,0,0,0,1,0,0,1,0,0,3,0,1,43,1,Dutch,95.wav,data/Emotify\classical\95.wav
95,classical,1,0,1,0,0,0,1,0,0,4,0,0,25,1,Estonian,95.wav,data/Emotify\classical\95.wav
95,classical,1,0,1,0,0,0,1,0,0,4,0,0,21,1,English,95.wav,data/Emotify\classical\95.wav
95,classical,1,0,1,0,0,0,1,0,0,4,0,0,25,1,Estonian,95.wav,data/Emotify\classical\95.wav
95,classical,0,0,0,1,0,1,1,0,0,5,0,0,29,1,Russian,95.wav,data/Emotify\classical\95.wav
95,classical,0,0,0,0,0,0,1,0,0,2,1,0,60,0,English,95.wav,data/Emotify\classical\95.wav
95,classical,0,0,0,0,0,0,1,0,0,3,1,0,62,0,Dutch,95.wav,data/Emotify\classical\95.wav
95,classical,0,1,0,1,1,0,0,0,0,2,1,0,32,0,Greek,95.wav,data/Emotify\classical\95.wav
95,classical,0,1,0,0,0,0,0,0,0,3,0,1,27,1,Russian,95.wav,data/Emotify\classical\95.wav
95,classical,0,0,0,0,0,0,1,0,0,4,1,0,27,0,Russian,95.wav,data/Emotify\classical\95.wav
95,classical,0,0,0,0,1,0,1,0,0,3,1,0,25,1,English,95.wav,data/Emotify\classical\95.wav
95,classical,0,1,0,0,0,0,1,0,1,1,0,0,33,0,Russian,95.wav,data/Emotify\classical\95.wav
95,classical,0,0,0,0,0,0,1,1,1,1,0,0,33,0,Russian,95.wav,data/Emotify\classical\95.wav
96,classical,0,1,0,0,0,0,1,0,0,3,1,0,43,1,Dutch,96.wav,data/Emotify\classical\96.wav
96,classical,0,0,1,0,0,0,0,0,0,3,0,0,58,1,German,96.wav,data/Emotify\classical\96.wav
96,classical,0,0,0,1,1,0,0,0,0,2,0,0,23,1,English,96.wav,data/Emotify\classical\96.wav
96,classical,0,0,0,1,1,0,0,0,0,5,1,0,29,1,Russian,96.wav,data/Emotify\classical\96.wav
96,classical,0,0,0,0,0,0,1,0,0,4,0,0,33,0,Hungarian,96.wav,data/Emotify\classical\96.wav
96,classical,0,0,0,1,1,0,0,0,0,5,0,0,29,1,Russian,96.wav,data/Emotify\classical\96.wav
96,classical,1,1,0,0,0,1,0,0,0,5,0,0,17,1,Finnish,96.wav,data/Emotify\classical\96.wav
96,classical,0,0,1,0,1,0,1,0,0,2,1,0,60,0,English,96.wav,data/Emotify\classical\96.wav
96,classical,0,0,1,0,1,0,0,0,0,4,1,0,27,0,Russian,96.wav,data/Emotify\classical\96.wav
96,classical,0,0,0,0,1,0,0,0,0,4,1,0,23,0,French,96.wav,data/Emotify\classical\96.wav
96,classical,0,0,0,0,0,0,1,0,0,3,1,0,27,1,Russian,96.wav,data/Emotify\classical\96.wav
96,classical,0,0,0,0,0,0,1,0,0,4,1,0,20,0,English,96.wav,data/Emotify\classical\96.wav
96,classical,0,0,1,1,0,0,0,0,0,1,1,0,33,0,Russian,96.wav,data/Emotify\classical\96.wav
96,classical,0,0,0,0,0,0,0,1,0,4,0,1,23,1,English,96.wav,data/Emotify\classical\96.wav
96,classical,0,1,0,0,1,0,0,0,0,4,0,0,29,0,Dutch,96.wav,data/Emotify\classical\96.wav
96,classical,0,0,1,1,0,0,0,0,1,1,0,0,33,0,Russian,96.wav,data/Emotify\classical\96.wav
96,classical,0,0,1,0,1,0,1,0,0,4,0,0,34,0,English,96.wav,data/Emotify\classical\96.wav
97,classical,0,1,0,0,0,0,0,1,0,5,1,0,17,1,Finnish,97.wav,data/Emotify\classical\97.wav
97,classical,0,0,0,1,1,0,0,0,0,4,0,0,21,0,Spanish,97.wav,data/Emotify\classical\97.wav
97,classical,0,0,0,0,0,0,0,0,1,3,0,0,58,1,German,97.wav,data/Emotify\classical\97.wav
97,classical,0,0,0,0,1,0,0,0,0,2,0,0,23,1,English,97.wav,data/Emotify\classical\97.wav
97,classical,0,1,0,0,0,0,0,0,1,2,0,1,28,1,Estonian,97.wav,data/Emotify\classical\97.wav
97,classical,1,0,0,0,0,0,0,0,0,3,1,0,52,1,English,97.wav,data/Emotify\classical\97.wav
97,classical,0,0,0,0,0,0,0,0,1,5,0,0,29,1,Russian,97.wav,data/Emotify\classical\97.wav
97,classical,0,0,1,1,1,0,0,0,0,2,1,0,47,1,Dutch,97.wav,data/Emotify\classical\97.wav
97,classical,0,1,0,1,0,0,0,0,1,4,1,0,33,0,Hungarian,97.wav,data/Emotify\classical\97.wav
97,classical,0,1,0,0,0,0,0,0,1,4,0,0,36,0,Italian,97.wav,data/Emotify\classical\97.wav
97,classical,0,0,0,0,0,0,0,0,1,2,0,1,60,0,English,97.wav,data/Emotify\classical\97.wav
97,classical,0,1,0,0,0,0,0,0,0,4,0,1,20,0,English,97.wav,data/Emotify\classical\97.wav
97,classical,0,1,0,0,0,0,0,1,0,1,0,0,33,0,Russian,97.wav,data/Emotify\classical\97.wav
97,classical,0,0,0,0,0,0,0,1,0,4,0,1,23,1,English,97.wav,data/Emotify\classical\97.wav
97,classical,0,0,0,0,0,0,0,1,0,4,0,0,29,0,Dutch,97.wav,data/Emotify\classical\97.wav
97,classical,0,1,0,0,0,0,0,1,0,1,0,0,33,0,Russian,97.wav,data/Emotify\classical\97.wav
97,classical,1,1,0,0,1,0,0,0,0,3,1,0,43,1,Dutch,97.wav,data/Emotify\classical\97.wav
98,classical,0,1,0,0,0,0,0,0,1,4,1,0,51,0,English,98.wav,data/Emotify\classical\98.wav
98,classical,0,1,0,1,1,0,0,0,0,4,1,0,21,0,Spanish,98.wav,data/Emotify\classical\98.wav
98,classical,1,0,0,0,0,0,0,0,0,4,1,0,14,1,Russian,98.wav,data/Emotify\classical\98.wav
98,classical,0,1,0,1,1,0,0,0,0,2,1,0,47,1,Dutch,98.wav,data/Emotify\classical\98.wav
98,classical,0,0,0,0,1,0,0,0,0,2,1,0,28,1,Estonian,98.wav,data/Emotify\classical\98.wav
98,classical,0,1,1,1,0,0,0,0,0,4,0,0,21,1,English,98.wav,data/Emotify\classical\98.wav
98,classical,0,0,0,0,0,0,0,1,1,3,0,0,52,1,English,98.wav,data/Emotify\classical\98.wav
98,classical,0,0,0,0,1,0,0,0,0,3,0,0,24,0,Estonian,98.wav,data/Emotify\classical\98.wav
98,classical,0,0,0,0,1,0,0,0,0,4,0,0,33,0,Hungarian,98.wav,data/Emotify\classical\98.wav
98,classical,0,1,0,1,1,0,0,0,0,2,1,0,60,0,English,98.wav,data/Emotify\classical\98.wav
98,classical,0,0,0,0,1,0,0,0,0,4,0,1,20,0,English,98.wav,data/Emotify\classical\98.wav
98,classical,0,0,0,1,1,0,0,0,1,1,0,0,33,0,Russian,98.wav,data/Emotify\classical\98.wav
98,classical,0,1,0,0,1,0,0,0,1,4,1,0,23,1,English,98.wav,data/Emotify\classical\98.wav
98,classical,0,0,0,1,0,0,0,0,1,1,0,0,33,0,Russian,98.wav,data/Emotify\classical\98.wav
98,classical,0,0,1,0,0,0,0,0,0,3,1,0,35,1,English,98.wav,data/Emotify\classical\98.wav
98,classical,0,0,1,0,1,0,0,0,0,3,1,0,30,0,Dutch,98.wav,data/Emotify\classical\98.wav
98,classical,0,1,1,0,0,0,0,0,1,3,1,0,32,1,Farsi,98.wav,data/Emotify\classical\98.wav
99,classical,0,0,0,1,0,0,0,0,0,3,0,0,52,1,English,99.wav,data/Emotify\classical\99.wav
99,classical,0,0,0,0,1,0,0,0,0,2,1,0,28,1,Estonian,99.wav,data/Emotify\classical\99.wav
99,classical,0,0,1,0,1,0,0,0,1,4,0,0,21,1,English,99.wav,data/Emotify\classical\99.wav
99,classical,0,1,0,0,1,0,1,0,0,3,1,0,21,1,English,99.wav,data/Emotify\classical\99.wav
99,classical,0,0,1,0,1,0,1,0,0,5,1,0,18,0,Swedish,99.wav,data/Emotify\classical\99.wav
99,classical,0,0,1,0,1,0,0,0,0,4,1,0,32,0,Russian,99.wav,data/Emotify\classical\99.wav
99,classical,0,1,0,0,1,1,0,0,0,2,1,0,60,0,English,99.wav,data/Emotify\classical\99.wav
99,classical,0,0,0,0,1,0,0,0,0,4,1,0,37,0,English,99.wav,data/Emotify\classical\99.wav
99,classical,0,0,0,0,1,0,0,0,0,4,0,1,20,0,English,99.wav,data/Emotify\classical\99.wav
99,classical,0,0,1,0,1,0,0,1,0,3,1,1,62,1,English,99.wav,data/Emotify\classical\99.wav
99,classical,1,0,1,0,1,0,0,0,0,1,0,0,33,0,Russian,99.wav,data/Emotify\classical\99.wav
99,classical,0,0,0,1,1,0,0,0,0,4,0,0,23,1,English,99.wav,data/Emotify\classical\99.wav
99,classical,0,0,1,1,0,0,0,0,1,1,0,0,33,0,Russian,99.wav,data/Emotify\classical\99.wav
99,classical,1,0,0,0,1,0,0,0,1,4,0,0,21,0,Spanish,99.wav,data/Emotify\classical\99.wav
99,classical,0,0,0,0,1,0,0,0,0,3,1,0,30,0,Dutch,99.wav,data/Emotify\classical\99.wav
99,classical,0,0,0,0,1,1,1,0,0,2,0,1,19,1,English,99.wav,data/Emotify\classical\99.wav
99,classical,0,0,1,1,1,0,0,0,0,3,1,0,32,1,Farsi,99.wav,data/Emotify\classical\99.wav
100,classical,0,0,0,1,0,0,0,0,0,3,0,0,52,1,English,100.wav,data/Emotify\classical\100.wav
100,classical,0,1,0,0,0,0,0,0,0,2,1,0,28,1,Estonian,100.wav,data/Emotify\classical\100.wav
100,classical,0,0,0,0,0,0,0,1,0,2,1,0,21,1,English,100.wav,data/Emotify\classical\100.wav
100,classical,1,1,0,0,0,1,0,0,0,3,1,0,15,0,Russian,100.wav,data/Emotify\classical\100.wav
100,classical,0,1,0,0,0,1,0,1,0,3,0,0,21,1,English,100.wav,data/Emotify\classical\100.wav
100,classical,0,1,0,0,1,1,0,0,0,5,1,0,18,0,Swedish,100.wav,data/Emotify\classical\100.wav
100,classical,0,0,0,0,0,0,1,0,0,5,0,0,44,0,Dutch,100.wav,data/Emotify\classical\100.wav
100,classical,0,1,0,0,1,1,0,0,0,5,1,0,18,0,Swedish,100.wav,data/Emotify\classical\100.wav
100,classical,0,1,0,0,0,1,0,0,0,2,1,0,60,0,English,100.wav,data/Emotify\classical\100.wav
100,classical,0,0,0,1,0,0,0,1,0,1,0,0,33,0,Russian,100.wav,data/Emotify\classical\100.wav
100,classical,0,0,0,0,0,1,0,0,0,4,1,0,20,0,English,100.wav,data/Emotify\classical\100.wav
100,classical,0,0,0,0,0,0,1,0,0,3,1,0,62,1,English,100.wav,data/Emotify\classical\100.wav
100,classical,0,0,0,0,0,1,0,1,0,3,1,0,30,0,Dutch,100.wav,data/Emotify\classical\100.wav
100,classical,0,1,0,0,0,0,0,1,1,1,1,0,33,0,Russian,100.wav,data/Emotify\classical\100.wav
100,classical,0,0,0,0,0,1,0,0,1,4,1,0,23,1,English,100.wav,data/Emotify\classical\100.wav
100,classical,1,1,0,0,0,1,0,0,0,3,0,0,22,0,Malay,100.wav,data/Emotify\classical\100.wav
100,classical,0,0,0,0,1,0,0,0,0,5,1,0,46,1,Dutch,100.wav,data/Emotify\classical\100.wav
101,rock,0,1,0,0,1,0,0,0,0,2,0,1,15,1,English,1.wav,data/Emotify\rock\1.wav
101,rock,0,0,0,0,0,1,0,1,0,3,0,1,26,0,English,1.wav,data/Emotify\rock\1.wav
101,rock,0,0,0,0,0,1,0,0,1,5,0,1,40,0,English,1.wav,data/Emotify\rock\1.wav
101,rock,0,1,1,0,1,0,0,0,0,5,1,0,20,0,English,1.wav,data/Emotify\rock\1.wav
101,rock,0,0,0,0,0,0,0,1,0,4,0,1,26,0,Russian,1.wav,data/Emotify\rock\1.wav
101,rock,0,0,0,0,0,0,1,0,0,3,0,0,32,1,Russian,1.wav,data/Emotify\rock\1.wav
101,rock,0,0,0,1,0,0,1,0,0,4,1,0,26,1,Dutch,1.wav,data/Emotify\rock\1.wav
101,rock,0,0,1,1,0,0,0,0,0,4,0,1,22,0,English,1.wav,data/Emotify\rock\1.wav
101,rock,0,0,1,0,0,0,0,1,1,4,0,1,18,0,English,1.wav,data/Emotify\rock\1.wav
101,rock,1,0,0,0,0,0,0,1,0,4,0,0,23,0,Spanish,1.wav,data/Emotify\rock\1.wav
101,rock,0,0,1,1,0,0,0,0,1,5,0,0,21,0,English,1.wav,data/Emotify\rock\1.wav
101,rock,0,0,0,0,0,0,0,0,0,3,0,1,27,0,German,1.wav,data/Emotify\rock\1.wav
101,rock,0,0,0,0,0,0,0,0,0,3,0,1,74,0,Dutch,1.wav,data/Emotify\rock\1.wav
101,rock,0,0,0,0,0,1,0,0,0,4,0,0,44,0,French,1.wav,data/Emotify\rock\1.wav
101,rock,0,1,0,0,1,0,1,0,0,4,0,0,16,0,Russian,1.wav,data/Emotify\rock\1.wav
101,rock,0,1,1,0,0,1,0,0,0,5,1,1,23,1,English,1.wav,data/Emotify\rock\1.wav
101,rock,0,0,0,0,0,0,0,1,0,5,0,1,21,0,Russian,1.wav,data/Emotify\rock\1.wav
101,rock,0,0,0,0,0,1,0,0,1,3,0,1,34,0,Latvian,1.wav,data/Emotify\rock\1.wav
101,rock,0,0,0,1,1,0,0,0,1,3,0,1,15,0,English,1.wav,data/Emotify\rock\1.wav
101,rock,0,0,0,1,0,0,0,0,0,3,1,0,21,0,Dutch,1.wav,data/Emotify\rock\1.wav
101,rock,0,0,0,0,0,1,0,0,0,3,1,0,16,0,Chinese,1.wav,data/Emotify\rock\1.wav
101,rock,0,0,0,0,0,1,0,1,1,3,0,1,22,1,English,1.wav,data/Emotify\rock\1.wav
101,rock,0,0,0,0,0,1,0,1,0,3,0,0,29,0,Arabic,1.wav,data/Emotify\rock\1.wav
101,rock,0,0,0,0,0,0,1,0,0,3,0,1,31,0,Russian,1.wav,data/Emotify\rock\1.wav
101,rock,0,0,0,1,0,0,0,0,0,5,0,1,30,1,English,1.wav,data/Emotify\rock\1.wav
101,rock,0,0,0,1,0,0,0,0,0,2,1,0,26,1,Chinese,1.wav,data/Emotify\rock\1.wav
101,rock,0,1,1,0,0,1,0,0,0,4,1,0,15,1,English,1.wav,data/Emotify\rock\1.wav
101,rock,0,1,1,0,0,0,1,0,0,4,1,0,47,1,Dutch,1.wav,data/Emotify\rock\1.wav
101,rock,0,0,1,0,1,0,0,0,0,3,0,0,24,0,Russian,1.wav,data/Emotify\rock\1.wav
101,rock,0,0,0,0,0,0,0,1,0,4,0,1,34,1,English,1.wav,data/Emotify\rock\1.wav
101,rock,0,0,0,1,0,0,0,0,1,3,0,1,56,0,English,1.wav,data/Emotify\rock\1.wav
101,rock,0,0,0,0,0,0,1,0,0,4,1,0,27,1,Russian,1.wav,data/Emotify\rock\1.wav
101,rock,0,1,0,0,0,0,0,0,0,3,1,0,19,0,English,1.wav,data/Emotify\rock\1.wav
101,rock,0,1,0,0,0,0,0,1,1,5,0,1,18,0,English,1.wav,data/Emotify\rock\1.wav
101,rock,0,0,0,0,0,0,0,1,1,5,0,0,23,0,English,1.wav,data/Emotify\rock\1.wav
101,rock,0,0,0,0,0,0,0,0,1,3,0,0,24,0,English,1.wav,data/Emotify\rock\1.wav
101,rock,0,0,0,0,0,0,1,1,0,3,0,0,23,1,Russian,1.wav,data/Emotify\rock\1.wav
101,rock,0,0,0,1,0,1,0,0,1,3,0,0,28,1,Russian,1.wav,data/Emotify\rock\1.wav
101,rock,0,0,0,0,0,0,1,0,0,3,1,0,22,0,Dutch,1.wav,data/Emotify\rock\1.wav
101,rock,0,1,0,0,0,1,0,0,1,2,1,0,25,1,Russian,1.wav,data/Emotify\rock\1.wav
101,rock,0,1,0,0,0,1,1,0,0,5,1,0,17,0,English,1.wav,data/Emotify\rock\1.wav
101,rock,0,0,0,1,0,0,0,0,0,4,1,0,24,1,Russian,1.wav,data/Emotify\rock\1.wav
101,rock,0,0,0,1,0,0,0,0,0,4,1,0,51,0,English,1.wav,data/Emotify\rock\1.wav
101,rock,0,1,1,0,0,0,0,0,1,4,1,0,31,0,English,1.wav,data/Emotify\rock\1.wav
101,rock,0,0,0,1,0,0,1,0,0,2,1,0,56,0,Dutch,1.wav,data/Emotify\rock\1.wav
101,rock,0,0,0,1,0,0,0,0,0,5,0,0,30,1,Russian,1.wav,data/Emotify\rock\1.wav
101,rock,0,0,0,0,0,0,0,1,0,4,0,1,29,0,Italian,1.wav,data/Emotify\rock\1.wav
101,rock,0,0,0,0,0,0,0,0,1,3,0,1,24,1,English,1.wav,data/Emotify\rock\1.wav
101,rock,0,1,0,1,0,1,0,0,0,3,0,0,23,1,English,1.wav,data/Emotify\rock\1.wav
101,rock,0,1,0,1,0,0,0,0,1,2,0,0,22,0,Spanish,1.wav,data/Emotify\rock\1.wav
102,rock,1,0,0,1,0,0,1,0,0,3,0,0,32,1,Russian,2.wav,data/Emotify\rock\2.wav
102,rock,0,0,0,0,0,0,0,1,0,4,0,1,21,0,English,2.wav,data/Emotify\rock\2.wav
102,rock,0,0,1,1,0,0,0,0,0,4,1,0,22,0,English,2.wav,data/Emotify\rock\2.wav
102,rock,0,0,1,0,1,0,0,0,0,4,0,1,54,1,English,2.wav,data/Emotify\rock\2.wav
102,rock,0,0,0,0,1,0,0,0,0,4,0,1,23,0,Spanish,2.wav,data/Emotify\rock\2.wav
102,rock,0,0,0,1,0,0,0,0,0,5,0,0,21,0,English,2.wav,data/Emotify\rock\2.wav
102,rock,0,0,0,1,0,0,0,0,0,4,1,0,41,1,Russian,2.wav,data/Emotify\rock\2.wav
102,rock,1,0,0,1,0,0,1,0,0,5,0,0,45,0,Korean,2.wav,data/Emotify\rock\2.wav
102,rock,0,0,0,1,1,0,0,0,0,3,0,0,34,0,Latvian,2.wav,data/Emotify\rock\2.wav
102,rock,0,0,0,1,1,0,0,0,0,3,1,0,22,0,Dutch,2.wav,data/Emotify\rock\2.wav
102,rock,0,0,0,1,0,0,0,0,0,3,0,1,21,0,Dutch,2.wav,data/Emotify\rock\2.wav
102,rock,0,0,0,0,0,0,1,0,0,2,0,0,33,0,Russian,2.wav,data/Emotify\rock\2.wav
102,rock,0,0,0,1,0,0,0,0,0,5,1,0,23,1,English,2.wav,data/Emotify\rock\2.wav
102,rock,0,0,0,1,1,0,0,0,0,3,1,0,29,1,English,2.wav,data/Emotify\rock\2.wav
102,rock,0,0,1,0,1,0,0,0,0,3,0,0,28,0,Russian,2.wav,data/Emotify\rock\2.wav
102,rock,0,0,1,1,0,0,0,0,0,3,0,1,39,0,English,2.wav,data/Emotify\rock\2.wav
102,rock,0,0,1,0,0,0,0,0,0,2,1,0,26,1,Chinese,2.wav,data/Emotify\rock\2.wav
102,rock,0,0,0,1,0,0,0,1,1,3,0,1,22,1,English,2.wav,data/Emotify\rock\2.wav
102,rock,0,0,0,0,0,0,1,0,0,5,1,0,21,0,Russian,2.wav,data/Emotify\rock\2.wav
102,rock,1,0,0,1,0,0,1,0,0,5,0,0,55,0,Dutch,2.wav,data/Emotify\rock\2.wav
102,rock,1,0,1,1,0,0,0,0,0,3,1,0,19,0,English,2.wav,data/Emotify\rock\2.wav
102,rock,0,0,0,1,0,0,0,0,0,3,0,0,24,1,English,2.wav,data/Emotify\rock\2.wav
102,rock,0,0,1,1,0,0,0,0,1,4,0,0,16,1,Swedish,2.wav,data/Emotify\rock\2.wav
102,rock,0,0,0,1,0,0,0,0,0,3,0,1,21,0,Dutch,2.wav,data/Emotify\rock\2.wav
102,rock,0,0,0,1,0,0,0,0,0,4,0,0,26,0,English,2.wav,data/Emotify\rock\2.wav
102,rock,0,0,1,0,0,0,0,0,0,2,1,0,26,1,Chinese,2.wav,data/Emotify\rock\2.wav
102,rock,0,0,0,1,1,0,1,0,0,4,0,1,59,0,English,2.wav,data/Emotify\rock\2.wav
102,rock,0,0,0,0,0,0,1,0,0,4,1,0,48,1,German,2.wav,data/Emotify\rock\2.wav
102,rock,0,0,0,1,0,0,0,0,0,5,0,0,61,0,English,2.wav,data/Emotify\rock\2.wav
102,rock,0,0,0,1,0,0,0,0,1,5,0,1,30,1,English,2.wav,data/Emotify\rock\2.wav
102,rock,0,1,1,1,0,0,0,0,0,4,0,0,47,1,Dutch,2.wav,data/Emotify\rock\2.wav
102,rock,0,0,1,1,0,0,0,0,0,3,0,1,56,0,English,2.wav,data/Emotify\rock\2.wav
102,rock,0,0,0,0,1,0,0,0,0,5,0,1,29,1,Russian,2.wav,data/Emotify\rock\2.wav
102,rock,1,0,1,0,0,0,1,0,0,2,0,0,25,1,Russian,2.wav,data/Emotify\rock\2.wav
102,rock,0,0,1,0,1,0,0,0,0,4,0,0,51,0,English,2.wav,data/Emotify\rock\2.wav
102,rock,0,0,1,0,1,0,0,0,0,3,1,0,22,0,Dutch,2.wav,data/Emotify\rock\2.wav
102,rock,1,0,1,0,1,0,0,0,0,5,0,0,18,0,English,2.wav,data/Emotify\rock\2.wav
102,rock,0,0,0,1,0,0,0,0,0,3,0,0,24,0,English,2.wav,data/Emotify\rock\2.wav
102,rock,0,0,0,1,0,0,0,0,0,4,0,0,24,1,Russian,2.wav,data/Emotify\rock\2.wav
102,rock,0,0,1,1,1,0,0,0,0,3,0,0,28,1,Russian,2.wav,data/Emotify\rock\2.wav
102,rock,0,0,0,0,1,0,0,0,0,3,0,0,22,0,Dutch,2.wav,data/Emotify\rock\2.wav
102,rock,0,0,0,0,0,0,0,0,1,4,0,1,27,0,Russian,2.wav,data/Emotify\rock\2.wav
102,rock,0,0,1,1,0,0,1,0,0,4,1,0,19,0,Romanian,2.wav,data/Emotify\rock\2.wav
102,rock,0,0,1,0,0,0,0,0,0,3,0,1,26,0,English,2.wav,data/Emotify\rock\2.wav
102,rock,0,0,0,0,1,0,0,0,0,5,0,0,30,1,Russian,2.wav,data/Emotify\rock\2.wav
102,rock,0,0,0,0,1,0,0,0,0,4,0,1,15,1,English,2.wav,data/Emotify\rock\2.wav
102,rock,0,1,0,1,1,0,0,0,0,4,1,0,19,0,English,2.wav,data/Emotify\rock\2.wav
102,rock,0,0,0,1,0,0,0,0,0,4,1,0,26,1,Dutch,2.wav,data/Emotify\rock\2.wav
102,rock,0,0,0,0,1,0,0,0,0,4,1,0,29,0,Italian,2.wav,data/Emotify\rock\2.wav
102,rock,0,0,0,0,0,0,1,0,0,4,1,0,25,0,French,2.wav,data/Emotify\rock\2.wav
102,rock,0,0,1,1,1,0,0,0,0,2,0,1,15,1,English,2.wav,data/Emotify\rock\2.wav
103,rock,0,0,0,0,1,0,0,0,0,4,1,0,54,0,English,3.wav,data/Emotify\rock\3.wav
103,rock,0,0,0,0,0,0,1,0,0,4,0,0,21,0,English,3.wav,data/Emotify\rock\3.wav
103,rock,1,0,0,1,0,0,1,0,0,3,1,0,27,1,Russian,3.wav,data/Emotify\rock\3.wav
103,rock,0,0,0,1,0,0,0,0,1,5,0,0,21,0,English,3.wav,data/Emotify\rock\3.wav
103,rock,0,0,0,0,0,1,1,0,0,4,1,0,41,1,Russian,3.wav,data/Emotify\rock\3.wav
103,rock,0,0,0,0,0,0,0,1,0,4,0,1,45,0,English,3.wav,data/Emotify\rock\3.wav
103,rock,0,0,0,1,0,0,0,0,0,4,1,0,24,1,English,3.wav,data/Emotify\rock\3.wav
103,rock,0,0,0,0,0,1,1,0,0,4,1,0,48,1,German,3.wav,data/Emotify\rock\3.wav
103,rock,0,0,0,1,1,0,0,0,1,4,0,0,19,1,Dutch,3.wav,data/Emotify\rock\3.wav
103,rock,1,1,0,1,0,0,0,0,0,5,0,0,45,0,Korean,3.wav,data/Emotify\rock\3.wav
103,rock,0,0,1,0,0,0,1,0,0,3,1,0,28,0,Russian,3.wav,data/Emotify\rock\3.wav
103,rock,0,0,0,0,0,1,0,0,0,4,0,0,16,1,Swedish,3.wav,data/Emotify\rock\3.wav
103,rock,0,0,0,0,0,1,1,0,0,4,0,0,36,0,Dutch,3.wav,data/Emotify\rock\3.wav
103,rock,0,0,0,0,0,0,1,1,0,2,0,0,33,0,Russian,3.wav,data/Emotify\rock\3.wav
103,rock,0,0,0,0,0,1,1,1,0,5,0,0,55,0,Dutch,3.wav,data/Emotify\rock\3.wav
103,rock,0,0,0,0,0,0,1,0,0,3,1,0,29,1,English,3.wav,data/Emotify\rock\3.wav
103,rock,0,0,0,1,0,1,0,1,0,5,1,0,61,0,English,3.wav,data/Emotify\rock\3.wav
103,rock,0,1,0,0,1,1,0,0,0,3,1,0,29,0,English,3.wav,data/Emotify\rock\3.wav
103,rock,0,0,0,0,0,1,0,0,0,3,0,1,44,0,English,3.wav,data/Emotify\rock\3.wav
103,rock,0,0,0,0,0,0,0,1,0,5,0,1,21,0,Russian,3.wav,data/Emotify\rock\3.wav
103,rock,0,0,0,0,0,1,0,0,0,3,0,1,24,1,English,3.wav,data/Emotify\rock\3.wav
103,rock,0,0,0,0,0,0,0,1,0,4,0,1,30,0,English,3.wav,data/Emotify\rock\3.wav
103,rock,0,1,0,0,0,1,1,0,0,3,0,1,20,0,English,3.wav,data/Emotify\rock\3.wav
103,rock,0,0,0,0,0,0,0,0,0,4,0,1,26,0,English,3.wav,data/Emotify\rock\3.wav
103,rock,0,0,0,0,0,0,0,1,1,3,0,1,56,0,English,3.wav,data/Emotify\rock\3.wav
103,rock,0,0,0,0,1,1,1,0,0,5,0,1,25,1,Russian,3.wav,data/Emotify\rock\3.wav
103,rock,0,0,0,0,0,1,0,1,0,5,1,0,30,1,English,3.wav,data/Emotify\rock\3.wav
103,rock,0,0,0,0,0,1,0,1,0,5,1,0,30,1,English,3.wav,data/Emotify\rock\3.wav
103,rock,0,0,0,0,0,1,0,0,0,3,0,0,24,0,English,3.wav,data/Emotify\rock\3.wav
103,rock,1,0,0,0,0,1,1,0,0,4,0,0,47,1,Dutch,3.wav,data/Emotify\rock\3.wav
103,rock,0,0,0,0,1,0,0,0,0,4,0,0,33,0,English,3.wav,data/Emotify\rock\3.wav
103,rock,0,0,0,0,0,0,1,0,0,2,0,1,25,1,Russian,3.wav,data/Emotify\rock\3.wav
103,rock,0,0,0,1,0,0,0,0,1,4,1,0,52,0,Russian,3.wav,data/Emotify\rock\3.wav
103,rock,0,0,0,0,0,1,1,0,0,4,1,0,24,1,Dutch,3.wav,data/Emotify\rock\3.wav
103,rock,0,0,0,0,0,0,1,0,0,3,0,0,24,0,Russian,3.wav,data/Emotify\rock\3.wav
103,rock,0,0,0,0,0,0,1,0,0,2,1,0,23,0,Russian,3.wav,data/Emotify\rock\3.wav
103,rock,0,0,0,0,0,0,0,1,0,4,0,1,19,1,English,3.wav,data/Emotify\rock\3.wav
103,rock,0,0,0,0,1,0,1,0,0,3,0,0,22,0,Dutch,3.wav,data/Emotify\rock\3.wav
103,rock,0,0,0,0,0,0,1,1,0,3,0,1,26,0,English,3.wav,data/Emotify\rock\3.wav
103,rock,0,0,0,0,0,1,0,0,0,4,1,0,24,1,Russian,3.wav,data/Emotify\rock\3.wav
103,rock,0,0,1,0,0,1,1,0,0,3,1,0,26,0,English,3.wav,data/Emotify\rock\3.wav
103,rock,0,0,0,1,0,1,1,0,0,3,1,0,28,1,Russian,3.wav,data/Emotify\rock\3.wav
103,rock,0,0,0,0,0,1,1,0,0,2,0,1,27,1,English,3.wav,data/Emotify\rock\3.wav
103,rock,1,0,0,0,0,1,0,1,0,4,0,0,19,0,Romanian,3.wav,data/Emotify\rock\3.wav
103,rock,0,0,0,0,0,1,0,0,0,4,0,0,26,1,Dutch,3.wav,data/Emotify\rock\3.wav
103,rock,1,0,1,0,0,0,1,0,0,5,1,0,25,1,Russian,3.wav,data/Emotify\rock\3.wav
103,rock,0,0,0,0,1,0,1,0,0,3,0,0,18,1,English,3.wav,data/Emotify\rock\3.wav
103,rock,0,0,0,0,1,0,1,0,0,5,0,0,25,1,English,3.wav,data/Emotify\rock\3.wav
104,rock,1,0,1,0,0,0,1,0,0,4,0,0,28,0,English,4.wav,data/Emotify\rock\4.wav
104,rock,0,0,0,0,1,0,0,0,0,4,0,1,24,1,English,4.wav,data/Emotify\rock\4.wav
104,rock,0,0,1,0,1,0,0,1,0,3,0,0,27,1,Russian,4.wav,data/Emotify\rock\4.wav
104,rock,0,1,1,0,1,0,0,0,0,4,1,0,19,1,Dutch,4.wav,data/Emotify\rock\4.wav
104,rock,0,1,0,1,1,0,0,0,0,5,1,0,45,0,Korean,4.wav,data/Emotify\rock\4.wav
104,rock,0,1,0,0,0,1,0,0,0,3,0,0,28,0,Russian,4.wav,data/Emotify\rock\4.wav
104,rock,0,0,0,1,0,0,0,0,0,4,0,0,36,0,Dutch,4.wav,data/Emotify\rock\4.wav
104,rock,1,0,1,0,0,0,1,0,0,4,1,0,40,0,German,4.wav,data/Emotify\rock\4.wav
104,rock,1,1,0,0,0,0,1,0,0,5,0,0,55,0,Dutch,4.wav,data/Emotify\rock\4.wav
104,rock,0,0,1,0,0,0,0,0,0,5,0,1,61,0,English,4.wav,data/Emotify\rock\4.wav
104,rock,0,1,0,0,0,0,0,0,0,4,1,0,19,1,English,4.wav,data/Emotify\rock\4.wav
104,rock,0,0,0,1,1,0,0,0,0,3,0,0,29,0,English,4.wav,data/Emotify\rock\4.wav
104,rock,0,0,0,1,0,0,0,0,1,3,0,0,32,0,Spanish,4.wav,data/Emotify\rock\4.wav
104,rock,0,0,0,1,0,0,0,0,0,4,0,0,32,1,Spanish,4.wav,data/Emotify\rock\4.wav
104,rock,0,0,0,1,1,0,0,0,0,3,0,1,44,0,English,4.wav,data/Emotify\rock\4.wav
104,rock,0,0,0,0,0,0,0,1,0,5,0,1,21,0,Russian,4.wav,data/Emotify\rock\4.wav
104,rock,0,1,0,1,0,0,0,0,0,3,0,0,24,1,English,4.wav,data/Emotify\rock\4.wav
104,rock,1,0,1,0,0,0,1,0,0,3,1,0,56,0,English,4.wav,data/Emotify\rock\4.wav
104,rock,0,0,0,1,0,0,0,0,0,4,0,0,26,0,English,4.wav,data/Emotify\rock\4.wav
104,rock,0,0,0,0,1,0,0,0,0,2,0,1,23,0,Russian,4.wav,data/Emotify\rock\4.wav
104,rock,0,1,0,0,1,0,0,0,1,5,0,1,25,1,Russian,4.wav,data/Emotify\rock\4.wav
104,rock,0,0,0,0,0,1,0,0,0,4,1,0,21,0,English,4.wav,data/Emotify\rock\4.wav
104,rock,1,0,1,1,0,0,0,0,0,4,1,0,47,1,Dutch,4.wav,data/Emotify\rock\4.wav
104,rock,0,0,0,1,0,0,0,0,0,4,1,0,24,1,Russian,4.wav,data/Emotify\rock\4.wav
104,rock,0,0,1,0,1,0,0,0,1,5,0,1,19,1,English,4.wav,data/Emotify\rock\4.wav
104,rock,0,0,1,1,0,0,0,0,0,3,0,0,32,0,English,4.wav,data/Emotify\rock\4.wav
104,rock,0,0,0,0,0,0,0,1,0,4,0,1,24,1,Dutch,4.wav,data/Emotify\rock\4.wav
104,rock,0,0,0,0,0,0,0,1,0,3,0,1,35,0,Italian,4.wav,data/Emotify\rock\4.wav
104,rock,0,0,0,1,0,0,0,1,0,3,0,0,18,1,English,4.wav,data/Emotify\rock\4.wav
104,rock,0,0,0,1,0,0,0,0,0,4,0,0,27,0,English,4.wav,data/Emotify\rock\4.wav
104,rock,0,0,0,0,0,0,0,1,0,3,0,1,26,0,English,4.wav,data/Emotify\rock\4.wav
104,rock,0,1,0,1,0,0,0,0,0,2,0,0,27,1,English,4.wav,data/Emotify\rock\4.wav
104,rock,1,0,0,0,0,0,0,0,1,5,1,0,25,1,Russian,4.wav,data/Emotify\rock\4.wav
104,rock,0,1,0,1,1,0,0,0,0,4,1,0,19,0,Romanian,4.wav,data/Emotify\rock\4.wav
104,rock,0,1,0,1,0,0,0,0,1,3,0,1,37,0,Dutch,4.wav,data/Emotify\rock\4.wav
104,rock,1,0,0,0,0,0,1,0,0,4,0,0,33,0,Czech,4.wav,data/Emotify\rock\4.wav
104,rock,0,0,1,0,0,0,0,0,1,5,0,1,30,0,Hebrew,4.wav,data/Emotify\rock\4.wav
104,rock,0,0,0,1,0,0,1,0,0,4,0,0,26,1,Dutch,4.wav,data/Emotify\rock\4.wav
104,rock,0,0,0,0,0,0,0,1,0,4,1,1,31,1,English,4.wav,data/Emotify\rock\4.wav
104,rock,1,0,0,1,0,0,0,0,1,5,1,0,25,1,Russian,4.wav,data/Emotify\rock\4.wav
104,rock,0,0,0,1,0,0,0,0,1,1,0,0,25,1,Russian,4.wav,data/Emotify\rock\4.wav
104,rock,0,0,1,1,0,0,0,0,1,3,0,0,28,1,Russian,4.wav,data/Emotify\rock\4.wav
104,rock,0,0,1,1,0,0,0,0,0,2,0,0,33,0,Russian,4.wav,data/Emotify\rock\4.wav
104,rock,1,0,0,0,0,0,0,0,0,4,1,0,48,1,German,4.wav,data/Emotify\rock\4.wav
104,rock,0,0,1,0,1,0,0,0,0,3,0,0,33,0,English,4.wav,data/Emotify\rock\4.wav
105,rock,1,0,0,0,0,0,0,0,0,4,1,0,24,1,English,5.wav,data/Emotify\rock\5.wav
105,rock,0,0,1,0,1,0,0,0,1,3,0,0,27,1,Russian,5.wav,data/Emotify\rock\5.wav
105,rock,0,0,0,1,0,0,0,1,1,4,0,1,19,0,English,5.wav,data/Emotify\rock\5.wav
105,rock,0,0,1,0,1,0,0,0,1,5,1,0,12,1,Russian,5.wav,data/Emotify\rock\5.wav
105,rock,1,0,0,1,0,0,0,1,0,4,1,0,40,0,German,5.wav,data/Emotify\rock\5.wav
105,rock,0,1,0,1,0,0,0,0,0,2,1,0,23,0,English,5.wav,data/Emotify\rock\5.wav
105,rock,0,1,0,1,0,1,0,0,0,4,0,0,42,0,English,5.wav,data/Emotify\rock\5.wav
105,rock,0,0,0,0,1,0,0,0,1,3,1,0,24,1,Russian,5.wav,data/Emotify\rock\5.wav
105,rock,0,0,0,0,0,0,0,0,1,2,1,0,19,0,Russian,5.wav,data/Emotify\rock\5.wav
105,rock,0,0,0,1,0,0,0,0,1,5,0,1,21,0,Dutch,5.wav,data/Emotify\rock\5.wav
105,rock,0,0,0,1,0,0,0,0,1,3,0,1,26,1,Chinese,5.wav,data/Emotify\rock\5.wav
105,rock,0,0,0,0,0,0,0,0,1,3,0,1,29,0,English,5.wav,data/Emotify\rock\5.wav
105,rock,0,0,0,0,0,1,0,0,1,1,1,0,25,1,Russian,5.wav,data/Emotify\rock\5.wav
105,rock,0,0,0,1,0,0,0,0,0,2,1,0,23,0,Russian,5.wav,data/Emotify\rock\5.wav
105,rock,0,0,0,0,0,1,0,1,1,5,0,1,25,1,Russian,5.wav,data/Emotify\rock\5.wav
105,rock,0,0,0,0,1,0,0,0,0,5,1,0,21,0,Russian,5.wav,data/Emotify\rock\5.wav
105,rock,0,1,0,0,0,1,0,0,0,3,0,1,56,0,English,5.wav,data/Emotify\rock\5.wav
105,rock,0,0,0,0,0,1,0,0,0,4,0,0,18,0,English,5.wav,data/Emotify\rock\5.wav
105,rock,1,0,0,0,0,0,0,0,0,4,1,0,21,0,English,5.wav,data/Emotify\rock\5.wav
105,rock,0,0,1,0,0,0,0,0,1,4,0,0,26,0,English,5.wav,data/Emotify\rock\5.wav
105,rock,0,1,0,0,1,0,0,0,0,4,1,0,23,0,English,5.wav,data/Emotify\rock\5.wav
105,rock,0,0,0,0,0,1,0,0,1,3,0,0,32,0,English,5.wav,data/Emotify\rock\5.wav
105,rock,0,1,0,0,0,0,0,1,1,2,0,0,27,1,English,5.wav,data/Emotify\rock\5.wav
105,rock,0,0,0,1,0,1,0,0,0,4,0,0,24,1,Russian,5.wav,data/Emotify\rock\5.wav
105,rock,0,1,0,0,0,0,0,0,0,4,0,0,27,0,English,5.wav,data/Emotify\rock\5.wav
105,rock,0,1,0,1,1,0,0,0,0,4,0,0,47,1,Dutch,5.wav,data/Emotify\rock\5.wav
105,rock,0,0,0,0,0,0,0,1,1,4,0,1,24,1,Dutch,5.wav,data/Emotify\rock\5.wav
105,rock,0,0,0,1,0,1,0,1,0,3,0,0,26,0,English,5.wav,data/Emotify\rock\5.wav
105,rock,0,0,0,0,0,0,0,1,0,4,0,0,27,1,Dutch,5.wav,data/Emotify\rock\5.wav
105,rock,0,0,0,1,0,0,0,0,1,5,0,0,30,0,Hebrew,5.wav,data/Emotify\rock\5.wav
105,rock,0,1,0,0,0,1,0,0,1,4,1,0,19,0,Romanian,5.wav,data/Emotify\rock\5.wav
105,rock,0,0,0,0,0,1,0,0,0,4,0,0,33,0,Czech,5.wav,data/Emotify\rock\5.wav
105,rock,0,0,1,0,0,0,0,1,1,3,1,0,34,0,English,5.wav,data/Emotify\rock\5.wav
105,rock,0,1,0,1,1,0,0,0,0,4,0,0,31,1,English,5.wav,data/Emotify\rock\5.wav
105,rock,0,0,0,1,0,0,0,1,1,2,0,1,22,0,Dutch,5.wav,data/Emotify\rock\5.wav
105,rock,0,0,0,1,1,0,1,0,0,3,1,0,29,1,English,5.wav,data/Emotify\rock\5.wav
105,rock,0,0,0,1,0,1,0,0,0,4,0,0,28,0,English,5.wav,data/Emotify\rock\5.wav
105,rock,0,0,0,0,1,0,0,0,0,5,1,0,53,0,Dutch,5.wav,data/Emotify\rock\5.wav
105,rock,0,0,0,0,0,1,1,0,1,4,0,0,19,1,Dutch,5.wav,data/Emotify\rock\5.wav
105,rock,0,1,0,1,0,0,0,1,0,5,0,1,67,0,English,5.wav,data/Emotify\rock\5.wav
105,rock,0,0,0,0,0,0,0,1,0,4,0,1,25,0,Russian,5.wav,data/Emotify\rock\5.wav
105,rock,0,1,0,0,0,0,0,0,0,2,0,0,33,0,Russian,5.wav,data/Emotify\rock\5.wav
105,rock,0,0,0,1,0,0,0,0,0,3,0,0,33,0,English,5.wav,data/Emotify\rock\5.wav
105,rock,0,0,0,1,0,0,0,0,0,4,0,1,45,1,Dutch,5.wav,data/Emotify\rock\5.wav
106,rock,0,1,1,0,1,0,0,0,0,5,1,0,12,1,Russian,6.wav,data/Emotify\rock\6.wav
106,rock,0,0,0,1,0,0,0,0,0,3,0,1,24,0,Portuguese,6.wav,data/Emotify\rock\6.wav
106,rock,0,0,0,1,1,0,0,0,1,5,1,0,25,1,Russian,6.wav,data/Emotify\rock\6.wav
106,rock,0,0,0,0,0,0,0,0,1,5,1,0,22,0,English,6.wav,data/Emotify\rock\6.wav
106,rock,0,0,1,0,1,0,0,1,0,4,0,1,42,0,Russian,6.wav,data/Emotify\rock\6.wav
106,rock,1,0,0,0,0,1,1,0,0,4,1,0,18,0,English,6.wav,data/Emotify\rock\6.wav
106,rock,0,0,0,0,1,1,0,0,0,3,1,0,29,0,English,6.wav,data/Emotify\rock\6.wav
106,rock,1,0,0,1,0,0,0,0,0,1,0,0,25,1,Russian,6.wav,data/Emotify\rock\6.wav
106,rock,0,0,1,1,0,0,0,0,1,3,0,0,19,1,English,6.wav,data/Emotify\rock\6.wav
106,rock,0,0,0,1,1,0,0,0,1,3,0,1,22,0,Polish,6.wav,data/Emotify\rock\6.wav
106,rock,0,0,0,0,1,0,0,0,0,5,1,0,21,0,Russian,6.wav,data/Emotify\rock\6.wav
106,rock,0,0,0,0,1,0,0,0,0,4,0,0,21,0,English,6.wav,data/Emotify\rock\6.wav
106,rock,0,0,0,1,0,0,0,0,1,3,0,1,56,0,English,6.wav,data/Emotify\rock\6.wav
106,rock,0,0,0,1,1,0,0,0,0,4,0,0,26,0,English,6.wav,data/Emotify\rock\6.wav
106,rock,0,0,1,1,0,0,0,0,1,4,0,0,42,0,English,6.wav,data/Emotify\rock\6.wav
106,rock,0,0,1,1,0,0,0,0,1,5,1,0,28,0,Russian,6.wav,data/Emotify\rock\6.wav
106,rock,0,0,1,1,1,0,0,0,0,4,1,0,47,1,Dutch,6.wav,data/Emotify\rock\6.wav
106,rock,0,0,0,0,1,0,0,0,1,3,0,0,26,0,English,6.wav,data/Emotify\rock\6.wav
106,rock,0,0,0,0,0,0,0,1,1,3,0,1,34,0,English,6.wav,data/Emotify\rock\6.wav
106,rock,0,0,0,0,1,0,0,0,1,4,0,0,27,1,Dutch,6.wav,data/Emotify\rock\6.wav
106,rock,0,0,0,0,0,0,0,0,1,5,0,1,30,0,Hebrew,6.wav,data/Emotify\rock\6.wav
106,rock,0,0,1,0,0,0,0,0,1,4,1,0,25,1,English,6.wav,data/Emotify\rock\6.wav
106,rock,0,0,1,0,0,0,0,0,1,4,0,0,23,0,English,6.wav,data/Emotify\rock\6.wav
106,rock,0,0,1,1,1,0,0,0,0,4,0,0,28,0,English,6.wav,data/Emotify\rock\6.wav
106,rock,1,0,0,0,1,0,0,0,1,2,0,1,22,0,Dutch,6.wav,data/Emotify\rock\6.wav
106,rock,0,0,1,0,1,0,0,0,0,4,0,0,31,1,English,6.wav,data/Emotify\rock\6.wav
106,rock,0,0,0,1,1,0,0,0,1,2,1,0,25,0,English,6.wav,data/Emotify\rock\6.wav
106,rock,0,0,0,1,0,0,1,0,1,3,0,0,27,1,Russian,6.wav,data/Emotify\rock\6.wav
106,rock,0,0,1,1,0,0,0,0,0,4,0,0,23,0,Russian,6.wav,data/Emotify\rock\6.wav
106,rock,0,0,1,1,1,0,0,0,0,3,1,0,29,1,English,6.wav,data/Emotify\rock\6.wav
106,rock,0,0,0,1,0,0,0,0,0,2,0,1,37,0,German,6.wav,data/Emotify\rock\6.wav
106,rock,0,0,0,0,0,0,0,0,0,3,0,1,39,0,English,6.wav,data/Emotify\rock\6.wav
106,rock,0,0,0,1,0,0,0,0,0,2,0,0,33,0,Russian,6.wav,data/Emotify\rock\6.wav
106,rock,0,0,0,1,0,0,0,0,1,3,0,0,33,0,English,6.wav,data/Emotify\rock\6.wav
106,rock,0,0,0,1,0,0,0,0,0,3,1,0,23,0,English,6.wav,data/Emotify\rock\6.wav
106,rock,0,1,0,0,0,0,0,0,1,4,1,0,19,0,English,6.wav,data/Emotify\rock\6.wav
106,rock,0,1,0,0,1,0,0,0,1,4,0,1,23,1,English,6.wav,data/Emotify\rock\6.wav
106,rock,0,1,0,0,0,0,0,0,0,3,0,0,21,1,Russian,6.wav,data/Emotify\rock\6.wav
106,rock,0,0,0,1,1,0,0,0,1,3,1,0,27,0,Catalan,6.wav,data/Emotify\rock\6.wav
106,rock,0,0,1,1,0,0,0,0,0,4,0,0,45,1,Dutch,6.wav,data/Emotify\rock\6.wav
106,rock,0,0,0,0,0,0,1,0,0,4,0,0,24,1,English,6.wav,data/Emotify\rock\6.wav
106,rock,1,0,0,0,0,0,0,1,1,4,0,1,40,0,German,6.wav,data/Emotify\rock\6.wav
106,rock,0,0,0,0,0,0,0,0,1,2,1,1,23,0,English,6.wav,data/Emotify\rock\6.wav
106,rock,0,0,0,1,0,0,0,0,0,2,0,1,28,1,Russian,6.wav,data/Emotify\rock\6.wav
107,rock,0,0,0,0,1,0,0,0,0,2,0,1,30,0,Italian,7.wav,data/Emotify\rock\7.wav
107,rock,1,0,1,0,1,0,0,0,0,4,1,0,18,0,English,7.wav,data/Emotify\rock\7.wav
107,rock,0,0,0,1,0,0,0,0,0,2,1,0,20,0,Greek,7.wav,data/Emotify\rock\7.wav
107,rock,0,1,0,1,1,0,0,0,0,3,0,1,43,1,English,7.wav,data/Emotify\rock\7.wav
107,rock,0,1,1,0,0,0,0,1,0,4,0,1,42,0,Russian,7.wav,data/Emotify\rock\7.wav
107,rock,0,0,0,1,1,1,0,0,0,2,0,1,28,1,English,7.wav,data/Emotify\rock\7.wav
107,rock,1,0,0,0,0,0,0,0,0,3,0,0,32,0,Spanish,7.wav,data/Emotify\rock\7.wav
107,rock,0,0,0,0,1,0,0,0,0,3,0,1,20,0,English,7.wav,data/Emotify\rock\7.wav
107,rock,0,0,0,0,1,0,0,0,0,3,1,0,22,0,Polish,7.wav,data/Emotify\rock\7.wav
107,rock,1,0,0,0,0,0,0,0,0,5,0,0,21,0,Russian,7.wav,data/Emotify\rock\7.wav
107,rock,0,0,0,0,0,0,1,0,0,5,1,0,28,0,Russian,7.wav,data/Emotify\rock\7.wav
107,rock,1,0,0,0,0,1,0,0,0,3,0,1,56,0,English,7.wav,data/Emotify\rock\7.wav
107,rock,0,1,0,0,0,0,0,1,1,2,0,1,54,1,English,7.wav,data/Emotify\rock\7.wav
107,rock,0,0,0,0,0,0,0,0,0,3,0,1,34,0,English,7.wav,data/Emotify\rock\7.wav
107,rock,1,0,1,1,0,0,0,0,0,4,1,0,47,1,Dutch,7.wav,data/Emotify\rock\7.wav
107,rock,0,0,0,0,0,0,1,0,1,4,0,0,19,1,Russian,7.wav,data/Emotify\rock\7.wav
107,rock,0,0,1,0,1,0,1,0,0,2,1,0,22,0,Dutch,7.wav,data/Emotify\rock\7.wav
107,rock,0,0,0,1,0,1,1,0,0,3,1,0,25,0,English,7.wav,data/Emotify\rock\7.wav
107,rock,0,0,0,0,1,1,1,0,0,3,0,0,26,0,English,7.wav,data/Emotify\rock\7.wav
107,rock,0,1,0,1,0,0,1,0,0,4,1,0,30,1,English,7.wav,data/Emotify\rock\7.wav
107,rock,1,0,0,0,0,0,1,0,0,4,0,0,43,0,French,7.wav,data/Emotify\rock\7.wav
107,rock,0,0,0,1,0,0,0,0,0,2,0,1,37,0,German,7.wav,data/Emotify\rock\7.wav
107,rock,0,1,1,0,0,0,0,0,1,1,0,1,23,0,English,7.wav,data/Emotify\rock\7.wav
107,rock,0,1,0,0,1,0,1,0,0,4,0,0,31,1,English,7.wav,data/Emotify\rock\7.wav
107,rock,1,0,0,0,0,0,0,0,0,4,1,0,25,1,English,7.wav,data/Emotify\rock\7.wav
107,rock,0,0,1,1,1,0,0,0,0,2,1,0,20,0,Estonian,7.wav,data/Emotify\rock\7.wav
107,rock,0,0,0,0,0,0,0,1,1,3,0,1,33,1,English,7.wav,data/Emotify\rock\7.wav
107,rock,0,0,0,0,0,0,1,1,1,3,0,0,27,1,Russian,7.wav,data/Emotify\rock\7.wav
107,rock,0,0,0,0,1,0,0,0,0,3,1,0,29,1,English,7.wav,data/Emotify\rock\7.wav
107,rock,0,1,0,0,0,0,0,0,0,3,1,0,39,0,English,7.wav,data/Emotify\rock\7.wav
107,rock,0,0,0,0,0,0,0,1,1,3,0,1,33,1,English,7.wav,data/Emotify\rock\7.wav
107,rock,1,0,0,0,1,0,0,0,0,3,1,0,33,0,English,7.wav,data/Emotify\rock\7.wav
107,rock,0,0,0,0,0,0,0,1,0,3,0,1,23,0,English,7.wav,data/Emotify\rock\7.wav
107,rock,0,1,0,0,1,0,0,0,0,4,0,1,23,1,English,7.wav,data/Emotify\rock\7.wav
107,rock,0,1,0,0,1,1,0,0,0,4,1,0,23,0,English,7.wav,data/Emotify\rock\7.wav
107,rock,0,1,0,0,0,0,0,0,0,3,1,0,27,0,Catalan,7.wav,data/Emotify\rock\7.wav
107,rock,1,1,0,1,0,0,0,0,0,4,0,0,40,0,German,7.wav,data/Emotify\rock\7.wav
107,rock,0,1,0,0,0,0,0,0,0,4,0,0,24,1,English,7.wav,data/Emotify\rock\7.wav
107,rock,0,0,1,1,0,0,0,0,1,3,0,0,19,1,English,7.wav,data/Emotify\rock\7.wav
107,rock,0,1,0,0,0,0,1,0,0,4,1,0,19,0,English,7.wav,data/Emotify\rock\7.wav
107,rock,0,1,0,0,0,0,0,0,0,2,1,0,28,1,Russian,7.wav,data/Emotify\rock\7.wav
107,rock,1,0,1,0,0,0,1,0,0,5,1,0,25,1,Russian,7.wav,data/Emotify\rock\7.wav
107,rock,1,0,0,0,0,0,1,1,0,5,0,0,12,1,Russian,7.wav,data/Emotify\rock\7.wav
107,rock,0,0,0,0,1,0,0,0,0,3,0,0,29,0,English,7.wav,data/Emotify\rock\7.wav
108,rock,0,0,0,0,0,0,0,1,0,5,0,1,28,0,Russian,8.wav,data/Emotify\rock\8.wav
108,rock,0,0,0,1,1,0,0,0,1,2,0,0,23,0,English,8.wav,data/Emotify\rock\8.wav
108,rock,0,0,0,1,1,0,0,1,0,4,1,0,39,0,English,8.wav,data/Emotify\rock\8.wav
108,rock,0,0,0,0,0,1,0,0,0,3,1,0,20,0,English,8.wav,data/Emotify\rock\8.wav
108,rock,0,0,0,0,0,1,0,1,0,5,0,1,56,0,English,8.wav,data/Emotify\rock\8.wav
108,rock,0,0,0,0,0,1,0,1,0,3,0,1,56,0,English,8.wav,data/Emotify\rock\8.wav
108,rock,0,0,0,0,0,0,0,1,1,3,0,0,27,0,Catalan,8.wav,data/Emotify\rock\8.wav
108,rock,0,1,0,1,1,0,0,0,0,3,0,0,22,0,English,8.wav,data/Emotify\rock\8.wav
108,rock,1,1,0,0,0,0,0,0,1,4,1,0,47,1,Dutch,8.wav,data/Emotify\rock\8.wav
108,rock,0,1,0,1,0,0,0,1,0,3,1,0,25,0,English,8.wav,data/Emotify\rock\8.wav
108,rock,0,0,0,1,0,1,0,0,0,4,1,0,26,1,English,8.wav,data/Emotify\rock\8.wav
108,rock,0,0,0,1,1,1,0,0,0,4,1,0,30,1,English,8.wav,data/Emotify\rock\8.wav
108,rock,0,0,0,0,0,0,0,1,1,2,1,0,31,0,English,8.wav,data/Emotify\rock\8.wav
108,rock,0,1,1,0,0,0,0,0,0,4,0,1,16,1,English,8.wav,data/Emotify\rock\8.wav
108,rock,0,0,0,0,0,0,0,1,0,3,0,0,37,0,German,8.wav,data/Emotify\rock\8.wav
108,rock,0,0,1,1,1,0,0,0,0,5,1,0,20,0,English,8.wav,data/Emotify\rock\8.wav
108,rock,0,0,0,1,1,1,0,0,0,1,0,0,23,0,English,8.wav,data/Emotify\rock\8.wav
108,rock,0,1,0,1,1,0,0,0,0,3,0,1,26,0,German,8.wav,data/Emotify\rock\8.wav
108,rock,0,1,0,0,0,0,0,1,0,2,1,0,23,0,English,8.wav,data/Emotify\rock\8.wav
108,rock,0,0,1,0,0,0,0,1,1,4,0,0,21,0,English,8.wav,data/Emotify\rock\8.wav
108,rock,1,0,0,0,1,0,0,0,0,4,1,0,28,0,English,8.wav,data/Emotify\rock\8.wav
108,rock,0,0,1,1,1,0,0,0,0,4,0,0,31,1,English,8.wav,data/Emotify\rock\8.wav
108,rock,0,0,0,0,0,1,0,1,0,4,0,1,53,0,English,8.wav,data/Emotify\rock\8.wav
108,rock,0,1,0,0,1,0,0,0,0,3,0,0,33,0,English,8.wav,data/Emotify\rock\8.wav
108,rock,1,0,0,0,0,0,0,0,0,4,1,0,25,0,Hungarian,8.wav,data/Emotify\rock\8.wav
108,rock,0,1,0,0,0,1,0,1,0,4,0,0,40,0,German,8.wav,data/Emotify\rock\8.wav
108,rock,0,1,0,1,1,0,0,0,0,3,1,0,43,1,English,8.wav,data/Emotify\rock\8.wav
108,rock,1,1,0,0,0,1,0,0,0,2,0,0,21,0,Dutch,8.wav,data/Emotify\rock\8.wav
108,rock,0,0,0,1,0,0,0,0,1,3,0,1,25,1,English,8.wav,data/Emotify\rock\8.wav
108,rock,0,0,0,0,0,1,0,1,0,3,0,1,27,0,Spanish,8.wav,data/Emotify\rock\8.wav
108,rock,0,1,0,1,0,1,0,0,0,2,1,0,31,1,Greek,8.wav,data/Emotify\rock\8.wav
108,rock,0,1,0,0,1,0,0,0,0,4,1,0,19,0,English,8.wav,data/Emotify\rock\8.wav
108,rock,0,0,0,1,1,0,0,0,1,5,1,0,25,1,Russian,8.wav,data/Emotify\rock\8.wav
108,rock,1,0,0,0,0,1,1,0,0,3,0,0,32,0,Spanish,8.wav,data/Emotify\rock\8.wav
108,rock,0,0,0,0,0,0,1,0,0,2,0,0,20,0,Greek,8.wav,data/Emotify\rock\8.wav
108,rock,0,0,1,1,0,0,0,0,1,3,0,0,19,0,Dutch,8.wav,data/Emotify\rock\8.wav
108,rock,0,0,0,0,0,0,0,1,1,4,0,1,18,0,English,8.wav,data/Emotify\rock\8.wav
108,rock,1,1,0,1,0,0,0,0,0,2,0,1,28,1,English,8.wav,data/Emotify\rock\8.wav
109,rock,0,0,0,0,0,0,0,1,0,2,0,1,23,0,English,9.wav,data/Emotify\rock\9.wav
109,rock,0,1,0,0,0,1,0,1,0,3,0,1,50,1,English,9.wav,data/Emotify\rock\9.wav
109,rock,0,1,0,0,0,0,0,1,0,1,0,0,28,1,Ucrainian,9.wav,data/Emotify\rock\9.wav
109,rock,1,0,0,0,0,0,0,0,0,3,1,0,20,0,English,9.wav,data/Emotify\rock\9.wav
109,rock,0,0,0,1,0,0,1,0,1,3,1,0,22,0,English,9.wav,data/Emotify\rock\9.wav
109,rock,0,0,0,0,0,1,1,0,0,3,0,1,56,0,English,9.wav,data/Emotify\rock\9.wav
109,rock,0,1,0,0,0,1,1,0,0,4,1,0,20,0,Dutch,9.wav,data/Emotify\rock\9.wav
109,rock,0,0,0,0,0,1,0,0,0,3,0,1,27,0,Spanish,9.wav,data/Emotify\rock\9.wav
109,rock,0,0,0,0,0,0,0,1,0,5,0,0,21,0,Russian,9.wav,data/Emotify\rock\9.wav
109,rock,1,0,1,0,0,1,0,0,0,5,1,0,29,1,Russian,9.wav,data/Emotify\rock\9.wav
109,rock,0,0,0,0,0,0,0,1,0,3,0,1,24,1,Dutch,9.wav,data/Emotify\rock\9.wav
109,rock,0,1,0,0,0,1,1,0,0,3,1,0,27,0,Catalan,9.wav,data/Emotify\rock\9.wav
109,rock,0,1,0,0,0,0,0,0,1,4,1,0,26,1,English,9.wav,data/Emotify\rock\9.wav
109,rock,1,0,0,0,0,0,1,0,0,3,0,0,27,0,Spanish,9.wav,data/Emotify\rock\9.wav
109,rock,1,0,0,0,0,1,1,0,0,3,1,0,43,1,English,9.wav,data/Emotify\rock\9.wav
109,rock,0,0,0,1,1,0,0,0,0,4,1,0,47,0,Danish,9.wav,data/Emotify\rock\9.wav
109,rock,0,0,0,0,0,1,1,0,0,2,1,0,31,1,Greek,9.wav,data/Emotify\rock\9.wav
109,rock,0,0,0,0,0,0,0,1,0,3,0,0,37,0,German,9.wav,data/Emotify\rock\9.wav
109,rock,0,0,0,0,0,1,1,1,0,1,0,0,23,0,English,9.wav,data/Emotify\rock\9.wav
109,rock,0,0,0,1,1,1,0,0,0,3,1,0,26,0,German,9.wav,data/Emotify\rock\9.wav
109,rock,0,0,1,0,0,0,0,1,0,4,0,0,43,0,French,9.wav,data/Emotify\rock\9.wav
109,rock,0,0,0,0,0,0,0,1,0,4,0,1,28,0,English,9.wav,data/Emotify\rock\9.wav
109,rock,0,0,0,0,0,0,0,1,0,2,1,0,23,0,English,9.wav,data/Emotify\rock\9.wav
109,rock,1,0,0,0,0,0,0,0,0,4,1,0,25,0,Hungarian,9.wav,data/Emotify\rock\9.wav
109,rock,0,0,0,0,0,1,1,0,0,3,1,0,33,0,English,9.wav,data/Emotify\rock\9.wav
109,rock,0,0,0,0,0,0,0,0,0,3,0,1,20,0,Dutch,9.wav,data/Emotify\rock\9.wav
109,rock,0,0,0,0,0,1,1,0,0,4,0,0,31,1,English,9.wav,data/Emotify\rock\9.wav
109,rock,1,0,0,0,0,0,0,1,1,4,0,0,40,0,German,9.wav,data/Emotify\rock\9.wav
109,rock,0,0,0,0,0,0,1,0,0,4,0,1,53,0,English,9.wav,data/Emotify\rock\9.wav
109,rock,0,0,0,0,0,1,0,0,0,3,0,0,30,0,English,9.wav,data/Emotify\rock\9.wav
109,rock,0,0,0,1,1,0,0,0,0,4,1,0,17,1,French,9.wav,data/Emotify\rock\9.wav
109,rock,0,0,0,0,0,0,0,0,0,3,0,1,20,0,Dutch,9.wav,data/Emotify\rock\9.wav
109,rock,0,0,0,0,0,1,1,0,0,3,0,0,29,1,English,9.wav,data/Emotify\rock\9.wav
109,rock,0,0,0,0,0,1,1,1,0,5,0,1,56,0,English,9.wav,data/Emotify\rock\9.wav
109,rock,0,0,0,1,0,0,1,0,0,4,1,0,29,1,Romanian,9.wav,data/Emotify\rock\9.wav
109,rock,0,0,0,0,1,0,0,0,0,3,1,0,25,1,English,9.wav,data/Emotify\rock\9.wav
109,rock,0,0,0,0,0,1,1,1,0,5,0,1,56,0,English,9.wav,data/Emotify\rock\9.wav
109,rock,0,0,0,0,0,0,1,0,0,4,0,1,39,0,English,9.wav,data/Emotify\rock\9.wav
109,rock,0,0,0,0,0,0,0,1,0,5,1,0,56,0,English,9.wav,data/Emotify\rock\9.wav
109,rock,0,0,0,1,0,0,1,0,0,2,0,0,20,0,Greek,9.wav,data/Emotify\rock\9.wav
109,rock,0,0,1,0,0,1,0,1,0,2,1,0,28,1,English,9.wav,data/Emotify\rock\9.wav
109,rock,1,0,0,0,0,1,1,0,0,3,0,0,19,0,Dutch,9.wav,data/Emotify\rock\9.wav
109,rock,0,0,0,0,0,1,1,0,0,2,1,0,28,1,Russian,9.wav,data/Emotify\rock\9.wav
109,rock,1,0,0,0,0,1,1,0,0,4,1,0,26,0,Russian,9.wav,data/Emotify\rock\9.wav
109,rock,1,0,0,1,0,0,1,0,0,5,1,0,12,1,Russian,9.wav,data/Emotify\rock\9.wav
109,rock,0,0,0,0,0,1,0,1,0,4,0,1,32,0,Russian,9.wav,data/Emotify\rock\9.wav
110,rock,0,0,0,1,1,0,1,0,0,4,1,0,20,0,Dutch,10.wav,data/Emotify\rock\10.wav
110,rock,1,0,0,0,0,0,0,0,0,5,0,0,21,0,Russian,10.wav,data/Emotify\rock\10.wav
110,rock,1,0,0,0,0,1,0,0,0,4,0,0,15,1,English,10.wav,data/Emotify\rock\10.wav
110,rock,0,0,0,0,0,0,0,1,1,3,0,1,33,0,French,10.wav,data/Emotify\rock\10.wav
110,rock,0,0,0,0,0,1,0,1,0,3,0,1,24,1,Dutch,10.wav,data/Emotify\rock\10.wav
110,rock,0,0,0,0,0,1,0,1,1,3,0,0,21,1,English,10.wav,data/Emotify\rock\10.wav
110,rock,0,0,0,1,0,0,0,0,0,3,0,1,27,0,Spanish,10.wav,data/Emotify\rock\10.wav
110,rock,0,0,0,0,0,1,0,0,0,4,0,0,30,1,Dutch,10.wav,data/Emotify\rock\10.wav
110,rock,0,0,0,1,0,1,0,0,1,3,1,0,26,0,German,10.wav,data/Emotify\rock\10.wav
110,rock,0,0,0,0,0,1,0,0,0,4,0,0,17,1,English,10.wav,data/Emotify\rock\10.wav
110,rock,0,0,0,0,0,0,0,1,0,4,0,1,47,0,Danish,10.wav,data/Emotify\rock\10.wav
110,rock,0,0,0,0,0,1,1,0,0,4,0,0,20,1,Dutch,10.wav,data/Emotify\rock\10.wav
110,rock,0,0,0,0,1,0,1,0,0,4,1,0,29,1,Romanian,10.wav,data/Emotify\rock\10.wav
110,rock,0,0,0,0,0,1,1,0,0,3,0,0,46,0,English,10.wav,data/Emotify\rock\10.wav
110,rock,0,0,1,0,0,0,0,1,1,4,0,0,40,0,German,10.wav,data/Emotify\rock\10.wav
110,rock,0,0,0,0,0,1,0,0,1,2,1,0,23,0,English,10.wav,data/Emotify\rock\10.wav
110,rock,0,0,0,0,0,1,0,0,0,3,1,0,33,0,English,10.wav,data/Emotify\rock\10.wav
110,rock,0,0,0,0,0,1,0,0,0,4,1,0,25,0,Hungarian,10.wav,data/Emotify\rock\10.wav
110,rock,0,1,0,0,0,0,0,1,1,4,0,0,21,0,English,10.wav,data/Emotify\rock\10.wav
110,rock,0,0,0,0,0,0,0,1,1,4,0,1,31,1,English,10.wav,data/Emotify\rock\10.wav
110,rock,0,0,0,0,0,1,0,0,0,3,0,0,30,0,English,10.wav,data/Emotify\rock\10.wav
110,rock,0,0,0,0,1,0,0,0,1,4,0,1,17,1,French,10.wav,data/Emotify\rock\10.wav
110,rock,0,0,0,0,0,1,0,0,0,4,0,1,29,1,English,10.wav,data/Emotify\rock\10.wav
110,rock,0,0,0,0,1,0,0,0,0,3,1,0,29,1,English,10.wav,data/Emotify\rock\10.wav
110,rock,0,0,0,0,0,0,0,1,0,5,1,0,27,1,Russian,10.wav,data/Emotify\rock\10.wav
110,rock,0,0,0,0,0,0,1,0,1,2,0,0,23,0,English,10.wav,data/Emotify\rock\10.wav
110,rock,0,0,0,0,0,0,0,0,1,3,0,1,25,1,English,10.wav,data/Emotify\rock\10.wav
110,rock,0,1,0,0,0,1,0,0,1,2,1,0,31,1,Greek,10.wav,data/Emotify\rock\10.wav
110,rock,1,0,0,0,0,0,0,0,0,3,1,0,19,0,Russian,10.wav,data/Emotify\rock\10.wav
110,rock,0,0,0,0,0,0,0,1,0,3,0,0,33,0,Russian,10.wav,data/Emotify\rock\10.wav
110,rock,0,1,0,1,0,0,0,0,1,2,1,0,20,0,Greek,10.wav,data/Emotify\rock\10.wav
110,rock,0,1,0,0,0,0,0,1,0,1,0,0,28,1,Ucrainian,10.wav,data/Emotify\rock\10.wav
110,rock,0,1,0,0,0,1,0,1,0,2,0,1,28,1,English,10.wav,data/Emotify\rock\10.wav
110,rock,0,0,0,1,0,1,0,0,0,3,1,0,34,0,English,10.wav,data/Emotify\rock\10.wav
110,rock,0,1,0,0,0,1,1,0,0,3,1,0,25,0,English,10.wav,data/Emotify\rock\10.wav
110,rock,0,0,0,0,0,0,0,1,0,2,0,1,28,1,Russian,10.wav,data/Emotify\rock\10.wav
110,rock,0,0,0,0,1,1,0,0,0,4,0,0,26,0,Russian,10.wav,data/Emotify\rock\10.wav
110,rock,0,0,0,1,0,1,0,1,0,5,1,0,12,1,Russian,10.wav,data/Emotify\rock\10.wav
110,rock,0,0,0,0,0,0,0,1,1,4,0,1,32,0,Russian,10.wav,data/Emotify\rock\10.wav
110,rock,0,0,0,0,0,1,0,1,0,4,0,0,36,1,English,10.wav,data/Emotify\rock\10.wav
110,rock,0,0,0,0,0,1,0,0,1,3,1,0,34,0,Dutch,10.wav,data/Emotify\rock\10.wav
110,rock,0,0,0,0,0,0,0,0,1,3,0,1,20,0,English,10.wav,data/Emotify\rock\10.wav
110,rock,0,0,0,0,0,1,0,1,1,4,0,1,28,0,Russian,10.wav,data/Emotify\rock\10.wav
110,rock,0,1,0,0,0,1,0,0,0,3,0,1,56,0,English,10.wav,data/Emotify\rock\10.wav
110,rock,0,1,0,0,0,1,0,0,1,3,0,1,50,1,English,10.wav,data/Emotify\rock\10.wav
110,rock,0,0,0,1,0,0,0,1,1,4,1,0,26,1,English,10.wav,data/Emotify\rock\10.wav
111,rock,1,0,0,0,0,0,1,0,1,3,1,0,22,0,English,11.wav,data/Emotify\rock\11.wav
111,rock,0,0,0,0,0,0,1,0,0,5,0,0,21,0,Russian,11.wav,data/Emotify\rock\11.wav
111,rock,1,0,0,0,0,1,1,0,0,4,0,0,15,1,English,11.wav,data/Emotify\rock\11.wav
111,rock,0,0,0,0,0,0,0,1,0,4,0,1,47,0,Danish,11.wav,data/Emotify\rock\11.wav
111,rock,0,0,0,0,1,1,0,0,0,3,1,0,33,0,French,11.wav,data/Emotify\rock\11.wav
111,rock,1,0,0,0,0,0,0,0,0,3,0,0,27,0,Spanish,11.wav,data/Emotify\rock\11.wav
111,rock,0,0,0,0,0,1,1,0,0,3,1,0,30,1,German,11.wav,data/Emotify\rock\11.wav
111,rock,0,0,0,0,0,1,0,0,0,2,1,0,19,0,Russian,11.wav,data/Emotify\rock\11.wav
111,rock,0,0,0,0,0,0,1,0,0,4,0,0,20,1,Dutch,11.wav,data/Emotify\rock\11.wav
111,rock,1,0,0,0,0,0,1,0,0,4,1,0,29,1,Romanian,11.wav,data/Emotify\rock\11.wav
111,rock,0,0,0,1,0,0,1,0,1,4,0,0,40,0,German,11.wav,data/Emotify\rock\11.wav
111,rock,0,0,0,1,0,0,0,0,1,3,0,0,46,0,English,11.wav,data/Emotify\rock\11.wav
111,rock,0,0,0,0,0,1,0,0,0,4,0,0,18,1,Russian,11.wav,data/Emotify\rock\11.wav
111,rock,0,0,0,0,0,0,0,1,0,3,0,1,33,0,English,11.wav,data/Emotify\rock\11.wav
111,rock,0,0,0,0,0,0,0,1,0,2,0,0,31,1,Greek,11.wav,data/Emotify\rock\11.wav
111,rock,0,0,0,0,0,0,1,0,0,2,0,1,23,0,English,11.wav,data/Emotify\rock\11.wav
111,rock,0,0,0,0,0,0,1,0,0,4,1,0,25,0,Hungarian,11.wav,data/Emotify\rock\11.wav
111,rock,0,0,0,0,1,1,1,0,0,2,0,0,20,0,Estonian,11.wav,data/Emotify\rock\11.wav
111,rock,1,0,0,0,0,1,1,0,0,4,1,0,21,0,English,11.wav,data/Emotify\rock\11.wav
111,rock,0,0,0,0,0,1,1,0,0,4,1,0,31,1,English,11.wav,data/Emotify\rock\11.wav
111,rock,0,0,0,0,0,0,0,1,0,2,0,1,21,0,Russian,11.wav,data/Emotify\rock\11.wav
111,rock,0,0,0,0,1,0,0,0,0,3,0,0,29,1,English,11.wav,data/Emotify\rock\11.wav
111,rock,1,0,0,0,0,0,0,0,0,3,1,0,19,0,Russian,11.wav,data/Emotify\rock\11.wav
111,rock,1,0,0,0,0,1,1,0,0,4,1,0,17,1,French,11.wav,data/Emotify\rock\11.wav
111,rock,0,0,0,0,0,1,1,0,0,4,1,0,29,1,English,11.wav,data/Emotify\rock\11.wav
111,rock,0,0,0,0,0,0,1,0,0,5,1,0,27,1,Russian,11.wav,data/Emotify\rock\11.wav
111,rock,1,0,0,0,0,1,1,0,0,3,0,0,25,0,English,11.wav,data/Emotify\rock\11.wav
111,rock,0,0,0,0,0,0,1,0,0,3,1,0,26,1,Chinese,11.wav,data/Emotify\rock\11.wav
111,rock,1,0,0,0,0,1,1,0,0,4,1,0,19,0,Romanian,11.wav,data/Emotify\rock\11.wav
111,rock,1,0,0,0,0,0,1,0,0,4,1,0,32,1,Russian,11.wav,data/Emotify\rock\11.wav
111,rock,0,0,0,0,0,0,1,0,0,2,0,1,23,0,English,11.wav,data/Emotify\rock\11.wav
111,rock,0,0,0,1,0,0,1,0,0,3,1,0,25,1,English,11.wav,data/Emotify\rock\11.wav
111,rock,0,0,0,0,0,0,0,1,0,3,0,0,33,0,Russian,11.wav,data/Emotify\rock\11.wav
111,rock,0,0,0,0,0,1,1,0,0,2,1,0,20,0,Greek,11.wav,data/Emotify\rock\11.wav
111,rock,0,0,0,0,0,1,1,0,0,4,1,0,36,1,English,11.wav,data/Emotify\rock\11.wav
111,rock,0,1,0,0,0,0,1,0,0,2,1,0,26,1,Chinese,11.wav,data/Emotify\rock\11.wav
111,rock,0,0,0,0,0,1,0,0,0,2,1,0,28,1,Russian,11.wav,data/Emotify\rock\11.wav
111,rock,0,0,0,0,0,0,1,0,0,4,0,0,26,0,Russian,11.wav,data/Emotify\rock\11.wav
111,rock,0,1,0,0,1,0,1,0,0,5,1,0,12,1,Russian,11.wav,data/Emotify\rock\11.wav
111,rock,0,0,0,0,0,1,1,0,0,2,1,0,25,1,Russian,11.wav,data/Emotify\rock\11.wav
111,rock,0,0,0,0,0,0,1,0,0,4,0,1,32,0,Russian,11.wav,data/Emotify\rock\11.wav
111,rock,0,0,0,0,0,0,1,0,0,3,1,0,20,0,English,11.wav,data/Emotify\rock\11.wav
111,rock,0,0,0,0,0,0,1,1,1,4,0,0,25,0,English,11.wav,data/Emotify\rock\11.wav
111,rock,1,1,0,0,0,0,1,0,0,3,0,0,50,0,English,11.wav,data/Emotify\rock\11.wav
111,rock,0,0,0,1,0,0,1,0,0,4,0,0,17,1,English,11.wav,data/Emotify\rock\11.wav
111,rock,0,0,0,0,1,1,1,0,0,4,1,0,28,0,Russian,11.wav,data/Emotify\rock\11.wav
111,rock,1,0,1,0,0,1,0,0,0,4,0,0,42,0,Russian,11.wav,data/Emotify\rock\11.wav
111,rock,0,0,0,1,0,1,1,0,0,3,0,0,50,1,English,11.wav,data/Emotify\rock\11.wav
111,rock,0,0,0,0,0,0,1,0,0,5,0,1,29,1,Russian,11.wav,data/Emotify\rock\11.wav
111,rock,0,0,0,0,0,0,0,1,0,4,0,1,20,0,Dutch,11.wav,data/Emotify\rock\11.wav
112,rock,0,0,0,1,0,0,0,0,1,3,1,0,30,1,German,12.wav,data/Emotify\rock\12.wav
112,rock,0,0,0,0,0,0,0,1,0,4,0,1,17,0,English,12.wav,data/Emotify\rock\12.wav
112,rock,0,0,0,0,1,0,0,0,0,2,0,0,19,1,Chinese,12.wav,data/Emotify\rock\12.wav
112,rock,0,0,0,1,1,0,0,0,0,2,0,0,20,0,Estonian,12.wav,data/Emotify\rock\12.wav
112,rock,0,0,0,0,0,1,0,1,0,3,0,1,41,1,Dutch,12.wav,data/Emotify\rock\12.wav
112,rock,0,1,0,1,1,0,0,0,0,4,1,0,18,1,Russian,12.wav,data/Emotify\rock\12.wav
112,rock,0,0,0,1,0,0,0,1,1,4,0,0,40,0,German,12.wav,data/Emotify\rock\12.wav
112,rock,0,0,0,0,0,0,0,1,0,3,0,0,46,0,English,12.wav,data/Emotify\rock\12.wav
112,rock,0,0,0,0,1,0,0,0,0,3,0,0,33,0,English,12.wav,data/Emotify\rock\12.wav
112,rock,0,0,0,0,0,1,0,0,0,4,0,0,25,0,English,12.wav,data/Emotify\rock\12.wav
112,rock,0,1,0,0,0,0,0,0,0,5,0,0,28,0,Russian,12.wav,data/Emotify\rock\12.wav
112,rock,1,0,0,0,1,1,0,0,0,3,0,0,33,0,Dutch,12.wav,data/Emotify\rock\12.wav
112,rock,0,0,0,0,1,1,0,1,0,2,0,1,23,0,English,12.wav,data/Emotify\rock\12.wav
112,rock,0,0,0,0,0,0,0,0,1,4,0,1,17,1,French,12.wav,data/Emotify\rock\12.wav
112,rock,0,0,0,0,0,1,0,0,0,4,0,0,25,0,Hungarian,12.wav,data/Emotify\rock\12.wav
112,rock,0,0,0,0,0,0,1,0,0,2,0,1,21,0,Russian,12.wav,data/Emotify\rock\12.wav
112,rock,1,1,0,0,1,0,0,0,0,4,0,0,31,1,English,12.wav,data/Emotify\rock\12.wav
112,rock,0,0,0,0,0,0,0,1,0,3,0,1,29,1,English,12.wav,data/Emotify\rock\12.wav
112,rock,0,0,0,0,1,0,0,0,0,5,0,0,27,1,Russian,12.wav,data/Emotify\rock\12.wav
112,rock,0,0,0,0,1,0,0,0,0,3,0,0,19,0,Russian,12.wav,data/Emotify\rock\12.wav
112,rock,0,0,0,1,1,0,0,0,0,4,1,0,29,1,English,12.wav,data/Emotify\rock\12.wav
112,rock,0,1,1,0,0,1,0,0,0,4,1,0,19,0,Romanian,12.wav,data/Emotify\rock\12.wav
112,rock,0,0,0,0,0,0,0,1,1,3,0,1,60,1,English,12.wav,data/Emotify\rock\12.wav
112,rock,0,0,0,0,1,0,0,0,0,4,0,0,32,1,Russian,12.wav,data/Emotify\rock\12.wav
112,rock,0,0,0,1,0,0,0,1,0,4,0,1,36,1,English,12.wav,data/Emotify\rock\12.wav
112,rock,0,1,0,0,0,0,0,0,0,5,0,1,46,1,Dutch,12.wav,data/Emotify\rock\12.wav
112,rock,0,0,0,1,0,0,0,0,1,2,0,0,20,0,Greek,12.wav,data/Emotify\rock\12.wav
112,rock,0,0,0,0,0,0,0,1,1,3,0,1,25,1,English,12.wav,data/Emotify\rock\12.wav
112,rock,1,0,0,0,0,1,0,0,0,4,1,0,23,0,English,12.wav,data/Emotify\rock\12.wav
112,rock,1,0,0,0,0,0,1,0,0,3,1,0,50,0,English,12.wav,data/Emotify\rock\12.wav
112,rock,0,1,0,0,0,0,0,1,0,3,0,0,33,0,Russian,12.wav,data/Emotify\rock\12.wav
112,rock,0,1,0,1,0,0,1,0,0,3,1,0,34,0,English,12.wav,data/Emotify\rock\12.wav
112,rock,0,0,0,1,0,1,0,0,0,5,0,0,28,1,English,12.wav,data/Emotify\rock\12.wav
112,rock,0,0,0,1,0,0,0,0,0,4,1,0,35,0,Russian,12.wav,data/Emotify\rock\12.wav
112,rock,1,0,0,1,0,0,0,0,0,4,0,0,17,1,English,12.wav,data/Emotify\rock\12.wav
112,rock,1,0,0,1,1,0,0,0,0,5,0,0,29,1,Russian,12.wav,data/Emotify\rock\12.wav
112,rock,0,0,0,0,0,0,0,1,0,3,0,1,20,0,English,12.wav,data/Emotify\rock\12.wav
112,rock,0,0,0,0,0,1,0,0,0,4,1,0,26,0,Russian,12.wav,data/Emotify\rock\12.wav
112,rock,0,0,0,0,0,0,0,1,1,2,0,1,28,1,Russian,12.wav,data/Emotify\rock\12.wav
112,rock,0,0,0,0,0,0,0,1,0,5,0,1,12,1,Russian,12.wav,data/Emotify\rock\12.wav
112,rock,0,0,0,0,1,1,0,0,0,4,0,0,32,0,Russian,12.wav,data/Emotify\rock\12.wav
112,rock,0,1,0,0,0,0,0,1,0,4,0,1,47,0,Danish,12.wav,data/Emotify\rock\12.wav
112,rock,0,0,0,0,0,1,0,0,0,3,0,0,26,0,Russian,12.wav,data/Emotify\rock\12.wav
112,rock,0,0,0,1,0,1,1,0,0,3,0,1,50,1,English,12.wav,data/Emotify\rock\12.wav
112,rock,1,0,0,0,0,1,0,0,0,4,0,0,15,1,English,12.wav,data/Emotify\rock\12.wav
112,rock,0,1,0,1,0,0,0,0,0,4,0,0,37,0,German,12.wav,data/Emotify\rock\12.wav
112,rock,0,0,0,1,0,0,0,0,0,4,0,1,20,0,Dutch,12.wav,data/Emotify\rock\12.wav
112,rock,0,0,0,0,1,0,0,0,0,4,0,1,42,0,English,12.wav,data/Emotify\rock\12.wav
112,rock,0,0,1,1,0,0,0,0,0,3,0,1,27,0,Spanish,12.wav,data/Emotify\rock\12.wav
112,rock,0,0,0,0,1,0,0,0,0,3,0,1,22,0,English,12.wav,data/Emotify\rock\12.wav
112,rock,0,1,0,0,0,0,0,0,1,3,1,0,33,0,French,12.wav,data/Emotify\rock\12.wav
112,rock,0,0,0,0,0,0,0,1,0,2,0,1,19,0,Russian,12.wav,data/Emotify\rock\12.wav
113,rock,0,0,0,1,0,0,0,1,1,3,0,1,41,1,Dutch,13.wav,data/Emotify\rock\13.wav
113,rock,0,0,0,0,1,0,1,0,0,2,1,0,19,1,Chinese,13.wav,data/Emotify\rock\13.wav
113,rock,0,0,0,1,0,0,0,0,0,4,1,0,25,1,Russian,13.wav,data/Emotify\rock\13.wav
113,rock,0,0,0,1,0,0,0,0,1,4,0,0,18,1,Russian,13.wav,data/Emotify\rock\13.wav
113,rock,0,0,0,0,0,0,0,0,1,3,0,1,53,0,English,13.wav,data/Emotify\rock\13.wav
113,rock,0,0,1,0,0,0,0,0,1,4,0,0,25,0,English,13.wav,data/Emotify\rock\13.wav
113,rock,0,1,1,0,1,0,0,0,0,4,0,0,40,0,German,13.wav,data/Emotify\rock\13.wav
113,rock,1,0,0,0,1,0,0,0,0,3,0,0,33,0,English,13.wav,data/Emotify\rock\13.wav
113,rock,0,0,1,0,1,0,0,0,0,3,0,1,44,0,English,13.wav,data/Emotify\rock\13.wav
113,rock,0,0,1,1,1,0,0,0,0,3,0,0,33,0,Dutch,13.wav,data/Emotify\rock\13.wav
113,rock,0,0,0,0,1,0,0,0,0,3,1,0,60,1,English,13.wav,data/Emotify\rock\13.wav
113,rock,0,1,0,0,1,0,0,0,0,3,0,0,24,1,English,13.wav,data/Emotify\rock\13.wav
113,rock,0,0,0,1,0,0,0,0,1,4,0,1,17,1,French,13.wav,data/Emotify\rock\13.wav
113,rock,0,0,0,1,0,0,0,0,0,4,1,0,25,0,Hungarian,13.wav,data/Emotify\rock\13.wav
113,rock,0,0,0,0,1,0,0,0,0,3,1,0,29,1,English,13.wav,data/Emotify\rock\13.wav
113,rock,0,0,1,1,0,0,0,0,0,5,1,0,27,1,Russian,13.wav,data/Emotify\rock\13.wav
113,rock,0,0,1,0,1,0,0,0,0,1,0,0,30,1,English,13.wav,data/Emotify\rock\13.wav
113,rock,0,0,1,1,0,0,0,0,1,3,1,0,68,0,English,13.wav,data/Emotify\rock\13.wav
113,rock,0,0,1,0,0,0,0,0,0,3,0,0,19,0,Russian,13.wav,data/Emotify\rock\13.wav
113,rock,0,0,1,1,0,0,0,0,1,3,1,0,34,0,English,13.wav,data/Emotify\rock\13.wav
113,rock,0,0,0,1,1,0,0,0,1,4,0,1,29,1,English,13.wav,data/Emotify\rock\13.wav
113,rock,0,0,1,1,0,0,0,0,1,3,0,1,35,0,Italian,13.wav,data/Emotify\rock\13.wav
113,rock,0,0,0,1,1,0,0,0,1,4,1,0,19,0,Romanian,13.wav,data/Emotify\rock\13.wav
113,rock,0,0,1,1,1,0,0,0,0,3,0,1,27,0,German,13.wav,data/Emotify\rock\13.wav
113,rock,0,0,1,1,0,0,0,0,0,4,0,0,32,1,Russian,13.wav,data/Emotify\rock\13.wav
113,rock,1,1,0,0,0,0,0,1,0,3,1,0,24,0,English,13.wav,data/Emotify\rock\13.wav
113,rock,0,0,1,0,0,0,0,0,1,5,0,0,25,1,Russian,13.wav,data/Emotify\rock\13.wav
113,rock,0,0,0,1,1,0,0,0,0,2,1,0,20,0,Greek,13.wav,data/Emotify\rock\13.wav
113,rock,0,0,1,1,0,0,0,0,0,4,1,0,26,0,Russian,13.wav,data/Emotify\rock\13.wav
113,rock,0,0,0,1,0,0,0,0,0,3,0,0,33,0,Russian,13.wav,data/Emotify\rock\13.wav
113,rock,0,1,0,0,0,0,0,0,0,3,0,0,20,0,English,13.wav,data/Emotify\rock\13.wav
113,rock,0,0,0,0,0,0,0,0,1,3,1,0,36,1,Spanish,13.wav,data/Emotify\rock\13.wav
113,rock,0,0,0,0,1,0,0,0,0,5,1,0,29,1,Russian,13.wav,data/Emotify\rock\13.wav
113,rock,0,0,0,0,0,0,0,0,1,2,0,1,28,1,Russian,13.wav,data/Emotify\rock\13.wav
113,rock,0,0,0,0,0,0,0,0,1,3,1,0,36,1,Spanish,13.wav,data/Emotify\rock\13.wav
113,rock,0,0,1,0,1,0,0,0,0,5,1,0,12,1,Russian,13.wav,data/Emotify\rock\13.wav
113,rock,0,0,1,1,1,0,0,0,0,4,1,0,32,0,Russian,13.wav,data/Emotify\rock\13.wav
113,rock,0,0,0,0,1,0,0,0,0,3,0,0,26,0,Russian,13.wav,data/Emotify\rock\13.wav
113,rock,0,1,1,0,1,0,0,0,0,3,0,0,50,1,English,13.wav,data/Emotify\rock\13.wav
113,rock,0,0,1,1,1,0,0,0,0,4,0,0,37,0,German,13.wav,data/Emotify\rock\13.wav
113,rock,0,0,0,0,0,0,0,0,1,4,1,0,42,0,English,13.wav,data/Emotify\rock\13.wav
113,rock,0,0,1,0,0,0,0,0,0,3,0,0,30,1,Russian,13.wav,data/Emotify\rock\13.wav
113,rock,0,0,0,1,1,0,0,0,1,4,1,0,20,0,Dutch,13.wav,data/Emotify\rock\13.wav
113,rock,0,0,0,0,0,0,0,1,0,3,0,1,22,0,English,13.wav,data/Emotify\rock\13.wav
113,rock,0,0,1,1,0,0,0,0,0,3,1,0,33,0,French,13.wav,data/Emotify\rock\13.wav
113,rock,0,0,1,0,1,0,0,0,1,2,1,0,20,0,Estonian,13.wav,data/Emotify\rock\13.wav
114,rock,0,0,0,1,0,0,0,1,1,4,0,1,22,0,English,14.wav,data/Emotify\rock\14.wav
114,rock,0,1,0,0,0,0,0,0,1,3,0,0,34,0,Latvian,14.wav,data/Emotify\rock\14.wav
114,rock,0,0,0,0,0,1,0,0,0,4,0,0,25,1,Russian,14.wav,data/Emotify\rock\14.wav
114,rock,0,0,0,0,1,0,1,0,0,4,1,0,23,0,Spanish,14.wav,data/Emotify\rock\14.wav
114,rock,0,0,0,0,0,1,1,0,0,4,1,0,32,1,Italian,14.wav,data/Emotify\rock\14.wav
114,rock,0,1,0,0,0,1,0,0,0,3,1,0,53,0,English,14.wav,data/Emotify\rock\14.wav
114,rock,0,0,0,1,0,0,0,0,0,3,1,0,68,0,English,14.wav,data/Emotify\rock\14.wav
114,rock,0,0,0,1,1,0,0,0,1,5,0,0,25,1,Russian,14.wav,data/Emotify\rock\14.wav
114,rock,0,1,1,0,0,0,0,0,1,2,0,1,15,1,English,14.wav,data/Emotify\rock\14.wav
114,rock,0,0,0,0,0,0,1,0,0,3,1,0,60,1,English,14.wav,data/Emotify\rock\14.wav
114,rock,0,0,0,0,0,1,0,0,0,3,1,0,29,1,English,14.wav,data/Emotify\rock\14.wav
114,rock,0,0,0,0,0,0,0,1,0,5,0,0,27,1,Russian,14.wav,data/Emotify\rock\14.wav
114,rock,0,0,0,1,0,0,0,0,0,3,0,0,24,1,English,14.wav,data/Emotify\rock\14.wav
114,rock,0,0,0,1,1,0,0,0,0,3,1,0,29,1,English,14.wav,data/Emotify\rock\14.wav
114,rock,0,0,0,0,0,0,0,0,1,4,0,1,17,1,French,14.wav,data/Emotify\rock\14.wav
114,rock,0,0,0,0,0,1,0,0,1,5,1,0,25,1,Russian,14.wav,data/Emotify\rock\14.wav
114,rock,0,0,0,0,0,1,0,1,0,2,0,1,26,1,Chinese,14.wav,data/Emotify\rock\14.wav
114,rock,0,0,0,0,0,1,0,0,0,1,0,0,30,1,English,14.wav,data/Emotify\rock\14.wav
114,rock,0,0,0,0,0,0,0,0,0,3,0,1,19,0,Russian,14.wav,data/Emotify\rock\14.wav
114,rock,0,1,0,1,1,0,0,0,0,3,1,0,34,0,English,14.wav,data/Emotify\rock\14.wav
114,rock,0,1,0,0,1,0,0,0,0,4,0,1,29,1,English,14.wav,data/Emotify\rock\14.wav
114,rock,0,0,0,0,0,0,0,1,1,3,0,0,17,0,English,14.wav,data/Emotify\rock\14.wav
114,rock,0,0,0,0,0,1,0,0,0,4,0,1,26,0,Russian,14.wav,data/Emotify\rock\14.wav
114,rock,0,0,0,0,0,1,0,0,0,4,1,0,42,0,Dutch,14.wav,data/Emotify\rock\14.wav
114,rock,0,1,0,0,0,1,1,0,0,4,1,0,19,0,Romanian,14.wav,data/Emotify\rock\14.wav
114,rock,0,0,0,0,0,1,0,0,0,3,0,1,27,0,German,14.wav,data/Emotify\rock\14.wav
114,rock,0,0,0,0,0,0,0,1,0,4,0,0,32,1,Russian,14.wav,data/Emotify\rock\14.wav
114,rock,0,0,0,1,0,1,0,0,1,3,0,1,24,0,English,14.wav,data/Emotify\rock\14.wav
114,rock,0,1,0,0,1,0,0,0,0,2,1,0,20,0,Greek,14.wav,data/Emotify\rock\14.wav
114,rock,0,0,0,0,0,0,0,1,0,4,0,0,52,0,Russian,14.wav,data/Emotify\rock\14.wav
114,rock,0,0,0,1,0,0,0,1,0,2,0,0,25,1,Russian,14.wav,data/Emotify\rock\14.wav
114,rock,0,0,0,0,0,0,0,1,0,3,0,0,33,0,Russian,14.wav,data/Emotify\rock\14.wav
114,rock,0,0,0,0,1,0,0,0,0,4,0,1,15,1,English,14.wav,data/Emotify\rock\14.wav
114,rock,0,1,0,0,1,1,0,0,0,3,0,0,28,1,Russian,14.wav,data/Emotify\rock\14.wav
114,rock,1,0,0,0,0,1,1,0,0,5,1,0,29,1,Russian,14.wav,data/Emotify\rock\14.wav
114,rock,0,0,0,0,0,0,0,1,0,3,0,1,20,0,English,14.wav,data/Emotify\rock\14.wav
114,rock,0,0,0,0,0,1,0,0,0,4,0,0,29,0,English,14.wav,data/Emotify\rock\14.wav
114,rock,0,0,0,0,0,1,0,1,0,2,0,1,28,1,Russian,14.wav,data/Emotify\rock\14.wav
114,rock,0,0,0,0,0,0,0,1,0,5,0,0,12,1,Russian,14.wav,data/Emotify\rock\14.wav
114,rock,0,1,0,0,0,0,0,1,1,4,1,0,32,0,Russian,14.wav,data/Emotify\rock\14.wav
114,rock,1,0,1,1,0,0,0,0,0,4,1,0,47,1,Dutch,14.wav,data/Emotify\rock\14.wav
114,rock,1,1,0,0,0,1,0,0,0,3,1,0,31,0,German,14.wav,data/Emotify\rock\14.wav
114,rock,0,0,0,0,0,0,0,0,1,4,0,1,19,0,English,14.wav,data/Emotify\rock\14.wav
114,rock,0,1,0,1,0,0,0,0,0,4,0,0,37,0,German,14.wav,data/Emotify\rock\14.wav
114,rock,0,0,0,1,0,0,0,0,0,5,1,0,23,1,English,14.wav,data/Emotify\rock\14.wav
114,rock,0,0,0,1,0,1,0,0,0,3,0,0,50,1,English,14.wav,data/Emotify\rock\14.wav
114,rock,0,1,0,1,1,0,0,0,0,4,0,0,19,0,English,14.wav,data/Emotify\rock\14.wav
114,rock,0,1,0,0,0,0,0,0,0,3,0,0,30,1,Russian,14.wav,data/Emotify\rock\14.wav
114,rock,0,0,0,0,0,0,0,1,0,3,0,1,41,1,Dutch,14.wav,data/Emotify\rock\14.wav
114,rock,0,0,0,0,0,0,0,1,0,3,0,1,33,0,French,14.wav,data/Emotify\rock\14.wav
114,rock,0,1,0,1,0,1,0,0,0,3,1,0,30,1,German,14.wav,data/Emotify\rock\14.wav
114,rock,0,0,0,1,0,0,0,0,0,3,0,1,44,0,English,14.wav,data/Emotify\rock\14.wav
115,rock,0,1,0,0,0,0,0,0,0,3,1,0,60,1,English,15.wav,data/Emotify\rock\15.wav
115,rock,0,0,0,0,0,1,0,1,1,3,0,1,24,1,English,15.wav,data/Emotify\rock\15.wav
115,rock,0,0,0,1,0,1,0,1,0,5,0,0,25,1,Russian,15.wav,data/Emotify\rock\15.wav
115,rock,0,0,0,0,0,1,0,0,0,3,0,0,29,1,English,15.wav,data/Emotify\rock\15.wav
115,rock,0,0,0,0,0,1,0,0,0,5,0,0,27,1,Russian,15.wav,data/Emotify\rock\15.wav
115,rock,0,0,0,0,0,0,0,1,0,2,0,1,26,1,Chinese,15.wav,data/Emotify\rock\15.wav
115,rock,0,0,0,1,0,0,0,0,1,3,0,1,24,1,English,15.wav,data/Emotify\rock\15.wav
115,rock,0,1,0,0,0,0,0,0,1,3,1,0,29,1,English,15.wav,data/Emotify\rock\15.wav
115,rock,0,0,0,0,0,1,0,0,0,4,1,0,26,0,Russian,15.wav,data/Emotify\rock\15.wav
115,rock,0,1,0,1,0,1,0,0,0,5,0,0,25,1,Russian,15.wav,data/Emotify\rock\15.wav
115,rock,0,0,0,1,0,1,0,0,1,3,0,0,28,1,Russian,15.wav,data/Emotify\rock\15.wav
115,rock,0,0,0,0,0,1,0,0,1,4,1,1,25,1,Russian,15.wav,data/Emotify\rock\15.wav
115,rock,0,0,0,1,1,1,0,0,0,5,0,0,25,1,Russian,15.wav,data/Emotify\rock\15.wav
115,rock,0,0,0,1,0,0,0,1,1,4,0,1,29,1,English,15.wav,data/Emotify\rock\15.wav
115,rock,0,0,0,0,0,0,0,1,0,4,0,1,32,1,Russian,15.wav,data/Emotify\rock\15.wav
115,rock,0,1,0,0,0,1,0,0,1,4,1,0,42,0,Dutch,15.wav,data/Emotify\rock\15.wav
115,rock,1,0,0,0,0,1,0,1,0,4,1,0,19,0,Romanian,15.wav,data/Emotify\rock\15.wav
115,rock,0,0,0,0,0,0,1,1,0,3,1,0,27,0,German,15.wav,data/Emotify\rock\15.wav
115,rock,0,1,0,1,0,1,0,0,0,2,0,0,25,1,Russian,15.wav,data/Emotify\rock\15.wav
115,rock,0,0,0,1,0,0,0,0,0,1,0,0,20,1,French,15.wav,data/Emotify\rock\15.wav
115,rock,0,0,1,0,0,0,1,0,0,2,1,0,20,0,Greek,15.wav,data/Emotify\rock\15.wav
115,rock,0,0,0,0,0,1,0,0,0,4,0,0,51,0,English,15.wav,data/Emotify\rock\15.wav
115,rock,0,0,0,0,0,0,1,0,0,4,1,0,28,0,Russian,15.wav,data/Emotify\rock\15.wav
115,rock,0,0,0,0,0,0,0,1,0,3,0,0,36,1,Spanish,15.wav,data/Emotify\rock\15.wav
115,rock,0,0,0,1,1,1,0,0,0,5,1,0,29,1,Russian,15.wav,data/Emotify\rock\15.wav
115,rock,0,0,0,0,0,0,0,1,1,3,0,0,33,0,Russian,15.wav,data/Emotify\rock\15.wav
115,rock,0,0,0,0,1,0,0,0,0,3,1,0,20,0,English,15.wav,data/Emotify\rock\15.wav
115,rock,0,1,0,0,1,1,0,0,0,4,1,0,15,1,English,15.wav,data/Emotify\rock\15.wav
115,rock,0,0,0,0,1,0,0,0,0,2,1,0,28,0,English,15.wav,data/Emotify\rock\15.wav
115,rock,0,0,1,0,0,0,0,0,1,3,0,0,33,0,Dutch,15.wav,data/Emotify\rock\15.wav
115,rock,0,0,0,0,0,0,0,1,0,2,0,1,28,1,Russian,15.wav,data/Emotify\rock\15.wav
115,rock,0,0,0,0,0,1,0,1,1,5,0,0,12,1,Russian,15.wav,data/Emotify\rock\15.wav
115,rock,0,0,0,0,0,1,0,1,1,3,0,0,30,1,German,15.wav,data/Emotify\rock\15.wav
115,rock,0,0,0,0,0,0,0,0,1,4,0,0,32,1,Italian,15.wav,data/Emotify\rock\15.wav
115,rock,0,0,0,0,0,1,0,0,1,4,0,1,32,0,Russian,15.wav,data/Emotify\rock\15.wav
115,rock,1,1,0,0,0,0,1,0,0,4,1,0,47,1,Dutch,15.wav,data/Emotify\rock\15.wav
115,rock,0,0,0,1,0,0,0,0,0,3,0,0,31,0,German,15.wav,data/Emotify\rock\15.wav
115,rock,0,0,0,0,1,0,0,0,0,5,1,0,23,1,English,15.wav,data/Emotify\rock\15.wav
115,rock,0,1,0,0,0,0,0,0,0,3,0,1,24,0,English,15.wav,data/Emotify\rock\15.wav
115,rock,0,0,1,1,0,0,0,0,1,4,1,0,25,0,French,15.wav,data/Emotify\rock\15.wav
115,rock,0,0,0,0,0,1,0,1,0,3,0,1,50,1,English,15.wav,data/Emotify\rock\15.wav
115,rock,0,0,0,1,0,1,0,0,0,4,0,0,25,1,Russian,15.wav,data/Emotify\rock\15.wav
115,rock,1,1,0,0,0,0,1,0,0,4,1,0,28,1,Italian,15.wav,data/Emotify\rock\15.wav
115,rock,0,0,0,0,0,1,0,0,0,4,1,0,20,0,Dutch,15.wav,data/Emotify\rock\15.wav
115,rock,0,0,0,0,0,1,1,0,0,2,1,0,56,0,Dutch,15.wav,data/Emotify\rock\15.wav
115,rock,0,1,0,1,0,0,0,0,0,4,0,0,23,0,Spanish,15.wav,data/Emotify\rock\15.wav
116,rock,0,1,0,1,0,1,0,0,0,4,1,0,25,1,English,16.wav,data/Emotify\rock\16.wav
116,rock,0,0,0,1,0,0,0,0,0,4,0,1,23,0,Italian,16.wav,data/Emotify\rock\16.wav
116,rock,0,1,0,1,0,1,0,0,0,5,1,0,31,0,Dutch,16.wav,data/Emotify\rock\16.wav
116,rock,1,0,0,1,1,0,0,0,0,5,0,0,25,1,Russian,16.wav,data/Emotify\rock\16.wav
116,rock,0,0,0,0,0,1,0,1,0,2,0,1,26,1,Chinese,16.wav,data/Emotify\rock\16.wav
116,rock,0,0,0,0,1,0,0,0,0,4,0,0,22,1,Russian,16.wav,data/Emotify\rock\16.wav
116,rock,0,1,1,0,0,0,0,0,0,3,1,0,29,1,English,16.wav,data/Emotify\rock\16.wav
116,rock,0,0,0,1,0,0,0,0,0,4,0,0,25,1,Russian,16.wav,data/Emotify\rock\16.wav
116,rock,0,0,0,0,0,0,0,0,0,5,0,1,22,0,English,16.wav,data/Emotify\rock\16.wav
116,rock,1,0,0,0,1,0,1,0,0,4,0,0,21,0,Italian,16.wav,data/Emotify\rock\16.wav
116,rock,0,1,0,1,1,0,0,0,0,3,1,0,27,0,English,16.wav,data/Emotify\rock\16.wav
116,rock,0,0,0,0,1,1,0,0,0,4,1,0,32,1,Russian,16.wav,data/Emotify\rock\16.wav
116,rock,0,0,1,1,0,0,0,0,0,3,0,0,28,0,Greek,16.wav,data/Emotify\rock\16.wav
116,rock,0,0,1,1,0,0,0,0,0,4,1,0,29,1,English,16.wav,data/Emotify\rock\16.wav
116,rock,1,1,0,0,0,0,1,0,0,4,1,0,17,0,Norwegian,16.wav,data/Emotify\rock\16.wav
116,rock,0,0,0,0,1,0,0,0,0,3,1,0,28,0,Spanish,16.wav,data/Emotify\rock\16.wav
116,rock,0,0,1,1,0,0,0,1,0,4,0,0,19,0,Romanian,16.wav,data/Emotify\rock\16.wav
116,rock,0,0,1,0,0,1,1,0,0,4,0,0,32,1,Italian,16.wav,data/Emotify\rock\16.wav
116,rock,0,0,1,0,0,0,0,0,0,5,1,0,26,0,Russian,16.wav,data/Emotify\rock\16.wav
116,rock,0,0,0,1,1,0,1,0,0,2,0,0,29,1,Russian,16.wav,data/Emotify\rock\16.wav
116,rock,0,0,0,0,0,0,1,0,0,3,0,0,26,0,Russian,16.wav,data/Emotify\rock\16.wav
116,rock,0,0,1,0,0,0,0,0,0,3,1,0,20,0,English,16.wav,data/Emotify\rock\16.wav
116,rock,0,0,0,0,0,0,0,1,0,2,0,0,28,0,English,16.wav,data/Emotify\rock\16.wav
116,rock,0,0,0,0,0,0,0,1,0,3,0,0,33,0,Russian,16.wav,data/Emotify\rock\16.wav
116,rock,0,0,0,1,0,0,0,0,0,4,0,1,40,1,Dutch,16.wav,data/Emotify\rock\16.wav
116,rock,0,1,0,1,0,0,0,0,0,5,1,0,23,1,English,16.wav,data/Emotify\rock\16.wav
116,rock,0,0,0,0,0,1,0,0,1,3,0,1,24,1,Dutch,16.wav,data/Emotify\rock\16.wav
116,rock,0,0,0,1,0,0,0,0,1,3,0,0,33,0,Dutch,16.wav,data/Emotify\rock\16.wav
116,rock,0,0,0,1,0,1,0,0,0,2,0,1,28,1,Russian,16.wav,data/Emotify\rock\16.wav
116,rock,0,0,0,0,0,0,0,0,0,4,0,1,25,0,French,16.wav,data/Emotify\rock\16.wav
116,rock,0,0,0,0,0,0,0,1,0,4,0,1,32,0,Russian,16.wav,data/Emotify\rock\16.wav
116,rock,0,0,0,0,1,0,1,0,0,3,1,0,31,0,German,16.wav,data/Emotify\rock\16.wav
116,rock,0,0,0,0,0,0,0,0,1,2,0,1,29,0,Russian,16.wav,data/Emotify\rock\16.wav
116,rock,0,1,1,0,0,0,0,0,0,4,1,0,23,0,Ucrainian,16.wav,data/Emotify\rock\16.wav
116,rock,0,1,1,1,0,0,0,0,0,5,0,0,31,0,English,16.wav,data/Emotify\rock\16.wav
116,rock,0,0,0,1,0,1,0,1,0,3,0,1,50,1,English,16.wav,data/Emotify\rock\16.wav
116,rock,0,0,1,0,0,0,0,0,0,3,0,0,29,0,Russian,16.wav,data/Emotify\rock\16.wav
116,rock,0,0,0,1,0,0,0,0,0,4,1,0,28,1,Italian,16.wav,data/Emotify\rock\16.wav
116,rock,0,0,0,1,1,0,0,0,0,4,1,0,35,0,Russian,16.wav,data/Emotify\rock\16.wav
116,rock,0,0,0,0,1,0,0,0,0,4,0,1,20,0,Dutch,16.wav,data/Emotify\rock\16.wav
116,rock,0,0,0,0,0,1,1,0,0,4,1,0,29,1,Greek,16.wav,data/Emotify\rock\16.wav
116,rock,1,0,1,0,0,0,0,0,0,4,1,0,24,0,Spanish,16.wav,data/Emotify\rock\16.wav
116,rock,0,0,0,0,0,0,0,0,1,4,1,1,24,0,Dutch,16.wav,data/Emotify\rock\16.wav
116,rock,0,0,0,0,0,1,1,1,0,3,1,0,28,1,Russian,16.wav,data/Emotify\rock\16.wav
116,rock,0,1,0,0,0,1,1,0,0,4,1,1,15,1,Ucrainian,16.wav,data/Emotify\rock\16.wav
116,rock,0,0,0,0,1,0,1,0,0,4,1,0,23,0,Spanish,16.wav,data/Emotify\rock\16.wav
116,rock,0,0,0,0,1,0,0,0,0,3,0,1,21,0,Italian,16.wav,data/Emotify\rock\16.wav
116,rock,0,0,0,0,0,1,0,1,1,4,0,1,51,1,Dutch,16.wav,data/Emotify\rock\16.wav
116,rock,0,0,1,0,0,0,0,0,0,3,1,0,60,1,English,16.wav,data/Emotify\rock\16.wav
117,rock,0,1,0,1,0,0,0,0,0,2,1,0,26,1,Chinese,17.wav,data/Emotify\rock\17.wav
117,rock,0,0,0,1,0,0,0,0,0,5,0,0,26,0,Russian,17.wav,data/Emotify\rock\17.wav
117,rock,0,0,1,1,0,0,0,0,1,4,1,0,17,0,Norwegian,17.wav,data/Emotify\rock\17.wav
117,rock,1,0,1,0,1,0,0,0,0,5,0,0,25,1,Russian,17.wav,data/Emotify\rock\17.wav
117,rock,0,0,0,1,1,0,0,0,1,4,1,0,19,0,Italian,17.wav,data/Emotify\rock\17.wav
117,rock,0,0,0,1,0,0,0,0,0,4,0,0,25,1,Russian,17.wav,data/Emotify\rock\17.wav
117,rock,0,0,0,1,1,0,0,0,1,3,0,1,27,0,English,17.wav,data/Emotify\rock\17.wav
117,rock,0,0,1,0,1,0,0,0,0,3,1,0,29,1,English,17.wav,data/Emotify\rock\17.wav
117,rock,0,0,0,0,1,0,0,0,0,5,0,1,22,0,English,17.wav,data/Emotify\rock\17.wav
117,rock,0,1,0,0,0,0,0,0,0,4,0,0,32,1,Russian,17.wav,data/Emotify\rock\17.wav
117,rock,1,0,0,1,1,0,0,0,0,4,0,1,29,1,English,17.wav,data/Emotify\rock\17.wav
117,rock,0,0,0,0,0,0,0,1,0,5,0,0,26,1,Russian,17.wav,data/Emotify\rock\17.wav
117,rock,0,0,0,0,1,0,0,0,0,2,0,0,28,0,English,17.wav,data/Emotify\rock\17.wav
117,rock,0,1,0,0,0,0,0,0,0,3,1,0,74,0,Dutch,17.wav,data/Emotify\rock\17.wav
117,rock,0,0,1,1,1,0,0,0,0,2,1,0,29,1,Russian,17.wav,data/Emotify\rock\17.wav
117,rock,0,1,0,0,1,0,0,0,0,2,0,0,20,0,Greek,17.wav,data/Emotify\rock\17.wav
117,rock,0,0,0,1,0,0,0,0,0,3,0,0,33,0,Russian,17.wav,data/Emotify\rock\17.wav
117,rock,0,0,0,0,1,0,0,0,0,3,0,0,29,0,Russian,17.wav,data/Emotify\rock\17.wav
117,rock,0,0,0,1,1,0,0,0,0,4,0,1,40,1,Dutch,17.wav,data/Emotify\rock\17.wav
117,rock,0,0,0,1,0,0,0,0,0,4,0,0,24,0,Spanish,17.wav,data/Emotify\rock\17.wav
117,rock,0,0,0,1,1,0,0,0,0,3,1,0,24,1,Dutch,17.wav,data/Emotify\rock\17.wav
117,rock,0,0,1,0,1,0,0,0,0,5,0,1,31,0,English,17.wav,data/Emotify\rock\17.wav
117,rock,0,0,1,0,1,0,0,0,0,3,1,0,33,0,Dutch,17.wav,data/Emotify\rock\17.wav
117,rock,0,0,0,0,0,0,0,0,1,2,0,1,29,0,Russian,17.wav,data/Emotify\rock\17.wav
117,rock,0,0,0,0,1,0,0,0,1,4,0,1,31,0,Dutch,17.wav,data/Emotify\rock\17.wav
117,rock,0,0,0,0,0,0,0,1,0,4,0,1,17,0,English,17.wav,data/Emotify\rock\17.wav
117,rock,1,0,1,0,1,0,0,0,0,4,1,0,32,0,Russian,17.wav,data/Emotify\rock\17.wav
117,rock,0,0,0,0,1,0,0,0,0,4,1,0,35,0,Russian,17.wav,data/Emotify\rock\17.wav
117,rock,0,0,1,1,1,0,0,0,0,3,0,0,31,0,German,17.wav,data/Emotify\rock\17.wav
117,rock,0,0,1,1,1,0,0,0,0,3,1,0,28,1,Russian,17.wav,data/Emotify\rock\17.wav
117,rock,0,0,1,1,0,0,0,0,0,4,1,0,23,0,Ucrainian,17.wav,data/Emotify\rock\17.wav
117,rock,0,0,0,0,1,0,1,0,0,5,0,0,25,1,English,17.wav,data/Emotify\rock\17.wav
117,rock,0,1,0,1,0,0,0,0,1,3,0,0,50,1,English,17.wav,data/Emotify\rock\17.wav
117,rock,0,0,0,0,0,0,0,1,1,4,0,0,35,0,Russian,17.wav,data/Emotify\rock\17.wav
117,rock,0,1,1,0,1,0,0,0,0,3,0,0,23,1,Russian,17.wav,data/Emotify\rock\17.wav
117,rock,0,0,0,0,1,0,0,0,0,4,0,1,29,1,Greek,17.wav,data/Emotify\rock\17.wav
117,rock,0,0,0,0,0,0,0,0,1,3,0,0,21,0,Italian,17.wav,data/Emotify\rock\17.wav
117,rock,0,0,0,0,1,0,0,1,1,3,0,1,22,0,English,17.wav,data/Emotify\rock\17.wav
117,rock,0,0,0,0,0,0,1,1,1,4,1,0,15,1,Ucrainian,17.wav,data/Emotify\rock\17.wav
117,rock,0,0,1,0,1,0,1,0,0,4,1,0,51,1,Dutch,17.wav,data/Emotify\rock\17.wav
117,rock,0,0,1,0,1,0,0,0,0,3,1,0,60,1,English,17.wav,data/Emotify\rock\17.wav
117,rock,0,0,1,1,0,0,0,0,1,5,0,0,31,0,Dutch,17.wav,data/Emotify\rock\17.wav
117,rock,0,0,0,1,0,0,0,0,0,4,0,1,25,1,English,17.wav,data/Emotify\rock\17.wav
117,rock,0,0,1,0,1,0,0,0,0,4,1,0,22,1,Russian,17.wav,data/Emotify\rock\17.wav
117,rock,0,1,0,0,0,0,0,0,0,5,1,0,29,1,Russian,17.wav,data/Emotify\rock\17.wav
118,rock,0,0,1,0,0,0,0,0,0,2,1,1,20,1,German,18.wav,data/Emotify\rock\18.wav
118,rock,0,0,0,0,1,0,0,0,0,4,0,0,25,1,Russian,18.wav,data/Emotify\rock\18.wav
118,rock,0,0,1,1,0,0,0,0,1,4,0,0,21,0,Italian,18.wav,data/Emotify\rock\18.wav
118,rock,0,0,0,1,1,0,0,0,0,4,1,0,32,1,Russian,18.wav,data/Emotify\rock\18.wav
118,rock,0,0,1,1,1,0,0,0,0,3,1,0,29,1,English,18.wav,data/Emotify\rock\18.wav
118,rock,0,0,0,0,0,0,0,1,0,5,0,0,26,1,Russian,18.wav,data/Emotify\rock\18.wav
118,rock,0,0,0,1,0,0,0,0,0,5,0,0,25,1,Dutch,18.wav,data/Emotify\rock\18.wav
118,rock,0,0,0,1,1,0,0,0,1,4,1,0,29,1,English,18.wav,data/Emotify\rock\18.wav
118,rock,0,0,0,0,0,0,0,0,1,3,1,0,74,0,Dutch,18.wav,data/Emotify\rock\18.wav
118,rock,1,0,1,0,0,0,0,0,0,4,1,0,24,0,Spanish,18.wav,data/Emotify\rock\18.wav
118,rock,0,0,0,0,1,0,0,0,0,3,0,0,26,0,Russian,18.wav,data/Emotify\rock\18.wav
118,rock,0,0,0,1,1,0,0,0,0,4,1,0,13,0,Dutch,18.wav,data/Emotify\rock\18.wav
118,rock,0,0,1,1,1,0,0,0,0,3,0,0,28,1,Russian,18.wav,data/Emotify\rock\18.wav
118,rock,0,0,0,1,0,0,0,0,0,3,0,0,33,0,Russian,18.wav,data/Emotify\rock\18.wav
118,rock,0,0,0,0,0,0,0,0,1,2,0,1,29,0,Russian,18.wav,data/Emotify\rock\18.wav
118,rock,0,0,0,0,1,0,0,0,0,5,0,1,31,0,English,18.wav,data/Emotify\rock\18.wav
118,rock,0,0,1,1,0,0,0,0,0,3,0,0,33,0,Dutch,18.wav,data/Emotify\rock\18.wav
118,rock,0,1,0,0,1,0,1,0,0,3,1,0,50,1,English,18.wav,data/Emotify\rock\18.wav
118,rock,1,0,1,0,1,0,0,0,0,4,1,0,32,0,Russian,18.wav,data/Emotify\rock\18.wav
118,rock,0,0,1,1,1,0,0,0,0,3,1,1,31,0,German,18.wav,data/Emotify\rock\18.wav
118,rock,0,1,1,0,1,0,0,0,0,5,0,0,55,1,German,18.wav,data/Emotify\rock\18.wav
118,rock,0,0,1,1,0,0,0,0,0,4,1,0,23,0,Ucrainian,18.wav,data/Emotify\rock\18.wav
118,rock,0,0,1,1,0,0,0,0,0,3,0,0,21,0,Italian,18.wav,data/Emotify\rock\18.wav
118,rock,0,1,0,0,0,0,0,0,0,3,0,0,23,1,Russian,18.wav,data/Emotify\rock\18.wav
118,rock,0,1,0,1,0,0,0,0,1,3,0,1,22,0,English,18.wav,data/Emotify\rock\18.wav
118,rock,0,0,1,0,1,0,0,0,0,4,0,0,22,1,Russian,18.wav,data/Emotify\rock\18.wav
118,rock,0,0,1,1,1,0,0,0,0,4,0,0,20,1,Italian,18.wav,data/Emotify\rock\18.wav
118,rock,0,0,1,0,1,0,0,0,1,3,1,0,60,1,English,18.wav,data/Emotify\rock\18.wav
118,rock,0,0,1,0,0,0,0,0,0,5,1,0,26,0,Russian,18.wav,data/Emotify\rock\18.wav
118,rock,0,0,1,1,1,0,0,0,0,4,1,0,25,1,English,18.wav,data/Emotify\rock\18.wav
118,rock,0,1,0,0,0,0,0,0,0,2,0,0,28,0,English,18.wav,data/Emotify\rock\18.wav
118,rock,0,0,1,1,1,0,0,0,0,2,1,0,26,1,Chinese,18.wav,data/Emotify\rock\18.wav
118,rock,0,0,1,1,0,0,0,0,1,4,1,0,17,0,Norwegian,18.wav,data/Emotify\rock\18.wav
118,rock,0,0,1,1,0,0,0,0,0,4,1,0,46,1,Dutch,18.wav,data/Emotify\rock\18.wav
118,rock,0,0,0,0,1,0,0,0,0,5,1,0,29,1,Russian,18.wav,data/Emotify\rock\18.wav
118,rock,0,0,1,1,0,0,0,0,1,3,0,1,27,0,English,18.wav,data/Emotify\rock\18.wav
118,rock,1,0,1,0,1,0,0,0,0,5,0,0,25,1,Russian,18.wav,data/Emotify\rock\18.wav
118,rock,0,0,1,1,1,0,0,0,0,4,0,0,19,0,Italian,18.wav,data/Emotify\rock\18.wav
119,rock,0,0,0,0,0,0,1,1,0,3,1,0,29,1,English,19.wav,data/Emotify\rock\19.wav
119,rock,0,0,0,0,0,1,0,0,0,5,0,0,25,1,Dutch,19.wav,data/Emotify\rock\19.wav
119,rock,0,1,0,0,0,1,1,0,0,4,1,0,43,0,Dutch,19.wav,data/Emotify\rock\19.wav
119,rock,0,0,0,0,0,0,0,0,0,3,0,1,74,0,Dutch,19.wav,data/Emotify\rock\19.wav
119,rock,0,0,1,0,0,0,0,0,0,3,0,1,30,0,Russian,19.wav,data/Emotify\rock\19.wav
119,rock,0,0,0,0,0,0,1,0,0,4,1,0,24,0,Spanish,19.wav,data/Emotify\rock\19.wav
119,rock,1,0,0,0,0,1,1,0,0,2,0,1,25,0,French,19.wav,data/Emotify\rock\19.wav
119,rock,0,0,0,0,0,0,0,1,0,3,0,0,33,0,Russian,19.wav,data/Emotify\rock\19.wav
119,rock,1,0,0,0,0,0,1,0,0,3,0,0,33,0,Dutch,19.wav,data/Emotify\rock\19.wav
119,rock,0,0,0,0,0,0,0,1,0,2,0,1,29,0,Russian,19.wav,data/Emotify\rock\19.wav
119,rock,0,0,0,0,0,0,1,0,0,4,1,0,35,0,Russian,19.wav,data/Emotify\rock\19.wav
119,rock,1,0,0,0,0,1,0,0,0,3,0,0,29,0,Russian,19.wav,data/Emotify\rock\19.wav
119,rock,0,0,0,0,0,0,1,0,0,4,1,0,35,0,Russian,19.wav,data/Emotify\rock\19.wav
119,rock,0,0,1,0,0,0,0,0,0,3,1,1,31,0,German,19.wav,data/Emotify\rock\19.wav
119,rock,1,0,0,0,0,0,1,0,0,5,0,0,55,1,German,19.wav,data/Emotify\rock\19.wav
119,rock,1,1,0,1,0,0,0,0,0,4,1,0,17,0,Norwegian,19.wav,data/Emotify\rock\19.wav
119,rock,1,0,0,0,0,1,1,0,0,3,0,0,31,0,German,19.wav,data/Emotify\rock\19.wav
119,rock,0,0,0,0,0,1,0,0,0,5,1,0,29,1,Russian,19.wav,data/Emotify\rock\19.wav
119,rock,1,0,0,0,0,1,1,0,0,4,0,0,20,1,Italian,19.wav,data/Emotify\rock\19.wav
119,rock,0,0,0,0,0,0,1,0,0,3,0,0,60,1,English,19.wav,data/Emotify\rock\19.wav
119,rock,0,1,0,0,0,0,0,0,0,2,0,1,26,1,Chinese,19.wav,data/Emotify\rock\19.wav
119,rock,0,0,0,0,0,0,0,1,0,4,0,1,46,1,Dutch,19.wav,data/Emotify\rock\19.wav
119,rock,0,1,0,0,0,0,0,0,0,4,0,0,25,1,Russian,19.wav,data/Emotify\rock\19.wav
119,rock,0,0,0,0,0,0,0,1,0,4,0,1,32,1,Russian,19.wav,data/Emotify\rock\19.wav
119,rock,0,0,0,0,0,1,0,0,0,2,1,0,20,1,German,19.wav,data/Emotify\rock\19.wav
120,rock,0,0,0,0,0,1,0,0,0,4,0,0,44,0,French,20.wav,data/Emotify\rock\20.wav
120,rock,0,0,1,0,0,0,0,0,0,3,0,1,30,0,Russian,20.wav,data/Emotify\rock\20.wav
120,rock,0,0,1,0,0,0,0,0,0,2,0,0,25,0,French,20.wav,data/Emotify\rock\20.wav
120,rock,0,0,0,0,0,1,0,0,0,3,0,1,26,1,French,20.wav,data/Emotify\rock\20.wav
120,rock,0,0,0,1,0,0,0,0,0,4,0,0,13,0,Dutch,20.wav,data/Emotify\rock\20.wav
120,rock,0,0,0,0,0,0,0,1,0,3,0,0,33,0,Russian,20.wav,data/Emotify\rock\20.wav
120,rock,0,0,0,0,0,0,0,0,1,2,0,1,29,0,Russian,20.wav,data/Emotify\rock\20.wav
120,rock,0,0,0,1,0,1,0,0,1,3,1,0,21,0,Russian,20.wav,data/Emotify\rock\20.wav
120,rock,0,0,0,0,0,0,1,0,0,5,0,0,27,0,German,20.wav,data/Emotify\rock\20.wav
120,rock,0,0,0,1,1,0,0,0,0,3,0,0,29,0,Russian,20.wav,data/Emotify\rock\20.wav
120,rock,0,0,1,1,1,0,0,0,0,4,1,0,17,0,Norwegian,20.wav,data/Emotify\rock\20.wav
120,rock,0,0,1,1,0,0,0,0,0,3,1,0,31,0,German,20.wav,data/Emotify\rock\20.wav
120,rock,1,0,1,0,1,0,0,0,0,5,0,0,55,1,German,20.wav,data/Emotify\rock\20.wav
120,rock,0,0,0,1,0,0,1,0,0,4,0,0,20,1,Italian,20.wav,data/Emotify\rock\20.wav
120,rock,0,0,0,1,0,0,0,0,1,3,0,1,31,0,German,20.wav,data/Emotify\rock\20.wav
120,rock,0,0,0,0,0,0,0,1,0,5,0,1,46,1,Dutch,20.wav,data/Emotify\rock\20.wav
120,rock,0,0,0,0,0,0,1,0,0,4,1,0,35,0,Russian,20.wav,data/Emotify\rock\20.wav
120,rock,0,1,0,0,0,0,0,0,0,5,1,0,18,1,Portuguese,20.wav,data/Emotify\rock\20.wav
120,rock,0,1,0,0,0,0,0,1,0,2,1,0,26,1,Chinese,20.wav,data/Emotify\rock\20.wav
120,rock,0,0,0,1,0,0,0,0,0,4,0,0,25,1,Russian,20.wav,data/Emotify\rock\20.wav
120,rock,0,0,0,0,0,1,0,0,0,4,1,0,32,1,Russian,20.wav,data/Emotify\rock\20.wav
120,rock,1,0,0,0,0,0,0,0,0,2,0,0,20,1,German,20.wav,data/Emotify\rock\20.wav
120,rock,0,0,0,0,0,0,0,0,0,3,0,0,74,0,Dutch,20.wav,data/Emotify\rock\20.wav
120,rock,1,0,0,0,0,1,0,0,0,3,1,0,29,1,English,20.wav,data/Emotify\rock\20.wav
120,rock,0,1,0,0,0,0,0,0,0,5,0,0,25,1,Dutch,20.wav,data/Emotify\rock\20.wav
120,rock,0,1,0,1,1,0,0,0,0,4,1,0,43,0,Dutch,20.wav,data/Emotify\rock\20.wav
121,rock,0,0,0,0,0,0,1,0,0,3,1,0,30,0,Russian,21.wav,data/Emotify\rock\21.wav
121,rock,0,0,0,0,0,0,0,0,1,2,0,1,29,0,Russian,21.wav,data/Emotify\rock\21.wav
121,rock,0,0,0,0,0,1,1,0,0,3,1,0,26,1,French,21.wav,data/Emotify\rock\21.wav
121,rock,0,0,0,0,0,0,0,1,0,3,0,1,21,0,Russian,21.wav,data/Emotify\rock\21.wav
121,rock,0,0,0,0,0,1,0,0,0,4,0,1,33,0,English,21.wav,data/Emotify\rock\21.wav
121,rock,0,0,0,0,0,0,1,0,0,5,0,0,27,0,German,21.wav,data/Emotify\rock\21.wav
121,rock,0,0,0,0,0,1,0,1,0,3,1,1,31,0,German,21.wav,data/Emotify\rock\21.wav
121,rock,1,0,0,0,0,0,0,0,0,5,0,0,55,1,German,21.wav,data/Emotify\rock\21.wav
121,rock,0,0,0,0,0,0,0,1,0,2,0,1,26,1,Chinese,21.wav,data/Emotify\rock\21.wav
121,rock,0,0,0,0,0,1,0,1,1,3,0,0,31,0,German,21.wav,data/Emotify\rock\21.wav
121,rock,0,0,0,0,0,1,0,0,0,3,1,0,60,1,English,21.wav,data/Emotify\rock\21.wav
121,rock,1,0,0,0,0,0,0,0,0,4,0,0,25,1,Russian,21.wav,data/Emotify\rock\21.wav
121,rock,0,0,0,0,0,1,0,1,0,2,0,1,25,0,French,21.wav,data/Emotify\rock\21.wav
121,rock,0,0,0,0,0,0,0,1,0,4,0,0,22,1,Russian,21.wav,data/Emotify\rock\21.wav
121,rock,0,0,0,0,0,1,0,1,0,5,0,0,25,1,Dutch,21.wav,data/Emotify\rock\21.wav
121,rock,0,0,0,0,0,1,0,0,0,2,0,0,20,1,German,21.wav,data/Emotify\rock\21.wav
121,rock,0,0,0,0,0,1,0,1,1,4,0,0,21,0,Italian,21.wav,data/Emotify\rock\21.wav
121,rock,0,0,0,0,0,0,0,0,0,3,0,1,74,0,Dutch,21.wav,data/Emotify\rock\21.wav
121,rock,0,0,0,0,0,0,0,1,0,3,1,0,29,1,English,21.wav,data/Emotify\rock\21.wav
121,rock,1,1,0,0,0,1,0,0,0,4,0,0,43,0,Dutch,21.wav,data/Emotify\rock\21.wav
122,rock,0,0,1,1,0,0,0,0,1,4,1,0,21,1,Dutch,22.wav,data/Emotify\rock\22.wav
122,rock,0,0,1,1,1,0,0,0,0,3,1,0,18,1,Dutch,22.wav,data/Emotify\rock\22.wav
122,rock,1,0,0,0,0,0,0,0,0,5,0,0,27,0,German,22.wav,data/Emotify\rock\22.wav
122,rock,0,0,1,1,0,0,0,0,0,3,1,1,31,0,German,22.wav,data/Emotify\rock\22.wav
122,rock,0,1,1,0,0,0,0,0,0,5,0,0,55,1,German,22.wav,data/Emotify\rock\22.wav
122,rock,0,0,0,0,0,0,0,1,0,4,0,1,35,0,Russian,22.wav,data/Emotify\rock\22.wav
122,rock,0,0,1,0,0,0,0,0,0,4,0,0,25,1,Russian,22.wav,data/Emotify\rock\22.wav
122,rock,0,0,1,0,0,0,0,0,0,3,0,0,31,0,German,22.wav,data/Emotify\rock\22.wav
122,rock,1,0,0,1,1,0,0,0,0,3,1,0,60,1,English,22.wav,data/Emotify\rock\22.wav
122,rock,0,0,1,1,0,1,0,0,0,3,1,0,47,0,Dutch,22.wav,data/Emotify\rock\22.wav
122,rock,0,0,0,1,0,1,0,0,0,2,0,1,25,0,French,22.wav,data/Emotify\rock\22.wav
122,rock,0,0,1,0,1,0,0,0,0,4,0,0,22,1,Russian,22.wav,data/Emotify\rock\22.wav
122,rock,0,0,0,0,1,0,0,0,0,2,0,0,20,1,German,22.wav,data/Emotify\rock\22.wav
122,rock,0,0,1,0,0,1,1,0,0,5,1,0,64,0,English,22.wav,data/Emotify\rock\22.wav
122,rock,0,0,0,0,0,0,0,0,0,3,0,1,74,0,Dutch,22.wav,data/Emotify\rock\22.wav
122,rock,1,0,0,0,1,0,0,0,0,3,0,0,26,1,French,22.wav,data/Emotify\rock\22.wav
122,rock,0,1,1,1,0,0,0,0,0,4,1,0,43,0,Dutch,22.wav,data/Emotify\rock\22.wav
122,rock,0,0,0,0,0,0,0,1,0,3,0,1,30,0,Russian,22.wav,data/Emotify\rock\22.wav
122,rock,0,0,1,0,0,0,0,0,0,2,0,1,29,0,Russian,22.wav,data/Emotify\rock\22.wav
123,rock,0,0,0,0,0,0,1,0,0,4,1,0,21,1,Dutch,23.wav,data/Emotify\rock\23.wav
123,rock,0,0,0,0,0,0,1,1,0,3,0,1,18,1,Dutch,23.wav,data/Emotify\rock\23.wav
123,rock,0,0,0,0,0,0,1,0,0,5,0,0,27,0,German,23.wav,data/Emotify\rock\23.wav
123,rock,0,0,0,0,0,0,1,0,0,3,0,1,31,0,German,23.wav,data/Emotify\rock\23.wav
123,rock,0,0,0,1,0,0,1,0,0,5,0,0,55,1,German,23.wav,data/Emotify\rock\23.wav
123,rock,0,0,0,0,0,0,1,0,0,4,0,0,25,1,Russian,23.wav,data/Emotify\rock\23.wav
123,rock,0,0,0,1,0,1,0,0,0,2,0,1,40,1,German,23.wav,data/Emotify\rock\23.wav
123,rock,0,0,0,0,0,0,1,0,0,3,0,0,31,0,German,23.wav,data/Emotify\rock\23.wav
123,rock,0,0,0,0,0,1,1,0,0,3,1,0,60,1,English,23.wav,data/Emotify\rock\23.wav
123,rock,1,0,0,0,0,1,1,0,0,3,0,0,47,0,Dutch,23.wav,data/Emotify\rock\23.wav
123,rock,0,0,0,0,0,0,1,0,0,4,0,0,22,1,Russian,23.wav,data/Emotify\rock\23.wav
123,rock,0,0,0,0,0,1,1,0,0,5,1,0,22,0,English,23.wav,data/Emotify\rock\23.wav
123,rock,0,0,0,0,0,0,1,0,0,5,1,0,64,0,English,23.wav,data/Emotify\rock\23.wav
123,rock,0,0,0,0,0,0,0,1,0,3,0,1,74,0,Dutch,23.wav,data/Emotify\rock\23.wav
123,rock,0,0,0,0,0,0,0,1,0,3,0,1,30,0,Russian,23.wav,data/Emotify\rock\23.wav
123,rock,0,0,0,0,0,0,0,0,1,2,0,1,29,0,Russian,23.wav,data/Emotify\rock\23.wav
123,rock,0,0,0,0,0,0,1,0,0,4,1,0,36,1,Dutch,23.wav,data/Emotify\rock\23.wav
124,rock,1,0,0,0,0,0,0,0,0,4,0,1,21,1,Dutch,24.wav,data/Emotify\rock\24.wav
124,rock,0,1,0,1,0,0,0,0,0,3,0,1,18,1,Dutch,24.wav,data/Emotify\rock\24.wav
124,rock,0,0,0,0,0,0,1,0,0,5,0,0,27,0,German,24.wav,data/Emotify\rock\24.wav
124,rock,0,0,0,0,1,0,0,0,1,5,0,0,55,1,German,24.wav,data/Emotify\rock\24.wav
124,rock,0,0,0,1,0,0,0,0,0,4,0,0,25,1,Russian,24.wav,data/Emotify\rock\24.wav
124,rock,0,0,1,0,1,0,0,0,0,4,1,0,48,0,Dutch,24.wav,data/Emotify\rock\24.wav
124,rock,0,0,0,1,0,0,0,0,0,3,0,0,31,0,German,24.wav,data/Emotify\rock\24.wav
124,rock,0,0,0,1,0,0,0,0,0,3,1,0,60,1,English,24.wav,data/Emotify\rock\24.wav
124,rock,1,0,0,0,0,0,1,0,0,4,0,0,22,1,Russian,24.wav,data/Emotify\rock\24.wav
124,rock,0,0,0,0,0,0,0,1,1,3,0,1,30,0,Russian,24.wav,data/Emotify\rock\24.wav
124,rock,0,0,0,0,1,0,0,0,0,5,0,1,53,1,English,24.wav,data/Emotify\rock\24.wav
124,rock,0,0,0,0,0,1,0,0,0,5,1,0,64,0,English,24.wav,data/Emotify\rock\24.wav
124,rock,0,0,0,0,0,0,0,1,0,3,0,1,74,0,Dutch,24.wav,data/Emotify\rock\24.wav
124,rock,0,0,0,0,0,0,0,0,1,2,0,1,29,0,Russian,24.wav,data/Emotify\rock\24.wav
124,rock,0,0,0,0,0,0,0,1,1,3,0,0,47,0,Dutch,24.wav,data/Emotify\rock\24.wav
124,rock,0,0,0,0,0,0,0,0,1,4,0,1,36,1,Dutch,24.wav,data/Emotify\rock\24.wav
125,rock,0,0,0,0,0,0,1,0,0,4,0,0,27,0,English,25.wav,data/Emotify\rock\25.wav
125,rock,0,0,0,0,0,0,0,0,1,4,0,1,29,1,Russian,25.wav,data/Emotify\rock\25.wav
125,rock,0,0,1,1,0,0,0,0,0,5,0,0,55,1,German,25.wav,data/Emotify\rock\25.wav
125,rock,0,0,0,0,0,1,1,0,0,5,1,0,29,1,Russian,25.wav,data/Emotify\rock\25.wav
125,rock,0,0,0,0,0,0,0,1,0,3,0,0,31,0,German,25.wav,data/Emotify\rock\25.wav
125,rock,0,0,0,1,0,0,0,0,0,3,0,0,60,1,English,25.wav,data/Emotify\rock\25.wav
125,rock,0,0,0,0,0,0,1,0,0,4,0,0,22,1,Russian,25.wav,data/Emotify\rock\25.wav
125,rock,0,0,0,0,0,0,0,0,1,2,0,1,29,0,Russian,25.wav,data/Emotify\rock\25.wav
125,rock,0,0,0,0,0,0,1,0,0,3,1,0,30,0,Russian,25.wav,data/Emotify\rock\25.wav
125,rock,0,1,0,0,0,0,0,0,0,5,0,1,53,1,English,25.wav,data/Emotify\rock\25.wav
125,rock,0,0,0,0,0,0,1,0,0,3,0,1,31,1,Dutch,25.wav,data/Emotify\rock\25.wav
125,rock,0,0,0,0,0,0,0,1,0,3,0,1,74,0,Dutch,25.wav,data/Emotify\rock\25.wav
125,rock,0,0,0,0,0,0,0,1,0,4,0,1,36,1,Dutch,25.wav,data/Emotify\rock\25.wav
125,rock,0,0,0,0,0,0,1,0,0,5,0,0,27,0,German,25.wav,data/Emotify\rock\25.wav
126,rock,1,0,0,0,0,0,1,0,0,5,0,0,55,1,German,26.wav,data/Emotify\rock\26.wav
126,rock,0,1,0,0,0,1,0,0,0,5,1,0,29,1,Russian,26.wav,data/Emotify\rock\26.wav
126,rock,0,0,0,0,0,0,1,0,0,3,0,0,31,0,German,26.wav,data/Emotify\rock\26.wav
126,rock,0,0,0,0,0,0,1,0,0,3,0,1,60,1,English,26.wav,data/Emotify\rock\26.wav
126,rock,0,0,0,0,0,0,1,0,0,4,1,0,36,0,Italian,26.wav,data/Emotify\rock\26.wav
126,rock,0,0,0,0,0,0,1,0,0,4,0,0,22,1,Russian,26.wav,data/Emotify\rock\26.wav
126,rock,0,0,0,0,0,0,1,0,0,4,1,0,46,1,Dutch,26.wav,data/Emotify\rock\26.wav
126,rock,0,1,0,0,0,1,1,0,0,5,1,0,64,0,English,26.wav,data/Emotify\rock\26.wav
126,rock,0,0,0,0,0,0,0,1,0,3,0,1,30,0,Russian,26.wav,data/Emotify\rock\26.wav
126,rock,0,0,0,0,0,1,0,0,0,3,0,1,31,1,Dutch,26.wav,data/Emotify\rock\26.wav
126,rock,0,0,0,0,0,0,0,1,0,3,0,1,74,0,Dutch,26.wav,data/Emotify\rock\26.wav
126,rock,0,0,0,0,0,0,1,0,0,4,0,0,27,0,English,26.wav,data/Emotify\rock\26.wav
126,rock,0,0,0,0,0,0,0,1,0,4,0,1,36,1,Dutch,26.wav,data/Emotify\rock\26.wav
126,rock,0,0,0,0,0,0,1,0,0,5,0,0,27,0,German,26.wav,data/Emotify\rock\26.wav
127,rock,0,0,0,0,0,0,0,1,0,5,0,0,55,1,German,27.wav,data/Emotify\rock\27.wav
127,rock,0,0,0,0,0,0,1,1,1,4,0,1,63,0,Dutch,27.wav,data/Emotify\rock\27.wav
127,rock,0,0,0,0,0,0,0,1,0,3,0,0,31,0,German,27.wav,data/Emotify\rock\27.wav
127,rock,0,0,0,0,0,0,1,1,1,5,0,0,40,1,Dutch,27.wav,data/Emotify\rock\27.wav
127,rock,0,0,0,1,0,0,1,0,0,5,0,0,48,0,German,27.wav,data/Emotify\rock\27.wav
127,rock,0,0,0,0,0,0,1,0,0,4,1,0,27,0,English,27.wav,data/Emotify\rock\27.wav
127,rock,0,0,0,1,0,0,0,0,0,3,1,0,60,1,English,27.wav,data/Emotify\rock\27.wav
127,rock,1,0,0,0,0,1,0,0,0,4,0,0,22,1,Russian,27.wav,data/Emotify\rock\27.wav
127,rock,0,0,0,0,0,1,0,1,0,4,0,1,46,1,Dutch,27.wav,data/Emotify\rock\27.wav
127,rock,0,0,0,0,0,0,0,1,0,3,0,1,30,0,Russian,27.wav,data/Emotify\rock\27.wav
127,rock,0,0,0,1,0,0,0,0,0,3,0,1,31,1,Dutch,27.wav,data/Emotify\rock\27.wav
127,rock,0,0,0,0,0,0,0,1,0,3,0,1,74,0,Dutch,27.wav,data/Emotify\rock\27.wav
127,rock,0,0,0,0,0,0,1,0,0,5,0,0,27,0,German,27.wav,data/Emotify\rock\27.wav
127,rock,1,0,0,0,0,0,0,0,0,4,0,1,36,1,Dutch,27.wav,data/Emotify\rock\27.wav
128,rock,1,1,0,0,0,0,1,0,0,4,1,0,17,0,Dutch,28.wav,data/Emotify\rock\28.wav
128,rock,1,0,0,0,0,0,1,0,0,3,0,0,31,0,German,28.wav,data/Emotify\rock\28.wav
128,rock,0,0,0,0,0,0,0,1,0,5,0,1,14,1,Russian,28.wav,data/Emotify\rock\28.wav
128,rock,0,0,0,1,0,0,1,0,0,4,0,0,41,0,Dutch,28.wav,data/Emotify\rock\28.wav
128,rock,0,0,0,0,0,0,1,0,0,1,0,0,27,0,English,28.wav,data/Emotify\rock\28.wav
128,rock,1,0,0,1,0,0,0,0,0,4,0,0,25,0,English,28.wav,data/Emotify\rock\28.wav
128,rock,0,0,0,0,1,0,0,0,0,3,0,1,60,1,English,28.wav,data/Emotify\rock\28.wav
128,rock,1,0,0,0,0,0,1,0,0,4,1,0,22,1,Russian,28.wav,data/Emotify\rock\28.wav
128,rock,0,0,0,0,0,1,0,0,0,4,1,0,46,1,Dutch,28.wav,data/Emotify\rock\28.wav
128,rock,0,0,0,1,0,1,1,0,0,5,1,0,64,0,English,28.wav,data/Emotify\rock\28.wav
128,rock,0,0,0,1,0,1,1,0,0,5,1,0,64,0,English,28.wav,data/Emotify\rock\28.wav
128,rock,0,0,0,0,0,0,0,0,1,3,0,1,30,0,Russian,28.wav,data/Emotify\rock\28.wav
128,rock,0,0,0,1,0,1,1,0,0,5,1,0,64,0,English,28.wav,data/Emotify\rock\28.wav
128,rock,0,0,0,0,0,0,0,1,0,3,0,1,74,0,Dutch,28.wav,data/Emotify\rock\28.wav
128,rock,1,1,0,0,0,0,1,0,0,3,0,0,26,1,Russian,28.wav,data/Emotify\rock\28.wav
129,rock,0,0,0,0,0,1,1,1,0,4,0,0,49,0,Dutch,29.wav,data/Emotify\rock\29.wav
129,rock,1,0,0,0,1,0,1,0,0,4,1,0,15,0,English,29.wav,data/Emotify\rock\29.wav
129,rock,0,0,0,0,0,1,0,0,0,3,0,0,31,0,German,29.wav,data/Emotify\rock\29.wav
129,rock,1,0,1,0,0,0,1,0,0,3,0,0,17,0,English,29.wav,data/Emotify\rock\29.wav
129,rock,0,1,0,0,0,1,1,0,0,4,1,0,41,0,Dutch,29.wav,data/Emotify\rock\29.wav
129,rock,0,1,0,0,0,1,1,0,0,3,1,0,23,1,Russian,29.wav,data/Emotify\rock\29.wav
129,rock,0,0,0,0,1,0,0,0,0,3,0,0,60,1,English,29.wav,data/Emotify\rock\29.wav
129,rock,1,0,0,0,0,0,0,0,0,4,0,0,22,1,Russian,29.wav,data/Emotify\rock\29.wav
129,rock,0,0,0,0,0,1,1,0,0,4,0,1,46,1,Dutch,29.wav,data/Emotify\rock\29.wav
129,rock,0,0,0,0,0,0,0,1,0,3,0,0,74,0,Dutch,29.wav,data/Emotify\rock\29.wav
129,rock,0,0,0,1,0,0,0,0,0,1,1,0,23,0,Dutch,29.wav,data/Emotify\rock\29.wav
129,rock,0,0,0,0,0,0,1,0,0,3,1,0,30,0,Russian,29.wav,data/Emotify\rock\29.wav
129,rock,1,0,1,0,0,1,0,0,0,3,0,0,26,1,Russian,29.wav,data/Emotify\rock\29.wav
129,rock,0,0,0,0,0,0,1,0,0,3,1,0,41,1,Dutch,29.wav,data/Emotify\rock\29.wav
130,rock,1,0,0,0,0,1,0,0,0,4,0,0,51,0,English,30.wav,data/Emotify\rock\30.wav
130,rock,0,1,0,1,0,0,0,0,0,3,0,0,31,0,German,30.wav,data/Emotify\rock\30.wav
130,rock,0,1,0,0,1,0,0,0,1,3,0,0,17,0,English,30.wav,data/Emotify\rock\30.wav
130,rock,0,1,0,0,0,1,0,1,0,4,1,0,41,0,Dutch,30.wav,data/Emotify\rock\30.wav
130,rock,0,1,0,0,0,0,1,0,0,3,0,0,60,1,English,30.wav,data/Emotify\rock\30.wav
130,rock,0,0,0,0,0,0,0,1,0,4,0,0,22,1,Russian,30.wav,data/Emotify\rock\30.wav
130,rock,0,0,0,0,0,0,0,1,0,3,0,0,74,0,Dutch,30.wav,data/Emotify\rock\30.wav
130,rock,0,1,0,0,0,0,1,0,0,3,0,0,51,0,English,30.wav,data/Emotify\rock\30.wav
130,rock,0,0,0,0,1,0,0,1,1,3,0,1,26,1,Russian,30.wav,data/Emotify\rock\30.wav
130,rock,1,0,0,0,0,1,0,1,0,3,1,0,26,1,Russian,30.wav,data/Emotify\rock\30.wav
130,rock,1,0,0,0,0,1,0,1,0,4,0,0,49,0,Dutch,30.wav,data/Emotify\rock\30.wav
130,rock,1,0,0,0,0,1,1,0,0,4,1,0,45,0,Dutch,30.wav,data/Emotify\rock\30.wav
130,rock,1,0,0,0,0,0,0,0,0,3,0,0,41,1,Dutch,30.wav,data/Emotify\rock\30.wav
130,rock,0,1,0,0,0,1,0,0,0,4,0,0,25,1,Dutch,30.wav,data/Emotify\rock\30.wav
131,rock,0,1,0,0,0,0,0,1,1,4,0,0,41,0,Dutch,31.wav,data/Emotify\rock\31.wav
131,rock,0,0,0,0,1,0,0,1,1,3,0,0,35,0,Dutch,31.wav,data/Emotify\rock\31.wav
131,rock,0,0,0,0,0,0,0,0,1,4,0,1,30,0,Slovenian,31.wav,data/Emotify\rock\31.wav
131,rock,0,0,0,0,0,0,0,0,1,3,0,0,60,1,English,31.wav,data/Emotify\rock\31.wav
131,rock,0,0,0,0,0,1,0,0,0,4,0,0,23,1,German,31.wav,data/Emotify\rock\31.wav
131,rock,0,0,0,0,0,0,0,1,0,3,0,1,74,0,Dutch,31.wav,data/Emotify\rock\31.wav
131,rock,0,0,1,0,0,0,0,0,1,3,0,0,51,0,English,31.wav,data/Emotify\rock\31.wav
131,rock,0,0,0,1,0,0,0,1,1,3,0,0,26,1,Russian,31.wav,data/Emotify\rock\31.wav
131,rock,0,1,0,0,0,0,0,1,1,4,0,0,45,0,Dutch,31.wav,data/Emotify\rock\31.wav
131,rock,0,0,0,0,0,1,0,0,1,2,0,1,17,0,Dutch,31.wav,data/Emotify\rock\31.wav
131,rock,0,0,0,0,0,0,0,0,1,3,0,1,41,1,Dutch,31.wav,data/Emotify\rock\31.wav
131,rock,0,0,1,1,0,0,0,0,1,4,0,0,25,1,Dutch,31.wav,data/Emotify\rock\31.wav
131,rock,0,0,0,1,0,0,0,0,1,3,0,0,31,0,German,31.wav,data/Emotify\rock\31.wav
131,rock,0,0,0,1,0,0,0,0,1,4,1,0,46,1,Dutch,31.wav,data/Emotify\rock\31.wav
132,rock,0,0,0,1,0,0,0,0,0,4,0,1,30,0,Slovenian,32.wav,data/Emotify\rock\32.wav
132,rock,0,0,0,0,0,0,1,0,0,3,0,1,60,1,English,32.wav,data/Emotify\rock\32.wav
132,rock,0,0,0,0,0,0,1,0,0,3,0,1,38,0,English,32.wav,data/Emotify\rock\32.wav
132,rock,0,0,0,0,0,0,0,0,0,3,0,1,74,0,Dutch,32.wav,data/Emotify\rock\32.wav
132,rock,1,0,0,0,0,1,0,0,1,4,0,0,45,0,Dutch,32.wav,data/Emotify\rock\32.wav
132,rock,0,0,0,1,0,0,0,0,1,4,0,0,36,0,Italian,32.wav,data/Emotify\rock\32.wav
132,rock,0,0,0,0,0,0,0,1,0,5,0,1,14,1,Russian,32.wav,data/Emotify\rock\32.wav
132,rock,0,0,1,1,0,0,0,0,0,2,1,0,40,0,Dutch,32.wav,data/Emotify\rock\32.wav
132,rock,0,0,1,0,0,0,1,0,0,5,1,0,23,0,English,32.wav,data/Emotify\rock\32.wav
132,rock,0,0,0,0,1,0,0,0,0,3,0,1,15,1,Russian,32.wav,data/Emotify\rock\32.wav
132,rock,1,0,0,0,0,0,1,0,1,3,0,0,26,1,Russian,32.wav,data/Emotify\rock\32.wav
132,rock,0,0,0,1,1,0,0,0,0,4,0,0,25,1,Dutch,32.wav,data/Emotify\rock\32.wav
132,rock,0,0,0,1,0,0,1,0,0,3,0,0,41,1,Dutch,32.wav,data/Emotify\rock\32.wav
132,rock,0,0,1,0,0,0,1,1,0,4,0,1,41,0,Dutch,32.wav,data/Emotify\rock\32.wav
133,rock,0,0,0,1,1,0,0,0,1,3,1,0,17,1,Russian,33.wav,data/Emotify\rock\33.wav
133,rock,0,0,0,1,1,0,0,0,1,4,1,0,62,0,Estonian,33.wav,data/Emotify\rock\33.wav
133,rock,0,0,1,0,1,0,0,0,0,3,0,0,60,1,English,33.wav,data/Emotify\rock\33.wav
133,rock,0,0,0,0,1,0,0,0,0,2,1,0,20,1,Russian,33.wav,data/Emotify\rock\33.wav
133,rock,0,0,1,0,1,1,0,0,0,4,0,0,45,0,Dutch,33.wav,data/Emotify\rock\33.wav
133,rock,0,0,0,1,0,0,0,0,0,3,1,0,74,0,Dutch,33.wav,data/Emotify\rock\33.wav
133,rock,1,1,0,0,1,0,0,0,0,2,1,0,40,0,Dutch,33.wav,data/Emotify\rock\33.wav
133,rock,0,1,0,0,1,0,0,0,1,1,0,0,27,0,English,33.wav,data/Emotify\rock\33.wav
133,rock,0,0,1,1,0,1,0,0,0,3,0,0,29,0,Russian,33.wav,data/Emotify\rock\33.wav
133,rock,0,0,1,1,0,0,0,0,1,3,0,0,26,1,Russian,33.wav,data/Emotify\rock\33.wav
133,rock,0,1,0,0,0,0,0,0,0,3,0,1,41,1,Dutch,33.wav,data/Emotify\rock\33.wav
133,rock,0,0,0,0,1,0,0,0,0,4,1,0,46,1,Dutch,33.wav,data/Emotify\rock\33.wav
133,rock,0,0,0,0,1,0,0,0,0,4,0,0,37,1,German,33.wav,data/Emotify\rock\33.wav
133,rock,0,0,0,0,0,0,0,0,1,4,0,1,30,0,Slovenian,33.wav,data/Emotify\rock\33.wav
134,rock,0,0,0,1,0,0,0,0,0,2,0,1,20,1,Russian,34.wav,data/Emotify\rock\34.wav
134,rock,0,0,1,0,1,0,0,0,0,3,0,0,32,0,English,34.wav,data/Emotify\rock\34.wav
134,rock,0,0,0,0,1,1,0,0,0,3,0,0,60,1,English,34.wav,data/Emotify\rock\34.wav
134,rock,0,0,0,0,0,0,0,1,0,3,0,0,74,0,Dutch,34.wav,data/Emotify\rock\34.wav
134,rock,0,1,0,0,0,0,0,0,1,1,0,0,27,0,English,34.wav,data/Emotify\rock\34.wav
134,rock,0,1,0,0,0,0,0,0,1,4,0,0,30,1,Russian,34.wav,data/Emotify\rock\34.wav
134,rock,0,1,0,0,0,0,0,0,0,1,0,0,25,0,Russian,34.wav,data/Emotify\rock\34.wav
134,rock,0,0,0,0,1,0,0,0,0,3,0,0,23,0,Russian,34.wav,data/Emotify\rock\34.wav
134,rock,0,0,1,0,0,0,0,0,1,3,1,0,26,1,Russian,34.wav,data/Emotify\rock\34.wav
134,rock,0,0,0,1,0,1,0,0,1,4,0,0,37,1,German,34.wav,data/Emotify\rock\34.wav
134,rock,0,0,1,0,0,0,0,0,0,4,0,1,46,1,Dutch,34.wav,data/Emotify\rock\34.wav
134,rock,0,0,1,0,0,0,0,0,0,3,1,0,41,1,Dutch,34.wav,data/Emotify\rock\34.wav
134,rock,0,0,1,1,0,0,0,0,0,4,0,0,21,0,English,34.wav,data/Emotify\rock\34.wav
134,rock,0,0,1,1,1,0,0,0,0,3,1,0,45,1,Polish,34.wav,data/Emotify\rock\34.wav
134,rock,0,0,0,0,1,0,1,1,0,3,1,0,17,1,Russian,34.wav,data/Emotify\rock\34.wav
135,rock,0,0,0,0,0,0,0,1,1,5,1,0,41,1,Russian,35.wav,data/Emotify\rock\35.wav
135,rock,0,0,0,0,1,0,0,0,0,4,0,0,30,1,Russian,35.wav,data/Emotify\rock\35.wav
135,rock,0,1,1,0,0,0,0,0,0,1,0,0,25,0,Russian,35.wav,data/Emotify\rock\35.wav
135,rock,0,0,0,0,1,0,0,0,0,3,1,0,23,0,Russian,35.wav,data/Emotify\rock\35.wav
135,rock,0,0,0,1,0,0,0,0,1,5,1,0,37,0,Arabic,35.wav,data/Emotify\rock\35.wav
135,rock,1,0,0,0,1,0,0,0,0,4,1,1,18,0,English,35.wav,data/Emotify\rock\35.wav
135,rock,0,0,1,1,1,0,0,0,0,4,1,0,41,0,Dutch,35.wav,data/Emotify\rock\35.wav
135,rock,0,0,0,0,0,1,1,0,1,3,1,0,51,0,English,35.wav,data/Emotify\rock\35.wav
135,rock,0,0,0,0,1,0,0,0,0,3,1,0,41,1,Dutch,35.wav,data/Emotify\rock\35.wav
135,rock,0,0,1,0,1,0,0,0,0,4,0,1,17,0,English,35.wav,data/Emotify\rock\35.wav
135,rock,0,0,1,0,0,0,0,0,0,4,0,0,21,0,English,35.wav,data/Emotify\rock\35.wav
135,rock,0,0,0,0,0,0,0,1,0,3,0,1,45,1,Polish,35.wav,data/Emotify\rock\35.wav
135,rock,0,0,0,0,0,1,1,1,0,3,0,0,17,1,Russian,35.wav,data/Emotify\rock\35.wav
135,rock,0,0,0,0,0,1,1,1,0,3,0,1,38,0,English,35.wav,data/Emotify\rock\35.wav
136,rock,0,0,0,1,0,0,0,1,1,5,0,0,41,1,Russian,36.wav,data/Emotify\rock\36.wav
136,rock,0,0,0,0,0,1,1,0,0,5,1,0,23,1,Russian,36.wav,data/Emotify\rock\36.wav
136,rock,0,0,0,1,0,0,1,0,0,3,0,0,35,1,English,36.wav,data/Emotify\rock\36.wav
136,rock,0,0,0,0,0,1,0,1,0,4,0,0,30,1,Russian,36.wav,data/Emotify\rock\36.wav
136,rock,0,0,0,0,0,1,0,0,0,1,0,0,25,0,Russian,36.wav,data/Emotify\rock\36.wav
136,rock,0,0,0,0,0,0,1,0,0,4,0,1,37,0,French,36.wav,data/Emotify\rock\36.wav
136,rock,0,0,1,1,1,0,0,0,0,4,0,1,16,1,Russian,36.wav,data/Emotify\rock\36.wav
136,rock,0,1,0,0,0,0,1,1,0,3,0,0,51,0,English,36.wav,data/Emotify\rock\36.wav
136,rock,1,0,0,0,0,0,1,0,0,3,0,0,41,1,Dutch,36.wav,data/Emotify\rock\36.wav
136,rock,0,0,0,0,0,1,0,0,0,4,0,1,46,1,Dutch,36.wav,data/Emotify\rock\36.wav
136,rock,0,0,0,0,0,0,0,1,0,4,0,0,17,0,English,36.wav,data/Emotify\rock\36.wav
136,rock,0,0,0,0,0,1,0,0,0,4,0,0,21,0,English,36.wav,data/Emotify\rock\36.wav
136,rock,0,1,0,0,0,1,0,1,0,3,0,0,17,1,Russian,36.wav,data/Emotify\rock\36.wav
136,rock,0,0,0,0,0,1,0,1,0,3,1,0,45,1,Polish,36.wav,data/Emotify\rock\36.wav
137,rock,0,0,0,1,0,0,0,0,0,4,0,0,27,1,English,37.wav,data/Emotify\rock\37.wav
137,rock,0,0,0,0,0,0,1,0,0,4,0,0,34,0,English,37.wav,data/Emotify\rock\37.wav
137,rock,0,0,0,1,0,1,1,0,0,2,1,0,16,1,Chinese,37.wav,data/Emotify\rock\37.wav
137,rock,0,0,0,0,0,0,0,1,0,3,0,1,31,0,Spanish,37.wav,data/Emotify\rock\37.wav
137,rock,1,0,0,0,0,0,0,0,0,4,0,0,30,1,Russian,37.wav,data/Emotify\rock\37.wav
137,rock,0,0,0,0,0,0,0,0,0,1,0,0,23,0,Dutch,37.wav,data/Emotify\rock\37.wav
137,rock,0,0,1,0,0,1,1,0,0,3,0,0,39,0,English,37.wav,data/Emotify\rock\37.wav
137,rock,1,0,0,0,0,1,1,0,0,3,1,0,22,1,English,37.wav,data/Emotify\rock\37.wav
137,rock,0,0,0,0,0,1,0,0,0,3,1,0,24,1,Estonian,37.wav,data/Emotify\rock\37.wav
137,rock,0,0,0,0,0,1,0,0,0,3,0,0,41,1,Dutch,37.wav,data/Emotify\rock\37.wav
137,rock,0,0,0,0,0,1,1,1,0,3,1,0,17,1,Russian,37.wav,data/Emotify\rock\37.wav
137,rock,0,0,0,0,0,0,0,1,0,3,0,1,45,1,Polish,37.wav,data/Emotify\rock\37.wav
137,rock,0,0,0,0,0,1,1,1,0,4,1,0,64,0,English,37.wav,data/Emotify\rock\37.wav
137,rock,0,0,0,0,0,0,1,1,1,3,0,0,20,1,Russian,37.wav,data/Emotify\rock\37.wav
138,rock,0,0,0,0,0,1,1,0,0,4,0,0,41,0,English,38.wav,data/Emotify\rock\38.wav
138,rock,1,0,0,0,0,1,0,1,0,4,0,0,22,0,Estonian,38.wav,data/Emotify\rock\38.wav
138,rock,0,0,0,0,0,1,0,0,0,3,0,0,58,0,Dutch,38.wav,data/Emotify\rock\38.wav
138,rock,0,0,0,0,0,1,1,0,0,3,0,0,23,1,Russian,38.wav,data/Emotify\rock\38.wav
138,rock,0,0,0,0,0,1,1,1,0,3,1,0,31,0,Dutch,38.wav,data/Emotify\rock\38.wav
138,rock,0,0,0,0,0,0,1,0,0,4,1,0,36,1,English,38.wav,data/Emotify\rock\38.wav
138,rock,0,0,0,0,0,1,0,0,0,4,0,0,30,1,Russian,38.wav,data/Emotify\rock\38.wav
138,rock,1,0,0,0,0,1,1,0,0,3,1,0,24,1,Estonian,38.wav,data/Emotify\rock\38.wav
138,rock,0,0,0,0,1,0,0,0,0,4,0,0,62,0,Estonian,38.wav,data/Emotify\rock\38.wav
138,rock,0,0,0,0,0,0,1,0,0,3,0,0,27,1,Chinese,38.wav,data/Emotify\rock\38.wav
138,rock,0,0,0,0,0,0,0,0,1,3,0,0,41,1,Dutch,38.wav,data/Emotify\rock\38.wav
138,rock,0,0,0,1,1,0,1,0,0,3,1,0,17,1,Russian,38.wav,data/Emotify\rock\38.wav
138,rock,0,0,0,0,0,0,1,0,0,3,1,0,45,1,Polish,38.wav,data/Emotify\rock\38.wav
138,rock,0,0,0,0,0,0,1,0,0,3,1,0,38,0,Danish,38.wav,data/Emotify\rock\38.wav
139,rock,1,0,0,1,0,1,0,0,0,3,1,0,38,0,English,39.wav,data/Emotify\rock\39.wav
139,rock,0,1,0,1,0,0,0,0,1,4,0,0,22,1,Croatian,39.wav,data/Emotify\rock\39.wav
139,rock,0,0,0,0,0,1,0,0,1,4,1,0,62,0,Estonian,39.wav,data/Emotify\rock\39.wav
139,rock,0,0,1,1,0,0,0,0,1,3,1,0,24,1,Estonian,39.wav,data/Emotify\rock\39.wav
139,rock,0,0,0,0,0,1,0,0,0,3,0,0,27,1,Chinese,39.wav,data/Emotify\rock\39.wav
139,rock,1,0,0,0,0,1,0,0,0,3,1,0,41,1,Dutch,39.wav,data/Emotify\rock\39.wav
139,rock,1,0,0,0,0,1,0,1,0,3,0,1,17,1,Russian,39.wav,data/Emotify\rock\39.wav
139,rock,0,0,0,0,0,0,0,1,0,3,0,1,25,1,Russian,39.wav,data/Emotify\rock\39.wav
139,rock,0,0,0,0,0,1,0,0,0,3,1,0,45,1,Polish,39.wav,data/Emotify\rock\39.wav
139,rock,0,1,0,0,0,0,0,1,1,5,0,1,39,0,Spanish,39.wav,data/Emotify\rock\39.wav
139,rock,0,0,0,1,0,1,0,0,0,4,0,0,33,0,Hungarian,39.wav,data/Emotify\rock\39.wav
139,rock,0,0,0,0,0,1,1,1,0,2,0,0,18,0,Hungarian,39.wav,data/Emotify\rock\39.wav
139,rock,0,0,0,0,0,1,0,1,0,5,0,0,25,1,Russian,39.wav,data/Emotify\rock\39.wav
139,rock,0,0,0,0,0,1,0,0,1,3,1,0,31,0,Dutch,39.wav,data/Emotify\rock\39.wav
140,rock,0,0,0,0,0,1,1,0,0,3,1,0,38,0,English,40.wav,data/Emotify\rock\40.wav
140,rock,1,0,0,0,0,1,0,1,0,5,0,1,55,1,English,40.wav,data/Emotify\rock\40.wav
140,rock,0,0,0,0,0,0,1,0,0,3,0,0,24,0,Estonian,40.wav,data/Emotify\rock\40.wav
140,rock,0,0,0,0,0,1,0,0,0,3,0,0,24,1,Estonian,40.wav,data/Emotify\rock\40.wav
140,rock,1,0,0,1,0,0,1,0,0,3,0,0,29,0,Russian,40.wav,data/Emotify\rock\40.wav
140,rock,0,0,0,1,0,0,1,0,0,4,0,0,34,0,English,40.wav,data/Emotify\rock\40.wav
140,rock,0,0,0,0,0,0,1,0,0,3,0,1,25,1,Russian,40.wav,data/Emotify\rock\40.wav
140,rock,0,0,0,0,0,0,0,1,0,4,0,1,43,0,Dutch,40.wav,data/Emotify\rock\40.wav
140,rock,1,0,0,0,0,1,0,0,0,4,1,0,33,0,Hungarian,40.wav,data/Emotify\rock\40.wav
140,rock,1,0,0,0,1,0,1,0,0,3,1,0,22,1,English,40.wav,data/Emotify\rock\40.wav
140,rock,0,0,1,1,0,0,1,0,0,4,1,0,28,0,Dutch,40.wav,data/Emotify\rock\40.wav
140,rock,0,0,0,0,0,1,0,1,0,3,1,0,21,0,Dutch,40.wav,data/Emotify\rock\40.wav
140,rock,0,0,0,0,0,1,1,0,0,5,1,0,23,1,Russian,40.wav,data/Emotify\rock\40.wav
141,rock,0,0,0,0,0,0,0,0,0,4,0,1,62,0,Estonian,41.wav,data/Emotify\rock\41.wav
141,rock,0,0,0,0,0,0,0,0,1,2,0,0,32,0,Dutch,41.wav,data/Emotify\rock\41.wav
141,rock,0,0,0,0,0,0,0,1,1,4,0,1,30,0,Slovenian,41.wav,data/Emotify\rock\41.wav
141,rock,0,0,0,0,0,0,1,0,0,3,0,1,62,0,Dutch,41.wav,data/Emotify\rock\41.wav
141,rock,1,0,0,1,0,1,0,0,0,3,0,0,17,1,Russian,41.wav,data/Emotify\rock\41.wav
141,rock,0,0,0,0,0,1,0,0,0,5,1,0,14,1,Russian,41.wav,data/Emotify\rock\41.wav
141,rock,0,0,0,1,0,0,0,0,0,3,0,0,45,1,Polish,41.wav,data/Emotify\rock\41.wav
141,rock,0,1,0,0,1,1,0,0,0,4,1,0,28,0,Dutch,41.wav,data/Emotify\rock\41.wav
141,rock,0,0,0,0,0,0,0,0,1,3,1,0,21,0,Dutch,41.wav,data/Emotify\rock\41.wav
141,rock,0,0,0,0,0,0,0,0,1,3,0,0,30,0,Russian,41.wav,data/Emotify\rock\41.wav
141,rock,0,1,0,1,0,0,0,0,1,5,1,0,25,1,Russian,41.wav,data/Emotify\rock\41.wav
141,rock,0,0,0,0,0,0,0,1,1,3,1,0,31,0,Dutch,41.wav,data/Emotify\rock\41.wav
141,rock,1,0,0,0,0,0,0,0,0,3,0,0,35,0,Dutch,41.wav,data/Emotify\rock\41.wav
141,rock,0,0,0,1,0,0,0,1,1,3,0,0,21,1,English,41.wav,data/Emotify\rock\41.wav
142,rock,0,0,0,0,0,0,0,1,0,4,0,1,47,0,Russian,42.wav,data/Emotify\rock\42.wav
142,rock,0,0,0,0,0,0,0,1,0,3,0,1,62,0,Dutch,42.wav,data/Emotify\rock\42.wav
142,rock,0,0,0,0,0,0,0,0,1,2,1,0,32,0,Dutch,42.wav,data/Emotify\rock\42.wav
142,rock,0,0,1,1,1,0,0,0,0,3,1,0,17,1,Russian,42.wav,data/Emotify\rock\42.wav
142,rock,0,0,0,0,0,1,0,0,0,1,0,0,27,0,English,42.wav,data/Emotify\rock\42.wav
142,rock,0,1,1,0,1,0,0,0,0,3,0,1,17,1,English,42.wav,data/Emotify\rock\42.wav
142,rock,0,0,0,0,1,0,0,1,0,3,0,0,30,0,Russian,42.wav,data/Emotify\rock\42.wav
142,rock,0,0,0,0,0,0,0,1,1,4,1,0,25,0,English,42.wav,data/Emotify\rock\42.wav
142,rock,0,0,0,0,0,0,0,0,1,3,0,1,45,1,Polish,42.wav,data/Emotify\rock\42.wav
142,rock,0,1,0,1,1,0,0,0,0,5,1,0,18,0,Russian,42.wav,data/Emotify\rock\42.wav
142,rock,0,1,0,0,0,1,0,1,0,4,1,0,28,0,Dutch,42.wav,data/Emotify\rock\42.wav
142,rock,0,0,0,1,1,0,0,0,1,3,1,0,21,0,Dutch,42.wav,data/Emotify\rock\42.wav
142,rock,0,0,0,0,0,0,0,0,1,2,1,0,30,0,Greek,42.wav,data/Emotify\rock\42.wav
142,rock,0,0,0,0,0,0,0,0,1,5,1,0,25,1,Russian,42.wav,data/Emotify\rock\42.wav
142,rock,0,0,0,0,0,0,0,0,1,3,0,1,31,0,Dutch,42.wav,data/Emotify\rock\42.wav
143,rock,1,0,0,0,0,0,0,1,0,3,0,1,62,0,Dutch,43.wav,data/Emotify\rock\43.wav
143,rock,0,0,0,0,1,0,1,0,0,3,0,0,30,0,Russian,43.wav,data/Emotify\rock\43.wav
143,rock,0,0,0,0,1,0,0,0,1,2,0,1,32,0,Dutch,43.wav,data/Emotify\rock\43.wav
143,rock,0,0,1,0,1,1,0,0,0,4,1,0,43,0,Dutch,43.wav,data/Emotify\rock\43.wav
143,rock,0,0,0,1,1,0,1,0,0,3,0,0,17,1,Russian,43.wav,data/Emotify\rock\43.wav
143,rock,0,0,0,0,1,0,0,0,0,4,0,0,27,1,Russian,43.wav,data/Emotify\rock\43.wav
143,rock,0,0,1,0,0,1,0,0,0,4,0,0,27,1,English,43.wav,data/Emotify\rock\43.wav
143,rock,0,0,0,0,0,1,1,0,0,5,0,0,53,0,English,43.wav,data/Emotify\rock\43.wav
143,rock,0,0,0,0,0,0,0,1,0,3,0,1,45,1,Polish,43.wav,data/Emotify\rock\43.wav
143,rock,1,1,0,0,1,0,0,0,0,4,0,0,28,0,Dutch,43.wav,data/Emotify\rock\43.wav
143,rock,0,1,0,1,0,0,1,0,0,1,0,0,27,0,English,43.wav,data/Emotify\rock\43.wav
143,rock,0,0,0,0,0,0,0,0,1,3,0,1,31,0,Dutch,43.wav,data/Emotify\rock\43.wav
143,rock,0,0,0,0,1,0,0,0,0,5,0,0,25,1,Russian,43.wav,data/Emotify\rock\43.wav
143,rock,0,1,0,1,1,0,0,0,0,3,1,0,21,1,English,43.wav,data/Emotify\rock\43.wav
144,rock,0,0,0,0,1,0,0,0,0,4,0,0,27,1,Russian,44.wav,data/Emotify\rock\44.wav
144,rock,1,0,0,0,0,1,0,1,0,4,0,1,43,0,Dutch,44.wav,data/Emotify\rock\44.wav
144,rock,0,0,0,0,0,0,1,0,0,3,1,0,30,0,Spanish,44.wav,data/Emotify\rock\44.wav
144,rock,0,1,0,0,0,1,1,0,0,4,1,0,32,1,Dutch,44.wav,data/Emotify\rock\44.wav
144,rock,0,0,0,0,0,1,1,0,0,5,0,0,53,0,English,44.wav,data/Emotify\rock\44.wav
144,rock,1,0,0,0,0,0,1,0,0,5,0,0,25,1,Russian,44.wav,data/Emotify\rock\44.wav
144,rock,1,0,0,0,1,0,1,0,0,4,1,0,17,0,Dutch,44.wav,data/Emotify\rock\44.wav
144,rock,0,0,0,0,0,1,1,1,0,4,1,0,28,0,Dutch,44.wav,data/Emotify\rock\44.wav
144,rock,0,0,0,0,0,0,0,1,0,4,0,1,47,0,Russian,44.wav,data/Emotify\rock\44.wav
144,rock,0,0,0,0,0,0,1,1,0,5,0,1,14,1,English,44.wav,data/Emotify\rock\44.wav
144,rock,0,0,0,0,0,0,1,0,0,2,0,0,47,1,English,44.wav,data/Emotify\rock\44.wav
144,rock,1,0,0,0,0,0,1,0,0,5,0,0,25,1,Russian,44.wav,data/Emotify\rock\44.wav
144,rock,0,0,0,0,0,0,0,1,0,3,0,1,16,0,English,44.wav,data/Emotify\rock\44.wav
144,rock,0,0,0,0,0,0,0,1,0,3,0,0,62,0,Dutch,44.wav,data/Emotify\rock\44.wav
145,rock,0,0,0,0,0,0,0,0,1,2,0,1,30,0,Dutch,45.wav,data/Emotify\rock\45.wav
145,rock,0,0,0,0,0,0,0,0,1,2,0,1,32,0,Greek,45.wav,data/Emotify\rock\45.wav
145,rock,0,0,0,0,1,0,0,0,1,4,0,0,33,1,Greek,45.wav,data/Emotify\rock\45.wav
145,rock,0,0,0,0,1,0,0,0,0,4,0,0,37,0,English,45.wav,data/Emotify\rock\45.wav
145,rock,0,0,0,1,1,0,0,0,0,4,0,0,25,1,Estonian,45.wav,data/Emotify\rock\45.wav
145,rock,0,0,0,1,1,1,0,0,0,5,1,0,28,1,English,45.wav,data/Emotify\rock\45.wav
145,rock,0,0,0,1,1,0,0,0,0,4,0,0,25,1,Russian,45.wav,data/Emotify\rock\45.wav
145,rock,0,0,0,1,1,0,0,0,1,4,0,0,47,0,Italian,45.wav,data/Emotify\rock\45.wav
145,rock,0,0,0,0,1,0,0,0,0,3,1,0,51,0,Dutch,45.wav,data/Emotify\rock\45.wav
145,rock,0,0,1,1,1,0,0,0,0,3,1,0,22,1,Estonian,45.wav,data/Emotify\rock\45.wav
145,rock,0,0,0,1,0,0,0,0,0,2,1,0,16,1,Ucrainian,45.wav,data/Emotify\rock\45.wav
145,rock,0,0,1,0,0,0,0,1,1,4,0,0,25,1,Dutch,45.wav,data/Emotify\rock\45.wav
145,rock,0,0,1,1,0,0,0,0,0,4,1,0,43,0,Dutch,45.wav,data/Emotify\rock\45.wav
145,rock,0,0,0,1,1,0,0,0,0,4,0,0,25,1,Russian,45.wav,data/Emotify\rock\45.wav
146,rock,0,1,0,0,0,1,1,0,0,5,1,0,28,1,English,46.wav,data/Emotify\rock\46.wav
146,rock,0,0,0,0,0,0,0,0,1,4,1,0,36,1,English,46.wav,data/Emotify\rock\46.wav
146,rock,1,0,0,1,0,0,0,0,1,4,1,0,29,0,Russian,46.wav,data/Emotify\rock\46.wav
146,rock,0,0,1,0,1,0,0,0,1,4,1,0,27,1,German,46.wav,data/Emotify\rock\46.wav
146,rock,1,0,0,1,0,0,0,0,0,5,0,0,25,1,Russian,46.wav,data/Emotify\rock\46.wav
146,rock,0,0,0,0,1,0,0,0,1,2,0,0,38,0,Dutch,46.wav,data/Emotify\rock\46.wav
146,rock,0,0,0,0,0,0,1,0,0,3,1,0,51,0,Dutch,46.wav,data/Emotify\rock\46.wav
146,rock,0,0,1,1,0,0,1,0,0,3,1,0,26,1,Russian,46.wav,data/Emotify\rock\46.wav
146,rock,0,1,0,0,0,0,0,0,0,4,0,0,47,0,Russian,46.wav,data/Emotify\rock\46.wav
146,rock,0,0,0,1,1,0,0,0,0,3,1,0,38,0,Danish,46.wav,data/Emotify\rock\46.wav
146,rock,0,1,1,0,0,1,0,0,0,3,0,1,25,1,Swedish,46.wav,data/Emotify\rock\46.wav
146,rock,0,0,1,0,0,0,0,0,0,2,1,0,16,1,Ucrainian,46.wav,data/Emotify\rock\46.wav
146,rock,0,1,0,0,0,0,0,1,1,4,1,0,43,0,Dutch,46.wav,data/Emotify\rock\46.wav
146,rock,1,0,0,1,1,0,0,0,0,3,1,0,20,1,Russian,46.wav,data/Emotify\rock\46.wav
147,rock,0,0,0,0,0,1,1,0,0,3,0,0,35,0,Dutch,47.wav,data/Emotify\rock\47.wav
147,rock,1,0,0,0,0,0,1,0,0,3,1,0,31,0,Spanish,47.wav,data/Emotify\rock\47.wav
147,rock,0,0,1,1,1,0,0,0,0,4,1,0,22,0,Estonian,47.wav,data/Emotify\rock\47.wav
147,rock,0,0,0,0,0,0,0,1,0,4,0,1,47,0,Russian,47.wav,data/Emotify\rock\47.wav
147,rock,0,0,0,1,1,0,0,0,0,2,1,0,38,0,Dutch,47.wav,data/Emotify\rock\47.wav
147,rock,0,0,1,0,1,0,1,0,0,3,1,0,22,1,English,47.wav,data/Emotify\rock\47.wav
147,rock,1,0,0,1,1,0,0,0,0,3,1,0,42,0,English,47.wav,data/Emotify\rock\47.wav
147,rock,0,0,0,0,0,0,0,1,0,3,0,1,25,1,Swedish,47.wav,data/Emotify\rock\47.wav
147,rock,0,0,0,1,0,1,0,0,1,4,0,0,43,0,Dutch,47.wav,data/Emotify\rock\47.wav
147,rock,0,0,0,0,0,0,1,0,0,2,1,0,16,1,Ucrainian,47.wav,data/Emotify\rock\47.wav
147,rock,0,0,0,1,1,0,0,0,1,4,0,0,30,0,Slovenian,47.wav,data/Emotify\rock\47.wav
147,rock,0,0,0,0,0,0,0,0,1,4,0,0,22,1,Croatian,47.wav,data/Emotify\rock\47.wav
147,rock,0,0,0,1,0,0,0,0,1,1,1,0,25,1,Russian,47.wav,data/Emotify\rock\47.wav
147,rock,0,1,0,1,1,0,0,0,0,4,1,0,26,0,English,47.wav,data/Emotify\rock\47.wav
148,rock,1,0,0,0,0,0,1,0,0,4,1,0,27,1,German,48.wav,data/Emotify\rock\48.wav
148,rock,0,0,0,0,1,0,0,0,0,3,1,0,61,1,Dutch,48.wav,data/Emotify\rock\48.wav
148,rock,0,0,0,1,0,0,0,0,0,4,0,0,47,0,Russian,48.wav,data/Emotify\rock\48.wav
148,rock,1,0,0,0,0,0,1,0,0,3,1,0,23,0,French,48.wav,data/Emotify\rock\48.wav
148,rock,0,0,0,0,1,0,1,0,0,2,0,0,38,0,Dutch,48.wav,data/Emotify\rock\48.wav
148,rock,0,0,1,1,0,0,1,0,0,4,0,0,32,0,Dutch,48.wav,data/Emotify\rock\48.wav
148,rock,0,0,0,1,0,0,0,0,1,3,0,1,42,0,English,48.wav,data/Emotify\rock\48.wav
148,rock,0,0,0,0,0,0,0,1,0,3,0,1,25,1,Swedish,48.wav,data/Emotify\rock\48.wav
148,rock,1,0,0,0,0,0,0,0,0,2,1,0,16,1,Ucrainian,48.wav,data/Emotify\rock\48.wav
148,rock,0,0,0,0,0,0,0,1,0,5,0,1,28,1,English,48.wav,data/Emotify\rock\48.wav
148,rock,0,0,0,0,0,1,0,0,0,1,0,0,25,1,Russian,48.wav,data/Emotify\rock\48.wav
148,rock,0,0,0,0,0,1,0,1,0,4,1,0,17,0,English,48.wav,data/Emotify\rock\48.wav
148,rock,1,0,0,0,1,1,0,0,0,5,0,0,25,1,Russian,48.wav,data/Emotify\rock\48.wav
148,rock,1,0,0,1,0,0,1,0,0,3,0,0,35,1,English,48.wav,data/Emotify\rock\48.wav
149,rock,0,0,1,1,1,0,0,0,0,3,0,0,22,1,English,49.wav,data/Emotify\rock\49.wav
149,rock,1,0,0,0,0,0,0,0,0,4,1,0,37,0,English,49.wav,data/Emotify\rock\49.wav
149,rock,0,0,0,1,1,0,0,0,0,2,0,0,38,0,Dutch,49.wav,data/Emotify\rock\49.wav
149,rock,0,0,0,1,0,0,0,0,0,2,0,1,30,0,Dutch,49.wav,data/Emotify\rock\49.wav
149,rock,0,0,0,0,1,0,0,0,1,4,1,0,36,0,Italian,49.wav,data/Emotify\rock\49.wav
149,rock,0,1,0,1,0,0,0,0,0,4,0,0,18,0,English,49.wav,data/Emotify\rock\49.wav
149,rock,0,0,0,0,0,0,0,1,0,3,0,1,25,1,Swedish,49.wav,data/Emotify\rock\49.wav
149,rock,0,0,0,0,1,0,0,0,0,1,0,0,25,1,Russian,49.wav,data/Emotify\rock\49.wav
149,rock,0,0,1,1,1,0,0,0,0,5,0,0,25,1,Russian,49.wav,data/Emotify\rock\49.wav
149,rock,0,0,1,0,0,0,0,0,0,2,1,0,16,1,Ucrainian,49.wav,data/Emotify\rock\49.wav
149,rock,0,0,1,0,1,0,0,0,1,5,0,1,28,1,English,49.wav,data/Emotify\rock\49.wav
149,rock,0,0,0,1,1,0,0,0,0,2,0,1,35,1,English,49.wav,data/Emotify\rock\49.wav
149,rock,0,0,1,0,1,0,0,0,1,4,1,0,25,1,Dutch,49.wav,data/Emotify\rock\49.wav
149,rock,0,0,0,1,1,0,0,0,1,3,1,0,24,0,French,49.wav,data/Emotify\rock\49.wav
150,rock,0,0,0,0,0,0,0,1,0,3,0,1,38,0,English,50.wav,data/Emotify\rock\50.wav
150,rock,0,1,0,0,1,0,0,0,0,3,0,0,23,0,Dutch,50.wav,data/Emotify\rock\50.wav
150,rock,0,1,0,1,0,1,0,0,0,2,0,0,38,0,Dutch,50.wav,data/Emotify\rock\50.wav
150,rock,0,1,1,0,0,0,0,0,1,2,1,0,40,0,Dutch,50.wav,data/Emotify\rock\50.wav
150,rock,0,0,0,0,0,0,0,1,0,5,0,1,14,1,Russian,50.wav,data/Emotify\rock\50.wav
150,rock,1,0,0,0,0,1,0,1,0,3,1,0,25,1,Swedish,50.wav,data/Emotify\rock\50.wav
150,rock,0,1,0,0,0,0,0,1,0,5,0,0,25,1,Russian,50.wav,data/Emotify\rock\50.wav
150,rock,0,0,0,1,0,0,0,0,0,2,1,0,16,1,Ucrainian,50.wav,data/Emotify\rock\50.wav
150,rock,0,1,1,0,1,0,0,0,0,5,0,0,28,1,English,50.wav,data/Emotify\rock\50.wav
150,rock,0,0,0,0,1,0,0,0,0,2,1,0,19,0,English,50.wav,data/Emotify\rock\50.wav
150,rock,0,0,0,0,1,0,0,0,1,2,1,0,35,1,English,50.wav,data/Emotify\rock\50.wav
150,rock,0,1,0,0,0,0,0,0,1,4,0,0,33,0,Hungarian,50.wav,data/Emotify\rock\50.wav
150,rock,1,1,0,1,0,0,0,0,0,3,0,0,35,0,Dutch,50.wav,data/Emotify\rock\50.wav
150,rock,0,0,0,0,0,0,1,0,0,3,1,0,24,1,English,50.wav,data/Emotify\rock\50.wav
151,rock,0,0,0,0,1,1,1,0,0,4,1,0,22,1,Dutch,51.wav,data/Emotify\rock\51.wav
151,rock,0,0,1,0,0,1,1,0,0,2,1,0,38,0,Dutch,51.wav,data/Emotify\rock\51.wav
151,rock,0,0,1,0,0,0,1,0,1,4,0,0,32,1,Dutch,51.wav,data/Emotify\rock\51.wav
151,rock,0,0,0,1,0,0,1,0,0,5,0,0,25,1,Russian,51.wav,data/Emotify\rock\51.wav
151,rock,0,0,1,0,1,0,1,0,0,3,1,0,25,1,Swedish,51.wav,data/Emotify\rock\51.wav
151,rock,0,0,0,1,0,1,0,0,0,5,0,0,25,1,Russian,51.wav,data/Emotify\rock\51.wav
151,rock,0,0,0,1,1,0,0,0,1,5,0,1,28,1,English,51.wav,data/Emotify\rock\51.wav
151,rock,0,0,0,1,0,0,0,0,0,3,0,1,39,0,Catalan,51.wav,data/Emotify\rock\51.wav
151,rock,0,0,0,0,0,0,1,0,0,2,1,0,26,1,Czech,51.wav,data/Emotify\rock\51.wav
151,rock,0,0,0,1,0,0,0,0,0,3,1,0,24,1,English,51.wav,data/Emotify\rock\51.wav
151,rock,0,0,1,0,0,1,0,0,1,2,1,0,30,0,Dutch,51.wav,data/Emotify\rock\51.wav
151,rock,0,0,0,1,0,1,0,0,0,4,0,0,30,0,Slovenian,51.wav,data/Emotify\rock\51.wav
151,rock,0,0,0,0,0,0,0,1,0,4,0,0,21,0,Dutch,51.wav,data/Emotify\rock\51.wav
152,rock,0,0,0,0,0,1,0,0,0,2,1,0,45,0,Dutch,52.wav,data/Emotify\rock\52.wav
152,rock,0,0,0,1,0,1,0,0,1,2,0,0,38,0,Dutch,52.wav,data/Emotify\rock\52.wav
152,rock,0,1,0,0,0,1,0,0,0,1,0,0,25,1,Russian,52.wav,data/Emotify\rock\52.wav
152,rock,0,1,0,0,0,0,0,0,0,5,1,0,25,0,English,52.wav,data/Emotify\rock\52.wav
152,rock,0,0,0,1,0,0,0,1,1,3,0,1,39,0,Catalan,52.wav,data/Emotify\rock\52.wav
152,rock,0,0,0,0,0,1,0,1,0,3,0,0,25,1,Chinese,52.wav,data/Emotify\rock\52.wav
152,rock,0,0,0,0,0,1,0,1,1,5,0,1,28,1,English,52.wav,data/Emotify\rock\52.wav
152,rock,0,0,0,0,0,1,0,1,1,3,0,0,21,1,English,52.wav,data/Emotify\rock\52.wav
152,rock,0,0,0,0,0,0,0,1,0,2,0,1,26,1,Czech,52.wav,data/Emotify\rock\52.wav
152,rock,0,0,0,0,0,1,0,0,0,3,0,0,24,1,English,52.wav,data/Emotify\rock\52.wav
152,rock,0,1,0,1,0,1,0,0,0,3,1,0,20,1,Russian,52.wav,data/Emotify\rock\52.wav
152,rock,0,0,0,0,0,1,1,0,0,4,0,0,17,0,English,52.wav,data/Emotify\rock\52.wav
152,rock,0,1,0,1,0,1,0,0,0,4,0,0,21,0,Dutch,52.wav,data/Emotify\rock\52.wav
152,rock,1,0,0,1,0,1,1,0,0,3,1,1,27,1,Finnish,52.wav,data/Emotify\rock\52.wav
153,rock,0,0,0,0,0,0,1,0,1,4,1,0,21,0,Russian,53.wav,data/Emotify\rock\53.wav
153,rock,0,0,0,1,0,1,0,0,1,4,0,0,33,1,Greek,53.wav,data/Emotify\rock\53.wav
153,rock,0,0,0,0,1,0,0,0,1,2,0,0,35,0,Dutch,53.wav,data/Emotify\rock\53.wav
153,rock,0,0,0,1,0,0,0,0,1,2,0,0,38,0,Dutch,53.wav,data/Emotify\rock\53.wav
153,rock,0,0,0,1,1,0,0,0,0,5,0,1,25,0,English,53.wav,data/Emotify\rock\53.wav
153,rock,1,0,0,0,1,0,0,0,0,1,0,0,25,1,Russian,53.wav,data/Emotify\rock\53.wav
153,rock,0,0,0,0,0,0,0,0,1,4,0,0,51,0,Dutch,53.wav,data/Emotify\rock\53.wav
153,rock,0,0,0,1,1,0,0,0,1,5,0,1,28,1,English,53.wav,data/Emotify\rock\53.wav
153,rock,0,0,0,1,0,0,0,0,0,4,0,0,21,0,Dutch,53.wav,data/Emotify\rock\53.wav
153,rock,0,0,0,1,1,0,1,0,0,3,1,0,51,0,English,53.wav,data/Emotify\rock\53.wav
153,rock,0,1,0,1,0,0,0,0,0,3,1,0,27,1,Finnish,53.wav,data/Emotify\rock\53.wav
153,rock,0,0,0,1,0,0,0,0,0,3,0,1,23,1,English,53.wav,data/Emotify\rock\53.wav
153,rock,0,0,0,1,0,0,0,0,0,2,1,0,45,0,Dutch,53.wav,data/Emotify\rock\53.wav
153,rock,0,0,0,1,0,0,0,0,1,4,0,0,43,0,Dutch,53.wav,data/Emotify\rock\53.wav
154,rock,0,1,0,1,0,0,1,0,0,2,0,0,38,0,Dutch,54.wav,data/Emotify\rock\54.wav
154,rock,1,0,0,0,0,0,1,0,0,5,0,1,25,0,English,54.wav,data/Emotify\rock\54.wav
154,rock,1,0,0,0,1,1,0,0,0,1,0,0,27,0,Polish,54.wav,data/Emotify\rock\54.wav
154,rock,0,0,0,1,1,0,0,0,1,5,1,1,28,1,English,54.wav,data/Emotify\rock\54.wav
154,rock,0,1,1,0,0,0,0,0,1,3,1,0,25,1,Swedish,54.wav,data/Emotify\rock\54.wav
154,rock,0,0,0,1,1,0,0,0,1,4,0,0,62,0,Estonian,54.wav,data/Emotify\rock\54.wav
154,rock,0,0,0,0,1,0,0,0,0,3,0,1,27,1,Russian,54.wav,data/Emotify\rock\54.wav
154,rock,0,0,0,0,0,0,0,0,1,4,0,1,17,0,English,54.wav,data/Emotify\rock\54.wav
154,rock,0,0,0,0,0,0,1,0,0,3,1,0,24,1,English,54.wav,data/Emotify\rock\54.wav
154,rock,0,0,0,1,0,0,0,0,0,2,0,0,5,0,French,54.wav,data/Emotify\rock\54.wav
154,rock,0,0,0,0,0,0,0,1,0,2,0,1,45,0,Dutch,54.wav,data/Emotify\rock\54.wav
154,rock,0,0,0,0,0,0,0,1,0,3,0,1,27,1,Finnish,54.wav,data/Emotify\rock\54.wav
154,rock,0,0,0,1,1,0,1,0,0,4,0,0,29,1,English,54.wav,data/Emotify\rock\54.wav
154,rock,0,0,0,0,0,0,1,0,0,2,1,0,25,1,Ucrainian,54.wav,data/Emotify\rock\54.wav
155,rock,0,0,0,0,0,1,0,0,0,2,1,0,60,0,English,55.wav,data/Emotify\rock\55.wav
155,rock,0,1,0,1,1,0,0,0,0,1,1,0,27,0,Polish,55.wav,data/Emotify\rock\55.wav
155,rock,0,0,0,1,1,0,0,0,1,5,1,1,28,1,English,55.wav,data/Emotify\rock\55.wav
155,rock,0,0,0,0,0,0,0,1,0,3,0,1,25,1,Swedish,55.wav,data/Emotify\rock\55.wav
155,rock,0,0,0,0,0,0,0,0,1,3,0,1,27,1,Russian,55.wav,data/Emotify\rock\55.wav
155,rock,0,1,0,0,0,0,0,0,0,3,1,0,20,0,Dutch,55.wav,data/Emotify\rock\55.wav
155,rock,0,0,0,1,0,0,0,0,0,4,0,1,21,0,Dutch,55.wav,data/Emotify\rock\55.wav
155,rock,0,0,0,1,0,1,1,0,0,3,0,0,22,1,Estonian,55.wav,data/Emotify\rock\55.wav
155,rock,0,1,0,0,0,0,1,0,0,4,0,0,47,0,Italian,55.wav,data/Emotify\rock\55.wav
155,rock,0,1,0,0,1,0,0,0,0,3,1,0,24,1,English,55.wav,data/Emotify\rock\55.wav
155,rock,0,1,1,0,0,0,1,0,0,3,1,0,27,1,Finnish,55.wav,data/Emotify\rock\55.wav
155,rock,0,0,0,0,0,0,0,1,0,2,0,1,25,1,Ucrainian,55.wav,data/Emotify\rock\55.wav
155,rock,0,0,0,1,0,0,0,0,0,4,0,1,29,0,Portuguese,55.wav,data/Emotify\rock\55.wav
155,rock,0,0,0,0,1,1,0,0,0,5,0,1,25,0,English,55.wav,data/Emotify\rock\55.wav
156,rock,0,0,0,0,0,0,1,0,0,3,1,0,31,0,Spanish,56.wav,data/Emotify\rock\56.wav
156,rock,0,0,0,0,0,1,1,0,0,4,1,0,18,0,English,56.wav,data/Emotify\rock\56.wav
156,rock,1,0,0,0,0,1,1,0,0,1,1,0,27,0,Polish,56.wav,data/Emotify\rock\56.wav
156,rock,0,0,0,0,0,0,1,0,0,4,0,0,51,0,Dutch,56.wav,data/Emotify\rock\56.wav
156,rock,1,0,0,0,0,1,1,0,0,5,1,0,28,1,English,56.wav,data/Emotify\rock\56.wav
156,rock,0,0,0,0,0,1,1,1,0,3,0,0,25,1,Swedish,56.wav,data/Emotify\rock\56.wav
156,rock,0,0,0,0,0,1,1,0,0,3,1,0,23,1,Russian,56.wav,data/Emotify\rock\56.wav
156,rock,0,0,0,0,0,0,1,0,0,3,1,0,27,1,Russian,56.wav,data/Emotify\rock\56.wav
156,rock,1,0,0,0,0,0,1,0,0,4,1,0,18,0,English,56.wav,data/Emotify\rock\56.wav
156,rock,0,0,0,0,0,0,1,0,0,3,0,1,27,1,Finnish,56.wav,data/Emotify\rock\56.wav
156,rock,0,0,0,0,0,1,1,0,0,3,1,0,47,1,Dutch,56.wav,data/Emotify\rock\56.wav
156,rock,0,0,0,0,0,0,1,0,0,2,1,0,45,0,Dutch,56.wav,data/Emotify\rock\56.wav
156,rock,0,0,0,0,0,0,1,0,0,4,1,0,29,0,Portuguese,56.wav,data/Emotify\rock\56.wav
156,rock,0,0,0,0,1,0,1,0,0,4,1,0,26,0,English,56.wav,data/Emotify\rock\56.wav
157,rock,1,0,0,0,0,0,1,0,0,2,0,0,60,0,English,57.wav,data/Emotify\rock\57.wav
157,rock,0,1,0,1,1,0,0,0,0,1,1,0,27,0,Polish,57.wav,data/Emotify\rock\57.wav
157,rock,0,0,0,0,0,0,0,1,0,4,0,0,51,0,Dutch,57.wav,data/Emotify\rock\57.wav
157,rock,0,0,0,1,1,0,0,0,1,5,1,0,28,1,English,57.wav,data/Emotify\rock\57.wav
157,rock,0,0,0,0,0,0,0,0,1,3,0,1,19,1,Dutch,57.wav,data/Emotify\rock\57.wav
157,rock,0,1,1,0,0,0,0,0,1,3,1,0,25,1,Swedish,57.wav,data/Emotify\rock\57.wav
157,rock,0,0,0,0,0,0,0,0,1,3,0,1,27,1,Russian,57.wav,data/Emotify\rock\57.wav
157,rock,0,0,0,0,0,0,0,0,0,4,0,1,62,0,Estonian,57.wav,data/Emotify\rock\57.wav
157,rock,0,0,0,0,1,0,1,0,0,3,1,0,20,0,Dutch,57.wav,data/Emotify\rock\57.wav
157,rock,0,0,0,1,0,0,0,0,0,3,1,0,27,1,Finnish,57.wav,data/Emotify\rock\57.wav
157,rock,1,0,0,0,0,0,1,1,0,3,0,0,51,0,English,57.wav,data/Emotify\rock\57.wav
157,rock,0,0,0,0,0,0,0,1,0,3,0,1,47,1,Dutch,57.wav,data/Emotify\rock\57.wav
157,rock,0,0,1,0,0,1,0,0,0,4,1,0,29,0,Portuguese,57.wav,data/Emotify\rock\57.wav
157,rock,0,1,0,0,0,0,0,1,0,3,0,0,16,1,Dutch,57.wav,data/Emotify\rock\57.wav
158,rock,0,1,1,0,0,0,0,0,1,4,1,0,18,0,English,58.wav,data/Emotify\rock\58.wav
158,rock,0,1,0,1,1,0,0,0,0,1,1,0,27,0,Polish,58.wav,data/Emotify\rock\58.wav
158,rock,0,0,0,0,0,0,0,1,0,4,0,0,51,0,Dutch,58.wav,data/Emotify\rock\58.wav
158,rock,1,0,0,0,0,1,1,0,0,5,0,1,28,1,English,58.wav,data/Emotify\rock\58.wav
158,rock,1,1,0,0,1,0,0,0,0,3,1,0,19,1,Dutch,58.wav,data/Emotify\rock\58.wav
158,rock,1,0,0,1,0,0,1,0,0,3,1,0,25,1,Swedish,58.wav,data/Emotify\rock\58.wav
158,rock,1,0,0,0,1,0,1,0,0,3,1,0,14,0,Dutch,58.wav,data/Emotify\rock\58.wav
158,rock,0,1,0,0,0,0,0,0,0,3,1,0,27,1,Russian,58.wav,data/Emotify\rock\58.wav
158,rock,0,0,0,1,0,1,0,0,0,2,1,0,54,1,English,58.wav,data/Emotify\rock\58.wav
158,rock,0,0,0,1,1,0,1,0,0,4,1,0,17,0,Portuguese,58.wav,data/Emotify\rock\58.wav
158,rock,1,0,0,0,0,1,1,0,0,4,1,0,56,0,Dutch,58.wav,data/Emotify\rock\58.wav
158,rock,1,1,0,0,1,0,0,0,0,3,1,0,27,1,Finnish,58.wav,data/Emotify\rock\58.wav
158,rock,0,0,0,1,1,0,0,0,1,4,0,1,29,0,Portuguese,58.wav,data/Emotify\rock\58.wav
158,rock,0,0,0,0,0,0,0,1,1,2,0,1,60,0,English,58.wav,data/Emotify\rock\58.wav
159,rock,1,0,1,0,0,0,0,0,0,3,1,0,19,1,Dutch,59.wav,data/Emotify\rock\59.wav
159,rock,0,0,0,1,1,0,0,0,0,4,0,1,30,0,Slovenian,59.wav,data/Emotify\rock\59.wav
159,rock,0,0,1,1,1,0,0,0,0,1,0,1,27,0,Polish,59.wav,data/Emotify\rock\59.wav
159,rock,0,0,0,0,0,0,0,1,0,4,0,0,51,0,Dutch,59.wav,data/Emotify\rock\59.wav
159,rock,0,0,0,0,0,0,0,1,0,3,0,1,25,1,Swedish,59.wav,data/Emotify\rock\59.wav
159,rock,0,0,0,1,0,0,0,0,0,3,0,1,27,1,Finnish,59.wav,data/Emotify\rock\59.wav
159,rock,0,0,0,1,0,0,0,0,0,3,0,1,27,1,Russian,59.wav,data/Emotify\rock\59.wav
159,rock,1,0,1,0,0,0,1,0,0,3,1,0,14,0,Dutch,59.wav,data/Emotify\rock\59.wav
159,rock,0,0,1,0,1,1,0,0,0,3,0,0,51,0,English,59.wav,data/Emotify\rock\59.wav
159,rock,1,0,0,1,1,0,0,0,0,4,0,1,29,0,Portuguese,59.wav,data/Emotify\rock\59.wav
159,rock,0,0,0,0,0,0,0,1,0,3,0,0,22,0,English,59.wav,data/Emotify\rock\59.wav
159,rock,0,0,0,1,0,0,0,0,0,2,1,0,60,0,English,59.wav,data/Emotify\rock\59.wav
159,rock,0,0,0,0,0,0,0,1,0,4,0,0,17,0,English,59.wav,data/Emotify\rock\59.wav
159,rock,0,0,0,0,0,0,1,0,0,4,1,0,24,1,Dutch,59.wav,data/Emotify\rock\59.wav
160,rock,0,1,0,0,0,0,0,0,1,3,0,1,35,0,Dutch,60.wav,data/Emotify\rock\60.wav
160,rock,0,0,1,0,1,0,1,0,0,1,1,0,27,0,Polish,60.wav,data/Emotify\rock\60.wav
160,rock,0,0,0,0,0,0,0,1,0,3,0,0,27,1,Finnish,60.wav,data/Emotify\rock\60.wav
160,rock,0,0,0,0,0,0,0,1,0,3,0,1,25,1,Swedish,60.wav,data/Emotify\rock\60.wav
160,rock,0,0,0,0,0,0,1,0,0,3,1,0,27,1,Russian,60.wav,data/Emotify\rock\60.wav
160,rock,0,0,0,0,0,0,1,0,0,3,1,0,23,0,Dutch,60.wav,data/Emotify\rock\60.wav
160,rock,0,0,0,0,0,0,0,1,0,4,0,1,21,0,Russian,60.wav,data/Emotify\rock\60.wav
160,rock,0,0,1,1,1,0,0,0,0,3,0,0,22,1,English,60.wav,data/Emotify\rock\60.wav
160,rock,0,0,0,0,0,0,1,1,1,4,0,1,29,0,Portuguese,60.wav,data/Emotify\rock\60.wav
160,rock,0,0,0,0,0,0,0,1,0,2,0,0,31,1,Finnish,60.wav,data/Emotify\rock\60.wav
160,rock,0,0,0,0,0,0,0,1,0,2,0,1,60,0,English,60.wav,data/Emotify\rock\60.wav
160,rock,0,1,1,1,0,0,0,0,0,3,0,1,14,0,Dutch,60.wav,data/Emotify\rock\60.wav
160,rock,0,0,0,0,0,0,0,1,0,4,0,1,24,1,Dutch,60.wav,data/Emotify\rock\60.wav
160,rock,0,0,0,0,0,1,0,0,0,3,0,0,23,0,French,60.wav,data/Emotify\rock\60.wav
161,rock,0,0,0,0,1,0,0,1,0,5,1,0,38,0,Dutch,61.wav,data/Emotify\rock\61.wav
161,rock,0,0,0,0,0,1,0,1,0,5,1,0,33,0,Russian,61.wav,data/Emotify\rock\61.wav
161,rock,0,0,0,0,0,1,0,1,0,3,1,0,25,1,Swedish,61.wav,data/Emotify\rock\61.wav
161,rock,0,0,0,0,0,0,0,1,0,4,0,0,51,0,Dutch,61.wav,data/Emotify\rock\61.wav
161,rock,0,0,0,0,0,0,0,1,0,3,0,1,27,1,Russian,61.wav,data/Emotify\rock\61.wav
161,rock,0,1,0,0,0,0,0,1,0,4,1,0,15,0,English,61.wav,data/Emotify\rock\61.wav
161,rock,0,0,0,0,1,0,0,1,0,3,0,0,33,0,Dutch,61.wav,data/Emotify\rock\61.wav
161,rock,0,1,1,1,0,0,0,0,0,4,0,0,29,0,Portuguese,61.wav,data/Emotify\rock\61.wav
161,rock,0,0,0,0,0,0,0,1,0,4,0,0,27,0,French,61.wav,data/Emotify\rock\61.wav
161,rock,0,0,0,0,0,0,0,1,1,4,0,0,33,1,Greek,61.wav,data/Emotify\rock\61.wav
161,rock,0,0,0,0,0,0,0,1,1,2,0,1,60,0,English,61.wav,data/Emotify\rock\61.wav
161,rock,0,0,0,0,0,1,0,1,0,4,1,0,17,0,Dutch,61.wav,data/Emotify\rock\61.wav
161,rock,0,0,0,0,0,0,0,1,0,3,1,0,23,1,English,61.wav,data/Emotify\rock\61.wav
161,rock,0,0,0,0,0,0,0,1,0,4,0,1,23,1,English,61.wav,data/Emotify\rock\61.wav
162,rock,0,0,0,0,0,0,1,1,0,5,0,1,33,0,Russian,62.wav,data/Emotify\rock\62.wav
162,rock,0,0,0,0,0,1,1,1,0,3,0,1,25,1,Swedish,62.wav,data/Emotify\rock\62.wav
162,rock,0,0,0,0,0,0,0,0,1,4,0,0,51,0,Dutch,62.wav,data/Emotify\rock\62.wav
162,rock,0,0,0,0,0,1,0,0,0,3,0,1,27,1,Russian,62.wav,data/Emotify\rock\62.wav
162,rock,0,0,0,0,0,1,1,0,0,3,1,0,60,0,Dutch,62.wav,data/Emotify\rock\62.wav
162,rock,0,0,0,0,0,1,0,1,0,3,0,0,33,0,Dutch,62.wav,data/Emotify\rock\62.wav
162,rock,0,1,0,0,0,1,1,0,0,3,0,0,51,0,English,62.wav,data/Emotify\rock\62.wav
162,rock,0,0,0,1,0,1,1,0,0,4,0,1,29,0,Portuguese,62.wav,data/Emotify\rock\62.wav
162,rock,0,0,0,1,0,0,0,0,0,5,0,0,14,1,Russian,62.wav,data/Emotify\rock\62.wav
162,rock,0,0,0,0,0,1,1,0,0,4,1,0,25,0,English,62.wav,data/Emotify\rock\62.wav
162,rock,0,0,0,0,0,1,1,0,0,4,0,0,23,0,Dutch,62.wav,data/Emotify\rock\62.wav
162,rock,0,0,0,0,0,0,0,1,0,2,0,1,60,0,English,62.wav,data/Emotify\rock\62.wav
162,rock,0,0,0,1,0,0,0,0,0,4,0,1,23,1,English,62.wav,data/Emotify\rock\62.wav
162,rock,0,0,0,0,0,1,0,1,0,4,0,0,30,1,German,62.wav,data/Emotify\rock\62.wav
163,rock,0,0,0,1,0,0,0,0,0,3,1,1,27,1,Russian,63.wav,data/Emotify\rock\63.wav
163,rock,0,0,0,0,1,0,0,0,1,3,0,0,33,0,Dutch,63.wav,data/Emotify\rock\63.wav
163,rock,0,0,1,1,0,0,0,0,1,3,0,0,51,0,English,63.wav,data/Emotify\rock\63.wav
163,rock,0,0,0,0,0,0,0,1,0,5,0,0,14,1,English,63.wav,data/Emotify\rock\63.wav
163,rock,0,1,0,1,1,0,0,0,0,4,1,0,29,0,Portuguese,63.wav,data/Emotify\rock\63.wav
163,rock,0,0,0,0,0,1,1,0,0,4,0,0,36,0,Italian,63.wav,data/Emotify\rock\63.wav
163,rock,0,0,0,1,0,1,1,0,0,5,0,0,32,0,Dutch,63.wav,data/Emotify\rock\63.wav
163,rock,0,0,1,1,0,0,0,0,0,4,0,1,23,1,English,63.wav,data/Emotify\rock\63.wav
163,rock,0,0,0,0,0,1,0,1,0,4,1,0,64,0,English,63.wav,data/Emotify\rock\63.wav
163,rock,0,0,0,1,0,1,1,0,0,4,0,0,23,0,Dutch,63.wav,data/Emotify\rock\63.wav
163,rock,1,0,0,0,0,1,0,0,0,2,1,0,60,0,English,63.wav,data/Emotify\rock\63.wav
163,rock,0,0,1,1,0,0,0,0,0,4,0,0,33,0,Hungarian,63.wav,data/Emotify\rock\63.wav
163,rock,0,0,1,0,0,0,0,0,0,4,0,0,27,1,English,63.wav,data/Emotify\rock\63.wav
163,rock,0,0,0,0,0,0,0,1,0,4,0,0,51,0,Dutch,63.wav,data/Emotify\rock\63.wav
164,rock,0,0,0,1,0,1,0,0,1,3,1,1,20,1,Russian,64.wav,data/Emotify\rock\64.wav
164,rock,1,1,0,0,0,0,0,0,0,4,1,0,17,0,Dutch,64.wav,data/Emotify\rock\64.wav
164,rock,0,0,1,0,0,0,1,0,1,4,0,0,41,1,Dutch,64.wav,data/Emotify\rock\64.wav
164,rock,0,0,1,0,1,0,0,0,0,4,0,0,25,1,Estonian,64.wav,data/Emotify\rock\64.wav
164,rock,0,0,0,1,1,0,0,0,1,3,0,1,38,0,English,64.wav,data/Emotify\rock\64.wav
164,rock,0,0,0,0,0,0,0,0,0,4,0,0,23,0,German,64.wav,data/Emotify\rock\64.wav
164,rock,0,0,1,1,1,0,0,0,0,4,0,0,36,0,Italian,64.wav,data/Emotify\rock\64.wav
164,rock,0,0,1,1,0,0,0,0,0,4,0,1,23,1,English,64.wav,data/Emotify\rock\64.wav
164,rock,1,0,0,1,0,0,0,0,0,5,1,0,18,0,Russian,64.wav,data/Emotify\rock\64.wav
164,rock,0,0,1,0,0,0,1,0,1,1,1,0,23,0,Dutch,64.wav,data/Emotify\rock\64.wav
164,rock,0,1,1,0,1,0,0,0,0,2,1,0,60,0,English,64.wav,data/Emotify\rock\64.wav
164,rock,0,0,0,1,0,0,0,0,0,4,0,0,33,0,Hungarian,64.wav,data/Emotify\rock\64.wav
164,rock,0,0,0,0,0,0,0,0,1,4,1,0,27,0,Russian,64.wav,data/Emotify\rock\64.wav
164,rock,0,0,0,0,0,0,0,1,0,4,0,0,51,0,Dutch,64.wav,data/Emotify\rock\64.wav
165,rock,0,0,1,1,0,0,0,0,1,4,0,0,41,1,Dutch,65.wav,data/Emotify\rock\65.wav
165,rock,0,0,0,0,0,0,0,0,0,4,0,0,23,0,German,65.wav,data/Emotify\rock\65.wav
165,rock,0,0,1,0,1,0,0,0,0,4,0,0,25,1,Russian,65.wav,data/Emotify\rock\65.wav
165,rock,0,0,0,1,0,0,0,0,0,4,0,1,23,1,English,65.wav,data/Emotify\rock\65.wav
165,rock,0,0,0,0,0,0,0,0,0,4,0,0,23,0,German,65.wav,data/Emotify\rock\65.wav
165,rock,0,0,0,0,1,0,0,0,1,4,0,0,26,1,Russian,65.wav,data/Emotify\rock\65.wav
165,rock,0,0,1,1,1,0,0,0,0,4,1,0,30,0,Slovenian,65.wav,data/Emotify\rock\65.wav
165,rock,0,1,1,0,1,0,0,0,0,2,1,0,60,0,English,65.wav,data/Emotify\rock\65.wav
165,rock,0,0,1,0,0,0,0,0,1,4,0,1,26,0,English,65.wav,data/Emotify\rock\65.wav
165,rock,0,0,1,0,1,0,0,0,0,4,1,0,27,0,Russian,65.wav,data/Emotify\rock\65.wav
165,rock,0,0,1,1,1,0,0,0,0,4,1,0,22,1,French,65.wav,data/Emotify\rock\65.wav
165,rock,0,0,1,1,0,0,0,0,0,3,0,1,28,1,English,65.wav,data/Emotify\rock\65.wav
165,rock,0,1,1,0,1,0,0,0,0,3,1,0,20,1,Russian,65.wav,data/Emotify\rock\65.wav
165,rock,0,0,1,1,1,0,0,0,0,3,1,0,31,0,Dutch,65.wav,data/Emotify\rock\65.wav
166,rock,0,0,0,1,0,1,1,0,0,4,0,0,41,1,Dutch,66.wav,data/Emotify\rock\66.wav
166,rock,0,0,0,1,0,0,0,0,1,3,1,0,51,0,Dutch,66.wav,data/Emotify\rock\66.wav
166,rock,0,1,0,1,0,0,1,0,0,4,1,0,27,1,German,66.wav,data/Emotify\rock\66.wav
166,rock,0,0,0,1,0,0,0,0,0,3,0,0,49,0,Dutch,66.wav,data/Emotify\rock\66.wav
166,rock,0,0,0,0,1,0,0,0,0,3,0,1,28,1,English,66.wav,data/Emotify\rock\66.wav
166,rock,0,0,0,0,0,0,0,1,1,3,0,1,22,1,English,66.wav,data/Emotify\rock\66.wav
166,rock,1,0,1,1,0,0,0,0,0,4,1,0,27,0,Russian,66.wav,data/Emotify\rock\66.wav
166,rock,0,0,0,1,1,0,1,0,0,2,1,0,32,0,Greek,66.wav,data/Emotify\rock\66.wav
166,rock,0,0,0,0,0,1,0,1,0,4,0,0,64,0,English,66.wav,data/Emotify\rock\66.wav
166,rock,0,0,1,1,0,0,0,0,0,1,1,0,25,1,French,66.wav,data/Emotify\rock\66.wav
166,rock,0,0,1,1,0,1,0,0,0,4,0,0,43,0,Dutch,66.wav,data/Emotify\rock\66.wav
166,rock,1,0,0,0,0,0,1,0,0,3,1,0,31,0,Dutch,66.wav,data/Emotify\rock\66.wav
166,rock,0,0,0,1,0,0,0,0,0,4,0,1,23,1,English,66.wav,data/Emotify\rock\66.wav
166,rock,1,0,0,0,1,0,0,0,0,4,0,0,25,1,Russian,66.wav,data/Emotify\rock\66.wav
167,rock,0,1,0,0,0,0,0,0,0,4,1,0,50,0,Dutch,67.wav,data/Emotify\rock\67.wav
167,rock,1,0,0,0,0,0,0,0,0,3,1,0,23,0,French,67.wav,data/Emotify\rock\67.wav
167,rock,0,0,0,1,1,0,1,0,0,4,0,0,32,0,Dutch,67.wav,data/Emotify\rock\67.wav
167,rock,0,0,0,0,0,1,1,0,0,4,1,0,30,1,German,67.wav,data/Emotify\rock\67.wav
167,rock,0,0,1,0,0,0,0,1,1,4,1,0,20,0,Dutch,67.wav,data/Emotify\rock\67.wav
167,rock,0,0,0,0,1,0,0,0,0,3,0,0,26,1,Russian,67.wav,data/Emotify\rock\67.wav
167,rock,0,0,1,0,0,0,0,0,0,4,0,0,31,1,French,67.wav,data/Emotify\rock\67.wav
167,rock,0,0,0,0,0,0,1,0,0,3,1,0,31,0,Dutch,67.wav,data/Emotify\rock\67.wav
167,rock,0,0,0,1,0,0,1,0,0,3,0,0,49,0,Dutch,67.wav,data/Emotify\rock\67.wav
167,rock,0,0,0,0,0,0,0,0,1,1,1,0,25,1,French,67.wav,data/Emotify\rock\67.wav
167,rock,1,0,0,0,0,0,0,0,0,4,0,0,23,1,English,67.wav,data/Emotify\rock\67.wav
167,rock,0,0,0,0,0,0,0,0,0,3,1,0,55,0,English,67.wav,data/Emotify\rock\67.wav
167,rock,0,0,0,1,0,0,0,0,0,4,0,0,25,1,Russian,67.wav,data/Emotify\rock\67.wav
167,rock,0,0,0,0,0,0,0,1,0,4,0,1,33,0,Hungarian,67.wav,data/Emotify\rock\67.wav
168,rock,0,0,0,0,1,0,0,0,0,4,0,0,33,1,Greek,68.wav,data/Emotify\rock\68.wav
168,rock,0,0,0,1,1,0,0,0,1,3,1,0,30,0,Dutch,68.wav,data/Emotify\rock\68.wav
168,rock,0,0,0,1,0,0,0,0,0,3,0,0,49,0,Dutch,68.wav,data/Emotify\rock\68.wav
168,rock,0,0,0,1,0,0,0,0,1,3,0,1,38,0,English,68.wav,data/Emotify\rock\68.wav
168,rock,0,0,1,1,1,0,0,0,0,5,0,0,53,0,English,68.wav,data/Emotify\rock\68.wav
168,rock,0,0,1,0,1,0,0,0,1,4,1,0,25,0,English,68.wav,data/Emotify\rock\68.wav
168,rock,0,0,0,0,0,0,0,0,1,3,0,1,31,0,Dutch,68.wav,data/Emotify\rock\68.wav
168,rock,0,0,0,1,0,0,0,0,0,4,0,0,17,0,Dutch,68.wav,data/Emotify\rock\68.wav
168,rock,0,0,0,1,0,0,0,0,0,4,0,0,31,1,French,68.wav,data/Emotify\rock\68.wav
168,rock,1,0,0,1,0,0,1,0,0,2,1,0,21,1,Russian,68.wav,data/Emotify\rock\68.wav
168,rock,0,0,0,0,0,0,0,1,0,1,0,1,25,1,French,68.wav,data/Emotify\rock\68.wav
168,rock,1,0,0,1,0,0,0,1,0,5,0,1,39,0,Spanish,68.wav,data/Emotify\rock\68.wav
168,rock,0,0,0,1,1,0,0,0,0,4,0,0,25,1,Russian,68.wav,data/Emotify\rock\68.wav
169,rock,0,0,0,0,0,0,1,0,0,5,1,0,38,0,Dutch,69.wav,data/Emotify\rock\69.wav
169,rock,0,0,0,0,0,0,0,1,0,4,0,1,17,1,Dutch,69.wav,data/Emotify\rock\69.wav
169,rock,0,0,0,0,0,1,0,0,0,4,1,1,30,1,Dutch,69.wav,data/Emotify\rock\69.wav
169,rock,0,0,0,0,0,1,0,1,0,4,0,1,30,0,Slovenian,69.wav,data/Emotify\rock\69.wav
169,rock,1,0,0,0,0,1,1,0,0,3,1,0,31,0,Dutch,69.wav,data/Emotify\rock\69.wav
169,rock,1,0,0,0,0,0,1,0,0,3,1,0,22,1,English,69.wav,data/Emotify\rock\69.wav
169,rock,0,0,0,0,0,0,1,0,0,2,0,1,31,1,Finnish,69.wav,data/Emotify\rock\69.wav
169,rock,0,0,0,0,0,1,1,0,0,4,1,0,64,0,English,69.wav,data/Emotify\rock\69.wav
169,rock,0,0,0,0,0,0,0,1,0,4,0,1,31,1,French,69.wav,data/Emotify\rock\69.wav
169,rock,0,0,0,0,0,1,1,0,0,2,0,1,21,1,Russian,69.wav,data/Emotify\rock\69.wav
169,rock,1,0,0,1,0,0,1,0,0,3,0,0,20,1,Russian,69.wav,data/Emotify\rock\69.wav
169,rock,0,1,0,0,0,1,1,0,0,2,0,0,60,0,Dutch,69.wav,data/Emotify\rock\69.wav
169,rock,1,0,0,0,0,0,1,0,0,4,0,0,25,1,Russian,69.wav,data/Emotify\rock\69.wav
170,rock,0,0,0,0,1,0,0,0,0,3,1,0,31,0,Dutch,70.wav,data/Emotify\rock\70.wav
170,rock,1,0,1,1,0,0,0,0,0,3,1,0,44,0,Dutch,70.wav,data/Emotify\rock\70.wav
170,rock,0,0,0,1,1,0,1,0,0,3,0,0,25,0,Russian,70.wav,data/Emotify\rock\70.wav
170,rock,0,0,1,0,1,0,0,0,0,4,0,0,31,1,French,70.wav,data/Emotify\rock\70.wav
170,rock,0,0,0,0,0,0,0,0,1,2,0,0,60,0,Dutch,70.wav,data/Emotify\rock\70.wav
170,rock,0,0,0,1,1,0,0,0,0,2,1,0,21,1,Russian,70.wav,data/Emotify\rock\70.wav
170,rock,1,0,1,1,0,0,0,0,0,4,1,0,22,1,French,70.wav,data/Emotify\rock\70.wav
170,rock,0,0,1,1,0,0,0,0,1,4,1,0,25,1,Russian,70.wav,data/Emotify\rock\70.wav
170,rock,0,0,1,1,0,0,0,0,0,3,0,0,21,1,English,70.wav,data/Emotify\rock\70.wav
170,rock,1,1,0,0,0,0,0,0,0,2,1,0,17,0,Dutch,70.wav,data/Emotify\rock\70.wav
170,rock,0,1,0,0,0,0,0,0,0,4,0,0,30,0,Slovenian,70.wav,data/Emotify\rock\70.wav
170,rock,0,0,0,0,0,0,0,0,1,4,0,1,17,1,Dutch,70.wav,data/Emotify\rock\70.wav
170,rock,0,0,0,1,0,0,0,0,1,4,0,0,28,0,Dutch,70.wav,data/Emotify\rock\70.wav
171,rock,0,0,0,0,0,0,0,1,0,3,0,1,25,1,English,71.wav,data/Emotify\rock\71.wav
171,rock,0,0,0,0,0,0,0,1,0,4,0,1,62,0,Estonian,71.wav,data/Emotify\rock\71.wav
171,rock,0,0,0,0,0,1,1,1,0,3,0,0,44,0,Dutch,71.wav,data/Emotify\rock\71.wav
171,rock,0,0,0,0,0,1,0,1,0,4,0,0,30,0,Hebrew,71.wav,data/Emotify\rock\71.wav
171,rock,0,0,0,1,0,0,1,1,0,3,0,0,25,0,Russian,71.wav,data/Emotify\rock\71.wav
171,rock,0,0,0,0,0,1,0,1,0,4,0,0,31,1,French,71.wav,data/Emotify\rock\71.wav
171,rock,0,0,0,0,0,0,0,1,1,2,0,0,60,0,Dutch,71.wav,data/Emotify\rock\71.wav
171,rock,0,0,0,0,0,1,0,0,1,2,1,0,20,1,Dutch,71.wav,data/Emotify\rock\71.wav
171,rock,0,1,0,0,0,0,0,0,0,2,1,0,21,1,Russian,71.wav,data/Emotify\rock\71.wav
171,rock,0,0,0,0,0,0,1,0,0,1,1,0,27,0,English,71.wav,data/Emotify\rock\71.wav
171,rock,0,1,0,0,0,0,0,1,0,4,0,0,25,1,Russian,71.wav,data/Emotify\rock\71.wav
171,rock,0,0,0,0,1,1,1,0,0,5,1,0,17,0,Greek,71.wav,data/Emotify\rock\71.wav
171,rock,0,0,0,1,1,0,0,0,0,1,0,1,31,0,Dutch,71.wav,data/Emotify\rock\71.wav
171,rock,0,1,0,0,0,1,0,0,0,3,1,0,31,0,Dutch,71.wav,data/Emotify\rock\71.wav
172,rock,1,0,0,0,1,0,0,0,0,4,0,0,25,1,Russian,72.wav,data/Emotify\rock\72.wav
172,rock,1,1,0,1,0,0,0,0,0,3,0,1,44,0,Dutch,72.wav,data/Emotify\rock\72.wav
172,rock,1,0,1,1,0,0,0,0,0,2,1,0,16,1,Chinese,72.wav,data/Emotify\rock\72.wav
172,rock,0,0,0,1,0,0,1,0,0,4,1,0,29,0,Slovenian,72.wav,data/Emotify\rock\72.wav
172,rock,1,0,0,0,0,1,1,0,0,4,1,0,32,0,Dutch,72.wav,data/Emotify\rock\72.wav
172,rock,0,0,1,1,0,0,0,1,0,3,0,0,25,0,Russian,72.wav,data/Emotify\rock\72.wav
172,rock,0,0,0,1,0,0,0,0,0,4,0,0,31,1,French,72.wav,data/Emotify\rock\72.wav
172,rock,0,0,1,1,0,0,0,0,0,2,1,0,21,1,Russian,72.wav,data/Emotify\rock\72.wav
172,rock,0,0,0,0,1,0,0,0,0,2,1,0,20,1,Dutch,72.wav,data/Emotify\rock\72.wav
172,rock,0,0,0,1,0,0,0,0,0,3,1,0,31,0,Chinese,72.wav,data/Emotify\rock\72.wav
172,rock,0,1,0,1,1,0,0,0,0,3,0,0,51,0,English,72.wav,data/Emotify\rock\72.wav
172,rock,0,0,0,0,0,0,1,0,0,4,0,0,33,0,German,72.wav,data/Emotify\rock\72.wav
172,rock,0,0,1,0,1,0,0,0,0,3,1,0,31,0,Dutch,72.wav,data/Emotify\rock\72.wav
172,rock,0,0,1,0,1,0,0,0,0,3,1,0,25,1,English,72.wav,data/Emotify\rock\72.wav
173,rock,0,1,0,1,1,0,0,0,0,5,0,0,30,0,German,73.wav,data/Emotify\rock\73.wav
173,rock,1,0,0,1,0,1,0,0,0,3,0,1,44,0,Dutch,73.wav,data/Emotify\rock\73.wav
173,rock,1,0,0,0,0,1,1,0,0,2,1,0,20,1,Dutch,73.wav,data/Emotify\rock\73.wav
173,rock,0,0,0,0,1,0,1,0,0,3,1,0,31,0,Dutch,73.wav,data/Emotify\rock\73.wav
173,rock,0,0,0,0,0,0,1,0,0,4,0,1,42,1,Dutch,73.wav,data/Emotify\rock\73.wav
173,rock,0,0,0,1,1,0,0,1,0,3,0,0,25,0,Russian,73.wav,data/Emotify\rock\73.wav
173,rock,0,1,0,0,0,0,1,1,0,4,1,0,31,1,French,73.wav,data/Emotify\rock\73.wav
173,rock,0,0,0,1,1,0,0,0,0,2,0,0,21,1,Russian,73.wav,data/Emotify\rock\73.wav
173,rock,0,0,0,1,0,1,1,0,0,3,1,0,26,0,Dutch,73.wav,data/Emotify\rock\73.wav
173,rock,0,0,0,0,1,1,1,0,0,5,1,0,19,1,Russian,73.wav,data/Emotify\rock\73.wav
173,rock,0,0,0,0,1,0,1,0,0,1,1,0,19,1,Russian,73.wav,data/Emotify\rock\73.wav
173,rock,1,0,0,0,1,0,1,0,0,4,1,0,25,1,Russian,73.wav,data/Emotify\rock\73.wav
173,rock,1,0,1,0,0,0,1,0,0,4,0,0,31,1,French,73.wav,data/Emotify\rock\73.wav
173,rock,0,0,0,1,0,1,0,1,0,5,1,0,29,1,English,73.wav,data/Emotify\rock\73.wav
174,rock,0,0,0,0,0,1,1,1,0,3,1,0,44,0,Dutch,74.wav,data/Emotify\rock\74.wav
174,rock,1,0,0,0,0,1,1,0,0,3,0,0,25,0,Russian,74.wav,data/Emotify\rock\74.wav
174,rock,0,0,0,0,0,1,0,0,0,3,1,0,31,0,Dutch,74.wav,data/Emotify\rock\74.wav
174,rock,0,0,0,0,0,0,1,1,0,4,1,0,32,0,Russian,74.wav,data/Emotify\rock\74.wav
174,rock,0,0,0,1,0,1,0,0,0,4,1,0,42,1,Dutch,74.wav,data/Emotify\rock\74.wav
174,rock,0,0,0,0,0,1,0,0,0,4,0,0,31,1,French,74.wav,data/Emotify\rock\74.wav
174,rock,1,0,0,0,0,0,0,0,0,2,0,1,21,1,Russian,74.wav,data/Emotify\rock\74.wav
174,rock,0,0,0,0,0,0,0,1,1,3,0,1,26,0,Dutch,74.wav,data/Emotify\rock\74.wav
174,rock,0,0,0,0,0,0,0,0,1,1,0,0,19,1,Russian,74.wav,data/Emotify\rock\74.wav
174,rock,0,1,0,0,0,1,1,0,0,3,0,0,21,0,Russian,74.wav,data/Emotify\rock\74.wav
174,rock,0,0,0,1,0,1,0,1,0,4,0,0,25,1,Russian,74.wav,data/Emotify\rock\74.wav
174,rock,0,0,0,0,0,1,0,0,0,4,0,1,31,1,French,74.wav,data/Emotify\rock\74.wav
174,rock,0,0,0,0,0,1,0,1,1,5,0,1,29,1,English,74.wav,data/Emotify\rock\74.wav
175,rock,0,0,1,1,0,0,0,0,0,4,0,0,42,1,Dutch,75.wav,data/Emotify\rock\75.wav
175,rock,0,1,1,1,0,0,0,0,0,3,0,0,19,1,English,75.wav,data/Emotify\rock\75.wav
175,rock,0,0,0,1,1,0,0,0,0,2,1,0,30,0,Dutch,75.wav,data/Emotify\rock\75.wav
175,rock,0,1,0,1,0,0,0,0,1,3,1,0,22,1,English,75.wav,data/Emotify\rock\75.wav
175,rock,0,0,0,0,1,0,0,0,0,4,0,0,31,1,French,75.wav,data/Emotify\rock\75.wav
175,rock,0,0,0,0,0,0,1,0,0,1,0,0,19,1,Russian,75.wav,data/Emotify\rock\75.wav
175,rock,0,0,0,1,1,0,0,0,0,3,1,0,26,0,Dutch,75.wav,data/Emotify\rock\75.wav
175,rock,1,0,0,0,0,1,1,0,0,4,1,0,11,1,Estonian,75.wav,data/Emotify\rock\75.wav
175,rock,0,0,0,0,0,1,0,0,0,3,1,0,29,1,Dutch,75.wav,data/Emotify\rock\75.wav
175,rock,1,0,0,1,1,0,0,0,0,4,1,0,25,1,Russian,75.wav,data/Emotify\rock\75.wav
175,rock,0,0,1,0,0,0,0,0,1,4,1,0,25,1,Dutch,75.wav,data/Emotify\rock\75.wav
175,rock,0,0,1,1,0,0,0,0,1,3,0,1,44,0,Dutch,75.wav,data/Emotify\rock\75.wav
175,rock,0,0,1,0,1,0,0,0,0,3,1,0,31,0,Dutch,75.wav,data/Emotify\rock\75.wav
175,rock,0,0,0,1,0,0,0,0,0,2,0,1,32,0,Greek,75.wav,data/Emotify\rock\75.wav
176,rock,0,0,1,0,1,0,1,0,0,4,1,0,42,1,Dutch,76.wav,data/Emotify\rock\76.wav
176,rock,0,0,0,0,0,0,0,0,1,4,0,0,23,1,German,76.wav,data/Emotify\rock\76.wav
176,rock,0,0,0,0,0,0,0,0,1,4,0,0,23,1,German,76.wav,data/Emotify\rock\76.wav
176,rock,0,0,0,0,1,0,0,0,0,4,0,0,31,0,English,76.wav,data/Emotify\rock\76.wav
176,rock,0,0,0,0,0,0,0,0,1,4,0,0,23,1,German,76.wav,data/Emotify\rock\76.wav
176,rock,0,0,0,0,0,0,0,0,1,4,0,0,23,1,German,76.wav,data/Emotify\rock\76.wav
176,rock,0,0,0,0,0,0,0,0,1,4,0,0,23,1,German,76.wav,data/Emotify\rock\76.wav
176,rock,0,0,1,0,0,0,0,0,0,4,0,0,31,1,French,76.wav,data/Emotify\rock\76.wav
176,rock,0,0,0,0,0,0,0,0,0,3,0,0,22,1,English,76.wav,data/Emotify\rock\76.wav
176,rock,0,0,0,0,0,0,0,0,0,4,0,1,62,0,Estonian,76.wav,data/Emotify\rock\76.wav
176,rock,0,0,0,1,0,0,0,0,1,4,0,0,23,1,German,76.wav,data/Emotify\rock\76.wav
176,rock,0,0,0,1,0,0,0,0,1,4,0,0,23,1,German,76.wav,data/Emotify\rock\76.wav
176,rock,0,0,0,0,0,0,0,1,0,3,0,1,47,0,Italian,76.wav,data/Emotify\rock\76.wav
176,rock,0,0,1,0,1,0,0,0,0,4,0,0,25,1,Estonian,76.wav,data/Emotify\rock\76.wav
176,rock,0,0,0,1,0,0,0,0,1,4,0,0,23,1,German,76.wav,data/Emotify\rock\76.wav
176,rock,0,0,0,1,1,0,0,0,1,4,0,1,11,1,Estonian,76.wav,data/Emotify\rock\76.wav
176,rock,0,0,0,1,0,0,0,0,1,4,0,0,23,1,German,76.wav,data/Emotify\rock\76.wav
176,rock,0,0,1,0,0,0,0,0,0,4,0,0,32,0,Dutch,76.wav,data/Emotify\rock\76.wav
176,rock,0,0,1,0,0,0,0,0,0,4,1,0,64,0,English,76.wav,data/Emotify\rock\76.wav
176,rock,0,0,0,0,0,0,0,0,1,4,0,0,23,1,German,76.wav,data/Emotify\rock\76.wav
176,rock,0,0,1,0,1,0,0,0,0,1,1,0,23,0,Dutch,76.wav,data/Emotify\rock\76.wav
176,rock,0,0,0,0,0,0,0,0,1,4,0,0,23,1,German,76.wav,data/Emotify\rock\76.wav
176,rock,0,0,0,0,0,0,0,0,1,4,0,0,23,1,German,76.wav,data/Emotify\rock\76.wav
176,rock,0,0,0,0,0,0,0,0,1,4,0,0,23,1,German,76.wav,data/Emotify\rock\76.wav
176,rock,0,0,0,1,1,0,0,0,1,4,0,0,25,1,Russian,76.wav,data/Emotify\rock\76.wav
176,rock,0,0,0,0,0,0,0,0,1,4,0,0,23,1,German,76.wav,data/Emotify\rock\76.wav
176,rock,0,0,0,0,0,0,0,0,1,4,0,0,23,1,German,76.wav,data/Emotify\rock\76.wav
176,rock,0,0,0,0,0,0,0,0,1,4,0,0,23,1,German,76.wav,data/Emotify\rock\76.wav
176,rock,0,0,0,0,0,0,0,0,1,4,0,0,23,1,German,76.wav,data/Emotify\rock\76.wav
176,rock,0,0,0,0,0,0,0,0,1,4,0,0,23,1,German,76.wav,data/Emotify\rock\76.wav
176,rock,0,0,0,0,0,0,0,0,1,4,0,0,23,1,German,76.wav,data/Emotify\rock\76.wav
176,rock,0,0,0,1,1,0,0,0,0,3,0,0,61,1,Dutch,76.wav,data/Emotify\rock\76.wav
176,rock,0,0,0,0,0,0,0,0,1,4,0,0,23,1,German,76.wav,data/Emotify\rock\76.wav
177,rock,0,0,1,0,0,0,0,1,0,2,0,1,30,0,Dutch,77.wav,data/Emotify\rock\77.wav
177,rock,0,0,0,0,1,0,0,0,0,3,1,0,61,1,Dutch,77.wav,data/Emotify\rock\77.wav
177,rock,0,0,0,1,0,1,0,0,1,4,0,0,31,1,French,77.wav,data/Emotify\rock\77.wav
177,rock,0,0,1,0,1,0,0,0,0,3,1,0,22,1,English,77.wav,data/Emotify\rock\77.wav
177,rock,0,0,1,0,1,0,1,0,0,3,0,0,47,0,Italian,77.wav,data/Emotify\rock\77.wav
177,rock,0,0,1,1,1,0,0,0,0,4,0,1,11,1,Estonian,77.wav,data/Emotify\rock\77.wav
177,rock,0,0,0,0,1,0,0,0,0,2,0,1,22,0,Russian,77.wav,data/Emotify\rock\77.wav
177,rock,0,0,0,0,0,0,0,0,1,5,1,0,38,1,Dutch,77.wav,data/Emotify\rock\77.wav
177,rock,0,1,0,1,0,0,1,0,0,4,1,0,63,0,Dutch,77.wav,data/Emotify\rock\77.wav
177,rock,0,0,0,0,1,0,1,0,0,4,1,0,26,0,Italian,77.wav,data/Emotify\rock\77.wav
177,rock,0,0,1,1,1,0,0,0,0,4,0,0,27,0,German,77.wav,data/Emotify\rock\77.wav
177,rock,0,0,0,0,1,0,0,0,0,3,0,0,23,0,English,77.wav,data/Emotify\rock\77.wav
177,rock,0,0,1,1,0,1,0,0,0,4,0,0,33,1,Greek,77.wav,data/Emotify\rock\77.wav
177,rock,0,0,0,1,0,1,0,0,1,4,1,0,42,1,Dutch,77.wav,data/Emotify\rock\77.wav
178,rock,0,0,0,0,1,0,0,0,0,4,0,1,21,0,Spanish,78.wav,data/Emotify\rock\78.wav
178,rock,0,1,1,0,0,0,0,0,0,2,0,0,23,1,Dutch,78.wav,data/Emotify\rock\78.wav
178,rock,1,1,0,0,1,0,0,0,0,3,0,0,16,1,Russian,78.wav,data/Emotify\rock\78.wav
178,rock,0,0,0,0,1,0,0,0,0,5,1,0,51,0,English,78.wav,data/Emotify\rock\78.wav
178,rock,1,0,0,0,0,1,0,0,0,4,0,0,30,0,Hebrew,78.wav,data/Emotify\rock\78.wav
178,rock,0,0,0,0,1,0,0,0,0,4,0,1,32,1,Dutch,78.wav,data/Emotify\rock\78.wav
178,rock,0,0,0,0,0,0,0,1,0,4,0,1,43,0,Dutch,78.wav,data/Emotify\rock\78.wav
178,rock,1,0,1,0,0,0,1,0,0,4,1,0,19,0,English,78.wav,data/Emotify\rock\78.wav
178,rock,0,0,1,1,1,0,0,0,0,3,1,0,52,1,Dutch,78.wav,data/Emotify\rock\78.wav
178,rock,0,0,1,0,0,0,0,1,0,4,1,0,64,0,English,78.wav,data/Emotify\rock\78.wav
178,rock,0,0,0,0,1,0,0,0,0,4,1,1,26,0,English,78.wav,data/Emotify\rock\78.wav
178,rock,1,0,1,1,0,0,0,0,0,4,0,0,33,0,Hungarian,78.wav,data/Emotify\rock\78.wav
178,rock,0,0,0,1,1,0,0,0,0,3,0,0,22,0,Dutch,78.wav,data/Emotify\rock\78.wav
178,rock,0,0,0,1,1,0,1,0,0,4,0,0,25,1,Estonian,78.wav,data/Emotify\rock\78.wav
179,rock,1,1,0,0,0,0,1,0,0,4,1,0,21,0,Spanish,79.wav,data/Emotify\rock\79.wav
179,rock,0,0,0,0,0,0,1,0,0,4,1,0,16,1,Russian,79.wav,data/Emotify\rock\79.wav
179,rock,0,0,0,1,0,0,1,0,1,5,1,0,23,0,Bengali,79.wav,data/Emotify\rock\79.wav
179,rock,0,0,0,0,0,0,1,0,0,4,1,0,14,1,Russian,79.wav,data/Emotify\rock\79.wav
179,rock,0,0,0,0,0,0,0,1,0,2,0,1,23,1,Dutch,79.wav,data/Emotify\rock\79.wav
179,rock,0,0,0,0,0,0,0,1,0,4,0,0,17,0,Dutch,79.wav,data/Emotify\rock\79.wav
179,rock,0,0,0,1,0,0,1,0,0,3,1,0,18,0,English,79.wav,data/Emotify\rock\79.wav
179,rock,0,0,0,0,0,0,0,1,0,3,0,1,43,1,Dutch,79.wav,data/Emotify\rock\79.wav
179,rock,0,0,0,0,0,0,1,0,0,4,0,0,19,0,English,79.wav,data/Emotify\rock\79.wav
179,rock,0,0,0,0,0,0,0,1,0,3,0,0,52,1,Dutch,79.wav,data/Emotify\rock\79.wav
179,rock,0,0,0,0,0,0,1,0,0,5,0,0,17,0,Greek,79.wav,data/Emotify\rock\79.wav
179,rock,0,0,0,0,0,0,1,0,0,4,0,0,47,0,Italian,79.wav,data/Emotify\rock\79.wav
179,rock,0,1,0,0,1,0,1,0,0,2,1,0,32,0,Greek,79.wav,data/Emotify\rock\79.wav
179,rock,1,0,0,1,0,0,1,0,0,4,0,0,25,1,Russian,79.wav,data/Emotify\rock\79.wav
180,rock,0,0,0,0,1,1,1,0,0,3,1,0,53,1,English,80.wav,data/Emotify\rock\80.wav
180,rock,0,0,0,0,1,1,0,0,0,4,1,0,30,1,German,80.wav,data/Emotify\rock\80.wav
180,rock,1,0,0,0,0,1,0,0,0,4,0,0,50,0,Dutch,80.wav,data/Emotify\rock\80.wav
180,rock,0,0,1,1,0,0,0,0,1,1,1,0,23,0,Dutch,80.wav,data/Emotify\rock\80.wav
180,rock,0,1,0,0,0,0,0,0,1,4,0,0,29,0,Spanish,80.wav,data/Emotify\rock\80.wav
180,rock,0,0,0,0,1,1,0,0,0,3,1,0,60,0,Dutch,80.wav,data/Emotify\rock\80.wav
180,rock,0,0,1,0,0,0,0,0,0,4,1,0,19,0,English,80.wav,data/Emotify\rock\80.wav
180,rock,0,0,0,0,0,0,0,1,0,4,0,1,27,0,Dutch,80.wav,data/Emotify\rock\80.wav
180,rock,0,0,0,0,0,0,0,1,1,3,0,0,52,1,Dutch,80.wav,data/Emotify\rock\80.wav
180,rock,0,0,0,0,1,0,0,0,1,4,1,0,43,0,Dutch,80.wav,data/Emotify\rock\80.wav
180,rock,0,1,0,0,0,0,0,1,0,2,0,0,47,1,English,80.wav,data/Emotify\rock\80.wav
180,rock,0,0,0,0,0,0,0,0,1,4,0,1,21,0,Spanish,80.wav,data/Emotify\rock\80.wav
180,rock,0,0,0,0,0,0,0,1,1,3,0,1,43,1,Dutch,80.wav,data/Emotify\rock\80.wav
180,rock,1,0,0,0,0,0,0,0,0,2,1,0,15,0,Russian,80.wav,data/Emotify\rock\80.wav
181,rock,0,0,1,0,1,0,0,0,0,4,1,0,29,0,Spanish,81.wav,data/Emotify\rock\81.wav
181,rock,0,0,0,0,1,0,0,0,0,5,1,0,44,0,Dutch,81.wav,data/Emotify\rock\81.wav
181,rock,1,0,0,0,0,0,0,1,0,4,1,0,30,0,Hebrew,81.wav,data/Emotify\rock\81.wav
181,rock,0,0,0,0,0,1,1,0,0,4,0,1,33,0,English,81.wav,data/Emotify\rock\81.wav
181,rock,0,0,1,0,1,0,1,0,0,4,0,1,32,1,Dutch,81.wav,data/Emotify\rock\81.wav
181,rock,0,0,0,0,0,1,1,0,0,4,0,1,43,0,Dutch,81.wav,data/Emotify\rock\81.wav
181,rock,0,0,0,0,0,0,1,0,0,3,0,0,52,1,Dutch,81.wav,data/Emotify\rock\81.wav
181,rock,0,0,0,0,0,0,1,1,0,4,0,0,64,0,English,81.wav,data/Emotify\rock\81.wav
181,rock,0,0,1,0,0,1,1,0,0,2,0,1,21,0,English,81.wav,data/Emotify\rock\81.wav
181,rock,0,0,0,0,0,0,1,1,0,4,0,0,33,0,Hungarian,81.wav,data/Emotify\rock\81.wav
181,rock,0,0,0,1,1,0,0,0,0,3,1,0,20,1,English,81.wav,data/Emotify\rock\81.wav
181,rock,0,1,0,0,0,0,1,0,0,4,0,1,17,0,English,81.wav,data/Emotify\rock\81.wav
181,rock,0,0,0,0,0,1,0,0,0,2,1,0,23,1,Dutch,81.wav,data/Emotify\rock\81.wav
181,rock,0,0,1,0,0,0,0,0,0,5,0,1,38,0,Dutch,81.wav,data/Emotify\rock\81.wav
182,rock,0,1,0,0,1,0,0,0,0,4,0,0,29,0,Spanish,82.wav,data/Emotify\rock\82.wav
182,rock,0,0,1,0,1,0,0,0,0,4,0,0,30,0,Hebrew,82.wav,data/Emotify\rock\82.wav
182,rock,0,0,0,1,0,0,0,0,0,1,0,1,20,0,English,82.wav,data/Emotify\rock\82.wav
182,rock,0,0,1,0,1,0,0,0,0,5,0,0,44,0,Dutch,82.wav,data/Emotify\rock\82.wav
182,rock,0,0,0,1,1,0,0,0,1,3,1,0,23,1,Russian,82.wav,data/Emotify\rock\82.wav
182,rock,0,0,0,0,1,0,0,0,0,4,0,1,33,0,English,82.wav,data/Emotify\rock\82.wav
182,rock,0,0,1,1,1,0,0,0,0,4,1,0,39,1,Dutch,82.wav,data/Emotify\rock\82.wav
182,rock,0,0,1,0,0,0,0,0,1,4,0,1,43,0,Dutch,82.wav,data/Emotify\rock\82.wav
182,rock,0,0,0,1,1,0,0,0,0,3,0,0,22,0,Malay,82.wav,data/Emotify\rock\82.wav
182,rock,0,0,1,0,1,0,0,0,0,4,1,0,64,0,English,82.wav,data/Emotify\rock\82.wav
182,rock,0,0,1,0,0,0,0,0,0,4,0,0,33,0,Hungarian,82.wav,data/Emotify\rock\82.wav
182,rock,0,0,0,0,0,0,0,0,1,3,1,0,21,1,Estonian,82.wav,data/Emotify\rock\82.wav
182,rock,0,0,1,1,0,0,0,0,1,4,0,0,17,0,English,82.wav,data/Emotify\rock\82.wav
182,rock,1,0,1,0,0,0,0,0,0,5,1,0,23,1,Russian,82.wav,data/Emotify\rock\82.wav
183,rock,0,0,0,0,1,0,0,0,1,3,0,0,47,0,Italian,83.wav,data/Emotify\rock\83.wav
183,rock,0,0,1,0,1,0,0,0,0,4,0,0,29,0,Spanish,83.wav,data/Emotify\rock\83.wav
183,rock,0,0,0,0,0,0,0,0,1,4,0,0,31,1,French,83.wav,data/Emotify\rock\83.wav
183,rock,0,0,0,0,1,0,1,0,0,5,1,0,44,0,Dutch,83.wav,data/Emotify\rock\83.wav
183,rock,1,0,0,1,1,0,0,0,0,4,0,1,11,1,Estonian,83.wav,data/Emotify\rock\83.wav
183,rock,0,0,0,0,1,0,0,0,0,4,0,1,33,0,English,83.wav,data/Emotify\rock\83.wav
183,rock,0,0,0,1,0,0,0,0,0,3,0,0,22,0,Malay,83.wav,data/Emotify\rock\83.wav
183,rock,0,0,0,1,1,0,0,0,1,4,1,0,39,1,Dutch,83.wav,data/Emotify\rock\83.wav
183,rock,0,0,1,1,0,0,0,0,0,3,0,1,23,1,Czech,83.wav,data/Emotify\rock\83.wav
183,rock,0,0,1,0,0,0,0,0,0,2,0,1,23,0,Russian,83.wav,data/Emotify\rock\83.wav
183,rock,0,1,0,1,0,0,0,0,1,4,0,0,17,0,English,83.wav,data/Emotify\rock\83.wav
183,rock,0,0,0,1,1,0,0,0,0,5,1,0,38,1,Dutch,83.wav,data/Emotify\rock\83.wav
183,rock,0,0,1,0,0,0,0,0,1,4,1,0,26,0,Italian,83.wav,data/Emotify\rock\83.wav
183,rock,0,0,1,0,0,0,0,0,0,4,1,0,16,1,Russian,83.wav,data/Emotify\rock\83.wav
184,rock,0,0,0,1,1,0,0,1,0,4,1,0,39,1,Dutch,84.wav,data/Emotify\rock\84.wav
184,rock,0,0,0,0,1,0,0,0,0,2,0,0,32,0,English,84.wav,data/Emotify\rock\84.wav
184,rock,0,1,0,0,0,0,0,0,0,2,1,0,23,0,Russian,84.wav,data/Emotify\rock\84.wav
184,rock,0,0,1,0,1,0,0,0,0,4,1,0,26,0,Italian,84.wav,data/Emotify\rock\84.wav
184,rock,0,0,0,0,0,0,0,1,0,3,0,1,60,1,English,84.wav,data/Emotify\rock\84.wav
184,rock,0,0,0,1,1,0,1,0,0,3,1,0,25,0,Russian,84.wav,data/Emotify\rock\84.wav
184,rock,0,0,0,1,1,0,1,0,0,3,1,0,25,0,Russian,84.wav,data/Emotify\rock\84.wav
184,rock,0,0,0,0,1,0,0,0,0,4,0,0,17,0,English,84.wav,data/Emotify\rock\84.wav
184,rock,0,0,0,0,0,0,0,1,0,5,0,1,38,1,Dutch,84.wav,data/Emotify\rock\84.wav
184,rock,0,0,1,1,1,0,0,0,0,4,1,0,17,0,English,84.wav,data/Emotify\rock\84.wav
184,rock,1,0,0,0,0,0,0,0,0,3,1,0,25,1,Greek,84.wav,data/Emotify\rock\84.wav
184,rock,0,0,1,0,0,0,0,0,0,4,1,0,16,1,Russian,84.wav,data/Emotify\rock\84.wav
184,rock,1,0,0,0,1,0,0,0,0,4,1,0,25,0,Italian,84.wav,data/Emotify\rock\84.wav
184,rock,0,0,1,1,0,0,0,0,0,3,0,0,23,0,Russian,84.wav,data/Emotify\rock\84.wav
185,rock,0,0,0,0,0,1,1,0,0,3,1,0,23,1,Russian,85.wav,data/Emotify\rock\85.wav
185,rock,0,1,0,0,0,1,1,0,0,4,1,0,39,1,Dutch,85.wav,data/Emotify\rock\85.wav
185,rock,0,0,0,0,0,1,1,0,0,5,1,0,38,1,Dutch,85.wav,data/Emotify\rock\85.wav
185,rock,0,0,0,0,0,0,0,1,0,2,0,1,32,0,English,85.wav,data/Emotify\rock\85.wav
185,rock,0,0,0,0,0,1,0,0,0,2,1,0,23,0,Russian,85.wav,data/Emotify\rock\85.wav
185,rock,0,0,0,0,0,0,0,0,1,3,0,1,36,0,German,85.wav,data/Emotify\rock\85.wav
185,rock,0,0,0,0,0,0,0,0,0,1,0,1,23,0,Dutch,85.wav,data/Emotify\rock\85.wav
185,rock,0,0,0,0,0,0,1,1,0,2,0,1,35,0,Dutch,85.wav,data/Emotify\rock\85.wav
185,rock,0,0,0,0,0,1,0,1,0,4,1,0,17,0,English,85.wav,data/Emotify\rock\85.wav
185,rock,0,0,0,0,0,0,1,0,0,3,1,0,25,1,Greek,85.wav,data/Emotify\rock\85.wav
185,rock,0,0,0,0,1,0,0,1,0,4,1,0,47,1,English,85.wav,data/Emotify\rock\85.wav
185,rock,0,0,0,0,0,0,1,0,0,4,1,0,16,1,Russian,85.wav,data/Emotify\rock\85.wav
185,rock,0,0,0,0,1,0,0,1,0,4,1,0,47,1,English,85.wav,data/Emotify\rock\85.wav
185,rock,0,0,0,0,0,1,0,1,0,3,0,1,23,0,Russian,85.wav,data/Emotify\rock\85.wav
186,rock,0,0,1,1,0,0,1,0,0,3,1,0,26,1,Russian,86.wav,data/Emotify\rock\86.wav
186,rock,0,0,0,0,0,1,0,0,0,4,1,0,22,0,English,86.wav,data/Emotify\rock\86.wav
186,rock,0,0,0,1,0,1,0,0,1,4,1,0,39,1,Dutch,86.wav,data/Emotify\rock\86.wav
186,rock,0,0,0,0,0,0,0,1,0,2,0,0,54,1,English,86.wav,data/Emotify\rock\86.wav
186,rock,0,0,1,1,0,0,0,0,1,3,0,0,17,0,Dutch,86.wav,data/Emotify\rock\86.wav
186,rock,1,0,0,0,0,0,0,0,0,2,1,0,23,0,Russian,86.wav,data/Emotify\rock\86.wav
186,rock,0,0,0,1,0,0,0,0,0,2,0,1,32,0,English,86.wav,data/Emotify\rock\86.wav
186,rock,0,0,0,0,1,0,1,0,0,4,0,0,18,0,Norwegian,86.wav,data/Emotify\rock\86.wav
186,rock,0,0,0,0,0,0,0,0,1,3,0,1,36,0,German,86.wav,data/Emotify\rock\86.wav
186,rock,0,0,0,0,0,1,1,1,0,2,0,1,47,1,Dutch,86.wav,data/Emotify\rock\86.wav
186,rock,1,0,1,0,0,0,0,0,0,5,0,0,25,1,Russian,86.wav,data/Emotify\rock\86.wav
186,rock,0,1,1,0,0,1,0,0,0,4,0,0,17,0,English,86.wav,data/Emotify\rock\86.wav
186,rock,1,0,0,0,0,0,0,0,0,3,1,0,25,1,Greek,86.wav,data/Emotify\rock\86.wav
186,rock,0,0,0,0,1,0,0,0,0,4,1,0,16,1,Russian,86.wav,data/Emotify\rock\86.wav
187,rock,0,1,0,0,1,0,0,0,1,4,0,0,22,0,English,87.wav,data/Emotify\rock\87.wav
187,rock,0,0,0,1,0,0,0,1,1,4,1,0,39,1,Dutch,87.wav,data/Emotify\rock\87.wav
187,rock,0,1,0,0,0,0,0,0,0,2,0,0,23,0,Russian,87.wav,data/Emotify\rock\87.wav
187,rock,0,1,0,1,0,1,0,0,0,4,0,0,18,0,Norwegian,87.wav,data/Emotify\rock\87.wav
187,rock,0,0,0,1,0,0,0,1,0,4,0,1,45,0,English,87.wav,data/Emotify\rock\87.wav
187,rock,0,0,0,0,1,0,0,0,0,2,0,0,32,0,English,87.wav,data/Emotify\rock\87.wav
187,rock,0,0,0,0,0,0,0,0,1,3,0,1,36,0,German,87.wav,data/Emotify\rock\87.wav
187,rock,0,1,1,1,0,0,0,0,0,2,1,0,47,1,Dutch,87.wav,data/Emotify\rock\87.wav
187,rock,0,0,0,0,1,0,0,0,1,1,0,0,27,0,English,87.wav,data/Emotify\rock\87.wav
187,rock,0,0,1,1,1,0,0,0,0,4,0,0,17,0,English,87.wav,data/Emotify\rock\87.wav
187,rock,0,0,0,0,0,0,0,0,1,4,0,0,20,0,Dutch,87.wav,data/Emotify\rock\87.wav
187,rock,0,0,0,0,1,0,0,0,0,3,0,1,25,1,Greek,87.wav,data/Emotify\rock\87.wav
187,rock,0,0,1,0,0,0,0,0,0,4,1,0,16,1,Russian,87.wav,data/Emotify\rock\87.wav
187,rock,0,1,0,0,1,0,0,0,0,5,0,0,25,1,Russian,87.wav,data/Emotify\rock\87.wav
188,rock,1,0,1,0,0,0,1,0,0,4,0,0,22,0,English,88.wav,data/Emotify\rock\88.wav
188,rock,0,0,0,1,1,0,0,0,1,4,0,0,41,0,English,88.wav,data/Emotify\rock\88.wav
188,rock,0,0,1,0,0,0,0,0,0,2,0,0,23,0,Russian,88.wav,data/Emotify\rock\88.wav
188,rock,0,0,1,1,0,0,0,0,1,4,0,0,39,1,Dutch,88.wav,data/Emotify\rock\88.wav
188,rock,0,0,1,1,0,0,0,0,0,4,0,0,34,0,English,88.wav,data/Emotify\rock\88.wav
188,rock,0,0,1,1,0,0,0,0,1,2,1,0,47,1,Dutch,88.wav,data/Emotify\rock\88.wav
188,rock,0,0,0,1,0,0,0,0,0,4,0,1,45,0,English,88.wav,data/Emotify\rock\88.wav
188,rock,0,0,0,1,0,0,0,1,1,4,0,0,17,0,English,88.wav,data/Emotify\rock\88.wav
188,rock,0,0,0,0,0,0,0,0,1,4,0,0,20,0,Dutch,88.wav,data/Emotify\rock\88.wav
188,rock,0,0,0,0,1,0,0,1,1,4,1,0,20,0,Dutch,88.wav,data/Emotify\rock\88.wav
188,rock,0,0,1,1,0,0,1,0,0,4,0,0,23,0,English,88.wav,data/Emotify\rock\88.wav
188,rock,0,0,0,0,0,1,0,0,0,4,1,0,16,1,Russian,88.wav,data/Emotify\rock\88.wav
188,rock,0,0,0,0,0,0,0,1,1,3,0,1,25,1,Russian,88.wav,data/Emotify\rock\88.wav
188,rock,0,0,1,1,1,0,0,0,0,4,0,0,22,1,Croatian,88.wav,data/Emotify\rock\88.wav
189,rock,0,0,1,0,1,0,0,0,0,4,0,0,41,0,English,89.wav,data/Emotify\rock\89.wav
189,rock,0,0,0,0,0,0,0,1,0,2,0,1,23,0,Russian,89.wav,data/Emotify\rock\89.wav
189,rock,1,0,1,0,0,0,1,0,0,3,1,0,35,1,English,89.wav,data/Emotify\rock\89.wav
189,rock,0,0,1,1,0,0,0,1,0,4,1,0,39,1,Dutch,89.wav,data/Emotify\rock\89.wav
189,rock,0,0,0,0,0,1,1,1,0,2,0,1,47,1,Dutch,89.wav,data/Emotify\rock\89.wav
189,rock,0,0,1,0,0,0,1,0,0,4,1,0,45,0,English,89.wav,data/Emotify\rock\89.wav
189,rock,0,0,1,0,1,0,1,0,0,1,0,0,27,0,English,89.wav,data/Emotify\rock\89.wav
189,rock,0,0,0,0,0,0,0,0,1,4,1,0,31,0,English,89.wav,data/Emotify\rock\89.wav
189,rock,0,0,1,0,1,0,0,0,0,4,0,0,17,0,English,89.wav,data/Emotify\rock\89.wav
189,rock,1,0,0,0,0,0,1,0,0,4,1,0,41,0,Dutch,89.wav,data/Emotify\rock\89.wav
189,rock,0,0,0,0,0,0,1,0,0,2,1,0,17,0,Dutch,89.wav,data/Emotify\rock\89.wav
189,rock,0,1,0,0,0,0,0,0,0,4,1,0,16,1,Russian,89.wav,data/Emotify\rock\89.wav
189,rock,0,0,0,0,1,0,0,0,1,3,0,1,25,1,Russian,89.wav,data/Emotify\rock\89.wav
189,rock,0,0,1,0,0,0,1,0,0,3,0,0,19,0,English,89.wav,data/Emotify\rock\89.wav
189,rock,0,0,1,0,0,1,0,0,0,4,0,0,33,1,Greek,89.wav,data/Emotify\rock\89.wav
190,rock,0,0,0,1,0,0,0,1,1,4,1,0,39,1,Dutch,90.wav,data/Emotify\rock\90.wav
190,rock,0,0,1,1,1,0,0,0,0,4,1,0,45,0,English,90.wav,data/Emotify\rock\90.wav
190,rock,0,0,0,1,0,0,0,0,1,3,1,0,38,0,English,90.wav,data/Emotify\rock\90.wav
190,rock,0,0,0,1,1,0,0,0,0,4,0,0,34,1,English,90.wav,data/Emotify\rock\90.wav
190,rock,0,1,0,1,1,0,0,0,0,4,0,0,17,0,English,90.wav,data/Emotify\rock\90.wav
190,rock,0,0,1,0,1,0,0,0,1,1,1,0,23,0,Dutch,90.wav,data/Emotify\rock\90.wav
190,rock,0,0,0,0,0,0,0,1,1,2,0,1,35,0,Dutch,90.wav,data/Emotify\rock\90.wav
190,rock,0,0,1,1,1,0,0,0,0,3,0,0,39,0,English,90.wav,data/Emotify\rock\90.wav
190,rock,0,0,1,0,1,0,0,0,1,3,0,0,21,0,Russian,90.wav,data/Emotify\rock\90.wav
190,rock,0,0,0,1,0,0,0,0,0,4,1,0,16,1,Russian,90.wav,data/Emotify\rock\90.wav
190,rock,0,0,0,0,1,1,0,0,0,4,0,0,16,0,Russian,90.wav,data/Emotify\rock\90.wav
190,rock,0,0,1,1,0,0,0,0,0,4,0,0,33,1,Greek,90.wav,data/Emotify\rock\90.wav
190,rock,0,1,0,0,0,0,0,0,1,3,0,1,19,0,English,90.wav,data/Emotify\rock\90.wav
190,rock,0,0,1,0,0,0,0,0,0,2,1,0,23,0,Russian,90.wav,data/Emotify\rock\90.wav
191,rock,0,0,1,1,0,0,0,0,1,3,0,1,30,0,Dutch,91.wav,data/Emotify\rock\91.wav
191,rock,0,0,1,1,1,0,0,0,0,4,1,0,39,1,Dutch,91.wav,data/Emotify\rock\91.wav
191,rock,0,0,1,0,0,0,0,0,0,4,0,1,62,0,Estonian,91.wav,data/Emotify\rock\91.wav
191,rock,1,0,0,0,1,0,1,0,0,4,0,0,35,0,Italian,91.wav,data/Emotify\rock\91.wav
191,rock,0,1,0,1,1,0,0,0,0,3,0,0,19,1,Spanish,91.wav,data/Emotify\rock\91.wav
191,rock,0,0,0,1,0,0,0,1,0,4,0,0,33,0,Hungarian,91.wav,data/Emotify\rock\91.wav
191,rock,0,0,0,0,1,0,0,0,0,4,1,0,16,1,Russian,91.wav,data/Emotify\rock\91.wav
191,rock,0,0,1,1,1,0,0,0,0,4,1,0,41,1,Dutch,91.wav,data/Emotify\rock\91.wav
191,rock,0,0,0,0,0,1,1,0,0,4,0,0,33,1,Greek,91.wav,data/Emotify\rock\91.wav
191,rock,0,0,1,1,0,0,0,0,1,4,0,0,44,1,Dutch,91.wav,data/Emotify\rock\91.wav
191,rock,0,1,0,0,0,0,0,0,0,4,1,0,50,0,Dutch,91.wav,data/Emotify\rock\91.wav
191,rock,1,1,0,0,1,0,0,0,0,4,1,0,27,1,German,91.wav,data/Emotify\rock\91.wav
191,rock,0,0,1,0,0,0,0,0,0,5,0,0,22,1,Chinese,91.wav,data/Emotify\rock\91.wav
192,rock,0,0,1,0,0,1,1,0,0,4,0,1,49,0,English,92.wav,data/Emotify\rock\92.wav
192,rock,0,0,0,1,1,0,0,0,0,3,0,1,22,1,Russian,92.wav,data/Emotify\rock\92.wav
192,rock,0,0,1,1,1,0,0,0,0,4,0,0,35,0,Italian,92.wav,data/Emotify\rock\92.wav
192,rock,0,0,0,0,0,0,0,0,1,1,0,0,23,0,Dutch,92.wav,data/Emotify\rock\92.wav
192,rock,0,0,0,1,0,0,0,0,0,4,0,0,41,1,English,92.wav,data/Emotify\rock\92.wav
192,rock,0,0,0,0,0,0,0,1,0,4,0,1,53,1,English,92.wav,data/Emotify\rock\92.wav
192,rock,0,1,0,0,0,0,0,0,0,3,1,0,58,1,English,92.wav,data/Emotify\rock\92.wav
192,rock,0,0,1,0,0,0,1,0,0,5,1,0,17,1,Finnish,92.wav,data/Emotify\rock\92.wav
192,rock,0,0,1,0,0,1,1,0,0,5,0,0,19,1,Russian,92.wav,data/Emotify\rock\92.wav
192,rock,0,0,0,0,1,0,0,0,0,2,1,0,34,0,English,92.wav,data/Emotify\rock\92.wav
192,rock,0,0,0,1,1,0,0,0,1,4,0,0,41,1,Dutch,92.wav,data/Emotify\rock\92.wav
192,rock,0,0,0,1,1,0,0,0,0,3,1,0,38,0,Danish,92.wav,data/Emotify\rock\92.wav
192,rock,0,0,1,0,1,0,0,1,0,4,1,0,64,0,English,92.wav,data/Emotify\rock\92.wav
192,rock,0,1,1,1,0,0,0,0,0,4,0,0,44,1,Dutch,92.wav,data/Emotify\rock\92.wav
193,rock,0,0,0,1,0,0,0,0,0,3,0,0,46,1,Dutch,93.wav,data/Emotify\rock\93.wav
193,rock,0,0,0,1,1,0,0,0,0,5,0,1,17,1,Finnish,93.wav,data/Emotify\rock\93.wav
193,rock,0,0,0,0,0,0,0,0,1,4,0,0,41,1,English,93.wav,data/Emotify\rock\93.wav
193,rock,0,1,1,0,0,0,0,0,1,4,0,0,62,0,Estonian,93.wav,data/Emotify\rock\93.wav
193,rock,0,0,0,1,1,0,0,0,1,3,0,0,22,1,English,93.wav,data/Emotify\rock\93.wav
193,rock,0,0,0,1,0,0,0,0,1,4,0,0,44,1,Dutch,93.wav,data/Emotify\rock\93.wav
193,rock,0,0,1,0,1,0,0,0,1,4,0,0,41,1,Dutch,93.wav,data/Emotify\rock\93.wav
193,rock,0,0,1,0,1,0,0,0,0,4,1,0,30,0,Slovenian,93.wav,data/Emotify\rock\93.wav
193,rock,0,0,0,1,0,0,0,1,1,3,0,1,20,1,Russian,93.wav,data/Emotify\rock\93.wav
193,rock,0,1,0,1,0,0,0,0,1,4,0,1,49,0,English,93.wav,data/Emotify\rock\93.wav
193,rock,0,0,1,0,1,0,0,0,0,4,1,0,23,0,Dutch,93.wav,data/Emotify\rock\93.wav
193,rock,0,0,1,1,1,0,0,0,0,4,1,0,64,0,English,93.wav,data/Emotify\rock\93.wav
193,rock,0,0,1,0,0,0,0,0,1,2,1,0,34,0,Dutch,93.wav,data/Emotify\rock\93.wav
194,rock,1,0,0,0,0,0,0,0,1,3,0,0,46,1,Dutch,94.wav,data/Emotify\rock\94.wav
194,rock,0,0,0,0,1,0,1,0,0,5,1,1,17,1,Finnish,94.wav,data/Emotify\rock\94.wav
194,rock,1,0,0,0,0,0,0,0,0,5,0,0,29,1,Russian,94.wav,data/Emotify\rock\94.wav
194,rock,0,0,0,0,1,0,0,0,0,2,0,0,28,1,Dutch,94.wav,data/Emotify\rock\94.wav
194,rock,0,0,0,1,1,1,0,0,0,3,0,0,19,1,Spanish,94.wav,data/Emotify\rock\94.wav
194,rock,0,0,0,0,0,0,0,0,1,4,0,1,31,0,English,94.wav,data/Emotify\rock\94.wav
194,rock,0,0,0,0,0,1,0,0,0,3,1,0,74,0,Dutch,94.wav,data/Emotify\rock\94.wav
194,rock,0,0,1,0,0,0,1,0,0,4,1,0,47,1,English,94.wav,data/Emotify\rock\94.wav
194,rock,0,1,0,1,0,0,0,0,1,4,0,1,49,0,English,94.wav,data/Emotify\rock\94.wav
194,rock,0,0,1,0,0,0,1,0,0,4,1,0,47,1,English,94.wav,data/Emotify\rock\94.wav
194,rock,0,0,1,0,0,0,1,0,0,4,1,0,47,1,English,94.wav,data/Emotify\rock\94.wav
194,rock,0,0,1,0,0,0,1,0,0,4,1,0,47,1,English,94.wav,data/Emotify\rock\94.wav
194,rock,0,0,0,0,1,0,0,0,1,2,1,0,40,0,Dutch,94.wav,data/Emotify\rock\94.wav
194,rock,0,0,0,1,1,0,0,0,1,3,0,1,26,0,Dutch,94.wav,data/Emotify\rock\94.wav
194,rock,0,0,0,0,0,1,0,0,0,4,0,0,33,1,Greek,94.wav,data/Emotify\rock\94.wav
194,rock,0,0,0,1,0,0,1,0,0,2,1,0,34,0,Dutch,94.wav,data/Emotify\rock\94.wav
195,rock,0,0,1,0,1,0,0,0,0,5,1,0,18,0,Swedish,95.wav,data/Emotify\rock\95.wav
195,rock,0,0,1,1,1,0,0,0,0,3,0,0,53,1,Dutch,95.wav,data/Emotify\rock\95.wav
195,rock,0,0,0,1,1,0,0,0,0,5,0,0,25,1,Estonian,95.wav,data/Emotify\rock\95.wav
195,rock,0,0,1,0,1,0,0,0,0,4,0,0,44,0,French,95.wav,data/Emotify\rock\95.wav
195,rock,0,1,0,1,0,0,0,0,1,5,0,1,37,0,Arabic,95.wav,data/Emotify\rock\95.wav
195,rock,0,0,0,1,1,0,0,0,0,4,0,0,25,1,Estonian,95.wav,data/Emotify\rock\95.wav
195,rock,0,0,1,1,1,0,0,0,0,5,1,0,33,0,English,95.wav,data/Emotify\rock\95.wav
195,rock,0,0,0,1,1,0,0,0,1,4,1,0,43,0,Dutch,95.wav,data/Emotify\rock\95.wav
195,rock,0,0,1,1,0,0,0,0,0,3,0,1,23,0,French,95.wav,data/Emotify\rock\95.wav
195,rock,0,0,0,0,0,0,0,0,1,2,1,0,30,0,Dutch,95.wav,data/Emotify\rock\95.wav
195,rock,0,0,0,1,1,0,0,0,0,5,1,0,23,1,Russian,95.wav,data/Emotify\rock\95.wav
195,rock,0,0,1,0,0,0,0,0,1,4,0,0,26,0,English,95.wav,data/Emotify\rock\95.wav
195,rock,0,1,1,0,0,0,0,0,1,5,1,0,23,0,English,95.wav,data/Emotify\rock\95.wav
195,rock,0,0,0,1,1,0,0,0,1,2,0,1,19,1,English,95.wav,data/Emotify\rock\95.wav
196,rock,1,0,0,0,1,0,0,0,1,5,1,0,18,0,Swedish,96.wav,data/Emotify\rock\96.wav
196,rock,0,0,0,1,0,0,0,0,0,3,0,1,53,1,Dutch,96.wav,data/Emotify\rock\96.wav
196,rock,0,0,0,0,1,0,0,0,1,3,1,0,21,1,Dutch,96.wav,data/Emotify\rock\96.wav
196,rock,0,0,0,1,0,0,0,1,1,3,0,1,29,0,Russian,96.wav,data/Emotify\rock\96.wav
196,rock,0,0,0,0,1,0,0,0,0,2,0,1,29,0,English,96.wav,data/Emotify\rock\96.wav
196,rock,0,0,0,0,0,0,1,0,0,4,0,0,36,0,Italian,96.wav,data/Emotify\rock\96.wav
196,rock,0,0,0,1,0,0,0,0,0,3,1,0,74,0,Dutch,96.wav,data/Emotify\rock\96.wav
196,rock,0,1,0,0,1,0,0,1,0,4,0,0,17,0,Dutch,96.wav,data/Emotify\rock\96.wav
196,rock,0,0,0,1,1,0,0,0,0,2,0,0,47,1,English,96.wav,data/Emotify\rock\96.wav
196,rock,1,0,0,1,0,0,0,0,1,3,0,1,26,0,Dutch,96.wav,data/Emotify\rock\96.wav
196,rock,0,0,0,0,0,0,1,0,0,5,1,0,23,1,Russian,96.wav,data/Emotify\rock\96.wav
196,rock,1,0,0,1,0,0,1,0,0,4,0,0,25,1,Russian,96.wav,data/Emotify\rock\96.wav
196,rock,0,0,0,1,1,0,0,0,0,4,1,0,20,0,Dutch,96.wav,data/Emotify\rock\96.wav
196,rock,0,1,0,0,0,1,1,0,0,4,0,0,16,0,Russian,96.wav,data/Emotify\rock\96.wav
197,rock,0,0,0,0,0,0,1,1,0,5,0,0,18,0,Swedish,97.wav,data/Emotify\rock\97.wav
197,rock,1,1,0,0,0,0,1,0,0,2,0,0,24,0,Estonian,97.wav,data/Emotify\rock\97.wav
197,rock,0,0,0,0,0,0,0,0,1,2,0,1,32,0,Greek,97.wav,data/Emotify\rock\97.wav
197,rock,0,0,0,0,0,0,1,0,0,2,0,1,29,0,English,97.wav,data/Emotify\rock\97.wav
197,rock,0,0,0,0,0,1,0,0,0,3,0,1,74,0,Dutch,97.wav,data/Emotify\rock\97.wav
197,rock,0,0,0,0,0,1,1,0,0,3,0,0,27,0,English,97.wav,data/Emotify\rock\97.wav
197,rock,0,0,0,0,1,0,0,0,0,4,1,0,31,0,English,97.wav,data/Emotify\rock\97.wav
197,rock,0,0,0,0,0,0,0,1,0,3,1,0,22,1,English,97.wav,data/Emotify\rock\97.wav
197,rock,0,1,0,0,0,0,0,0,0,4,1,0,31,0,Hebrew,97.wav,data/Emotify\rock\97.wav
197,rock,0,0,1,0,0,1,1,0,0,4,0,0,23,0,English,97.wav,data/Emotify\rock\97.wav
197,rock,0,0,0,1,0,1,0,0,0,4,1,0,25,1,Russian,97.wav,data/Emotify\rock\97.wav
197,rock,0,0,0,0,0,0,0,1,0,2,1,0,21,1,English,97.wav,data/Emotify\rock\97.wav
197,rock,1,0,0,1,0,0,0,0,0,4,1,0,16,0,Russian,97.wav,data/Emotify\rock\97.wav
197,rock,0,0,0,0,0,0,1,0,0,2,1,0,30,0,Dutch,97.wav,data/Emotify\rock\97.wav
198,rock,0,0,0,0,0,1,0,0,0,3,1,0,61,1,Dutch,98.wav,data/Emotify\rock\98.wav
198,rock,0,0,0,0,0,0,1,0,0,3,1,0,74,0,Dutch,98.wav,data/Emotify\rock\98.wav
198,rock,0,0,0,1,0,0,1,0,0,3,0,0,27,0,English,98.wav,data/Emotify\rock\98.wav
198,rock,0,0,0,0,0,0,1,0,0,4,0,0,17,0,Dutch,98.wav,data/Emotify\rock\98.wav
198,rock,0,0,1,1,0,0,0,0,0,5,0,1,37,0,Arabic,98.wav,data/Emotify\rock\98.wav
198,rock,0,0,0,0,1,1,1,0,0,3,1,0,17,1,Russian,98.wav,data/Emotify\rock\98.wav
198,rock,0,0,0,0,0,0,1,0,0,2,1,0,21,1,English,98.wav,data/Emotify\rock\98.wav
198,rock,1,0,0,0,0,1,1,0,0,5,1,0,33,0,English,98.wav,data/Emotify\rock\98.wav
198,rock,0,0,0,0,0,0,1,0,0,3,1,0,53,1,Dutch,98.wav,data/Emotify\rock\98.wav
198,rock,0,0,0,0,0,1,0,0,0,4,0,1,43,0,Dutch,98.wav,data/Emotify\rock\98.wav
198,rock,0,0,0,0,0,0,1,0,0,4,0,0,16,0,Russian,98.wav,data/Emotify\rock\98.wav
198,rock,1,0,0,0,0,0,1,0,0,3,0,1,23,0,French,98.wav,data/Emotify\rock\98.wav
198,rock,1,0,0,0,0,1,1,0,0,4,1,0,22,1,English,98.wav,data/Emotify\rock\98.wav
198,rock,0,0,0,0,0,1,0,0,0,2,1,0,29,0,English,98.wav,data/Emotify\rock\98.wav
199,rock,0,0,0,1,0,0,0,0,0,5,0,0,30,1,Russian,99.wav,data/Emotify\rock\99.wav
199,rock,0,0,0,0,0,1,0,0,0,3,0,1,74,0,Dutch,99.wav,data/Emotify\rock\99.wav
199,rock,1,0,1,0,0,1,0,0,0,3,1,0,36,0,Dutch,99.wav,data/Emotify\rock\99.wav
199,rock,0,0,0,0,0,1,0,0,0,5,1,0,60,0,Dutch,99.wav,data/Emotify\rock\99.wav
199,rock,0,0,0,0,0,1,0,0,0,3,0,0,24,0,Russian,99.wav,data/Emotify\rock\99.wav
199,rock,0,0,0,1,0,1,1,0,0,1,1,0,27,0,English,99.wav,data/Emotify\rock\99.wav
199,rock,0,0,0,0,0,1,1,0,0,3,1,0,53,1,Dutch,99.wav,data/Emotify\rock\99.wav
199,rock,0,0,0,1,0,0,0,1,1,3,0,1,17,1,Russian,99.wav,data/Emotify\rock\99.wav
199,rock,0,0,0,0,0,1,0,0,0,2,1,0,21,1,English,99.wav,data/Emotify\rock\99.wav
199,rock,1,1,0,0,0,0,0,0,0,2,1,0,17,0,Dutch,99.wav,data/Emotify\rock\99.wav
199,rock,1,0,0,0,0,1,0,0,0,5,1,0,23,0,English,99.wav,data/Emotify\rock\99.wav
199,rock,1,0,0,0,0,0,1,0,0,3,0,0,23,1,Russian,99.wav,data/Emotify\rock\99.wav
199,rock,1,0,0,0,0,1,1,0,0,4,0,0,22,1,English,99.wav,data/Emotify\rock\99.wav
199,rock,0,1,0,0,0,0,0,0,0,2,0,0,29,0,English,99.wav,data/Emotify\rock\99.wav
200,rock,0,0,0,0,0,0,0,0,0,3,0,1,74,0,Dutch,100.wav,data/Emotify\rock\100.wav
200,rock,0,0,0,1,0,0,0,0,0,5,0,1,60,0,Dutch,100.wav,data/Emotify\rock\100.wav
200,rock,0,0,0,0,1,0,0,0,0,3,0,0,24,0,Russian,100.wav,data/Emotify\rock\100.wav
200,rock,0,0,0,0,0,0,0,0,1,1,0,0,27,0,English,100.wav,data/Emotify\rock\100.wav
200,rock,0,0,0,0,0,0,1,0,0,3,1,0,53,1,Dutch,100.wav,data/Emotify\rock\100.wav
200,rock,0,0,0,1,1,1,0,0,0,3,1,0,21,0,Russian,100.wav,data/Emotify\rock\100.wav
200,rock,1,0,0,0,0,0,0,0,0,2,1,0,21,1,English,100.wav,data/Emotify\rock\100.wav
200,rock,1,0,0,0,0,0,0,0,0,3,0,0,23,1,Russian,100.wav,data/Emotify\rock\100.wav
200,rock,0,0,0,0,0,0,0,1,0,4,0,1,63,0,Dutch,100.wav,data/Emotify\rock\100.wav
200,rock,0,0,1,0,0,0,0,0,0,2,0,0,29,0,English,100.wav,data/Emotify\rock\100.wav
200,rock,0,0,0,1,0,0,1,0,0,3,1,0,37,1,Chinese,100.wav,data/Emotify\rock\100.wav
200,rock,0,0,1,0,0,0,0,0,0,4,1,0,51,0,English,100.wav,data/Emotify\rock\100.wav
200,rock,0,0,1,0,0,0,0,0,0,5,0,0,30,1,Russian,100.wav,data/Emotify\rock\100.wav
200,rock,1,0,1,0,0,0,1,0,0,5,1,0,23,1,Russian,100.wav,data/Emotify\rock\100.wav
201,electronic,0,0,0,0,1,0,1,0,1,4,1,1,42,0,English,1.wav,data/Emotify\electronic\1.wav
201,electronic,0,1,0,0,0,0,1,1,0,2,0,1,25,1,Russian,1.wav,data/Emotify\electronic\1.wav
201,electronic,1,0,0,0,0,1,1,0,0,5,0,0,20,0,English,1.wav,data/Emotify\electronic\1.wav
201,electronic,0,0,0,0,0,0,0,1,0,3,0,1,16,0,English,1.wav,data/Emotify\electronic\1.wav
201,electronic,0,0,0,0,0,0,0,1,0,3,0,1,21,0,Dutch,1.wav,data/Emotify\electronic\1.wav
201,electronic,0,0,0,1,1,0,0,1,0,4,0,1,19,0,English,1.wav,data/Emotify\electronic\1.wav
201,electronic,0,0,0,0,1,0,1,1,0,3,0,0,19,0,English,1.wav,data/Emotify\electronic\1.wav
201,electronic,0,0,0,0,0,1,1,0,0,4,1,0,18,0,English,1.wav,data/Emotify\electronic\1.wav
201,electronic,0,0,0,0,0,0,0,1,1,3,0,1,20,1,English,1.wav,data/Emotify\electronic\1.wav
201,electronic,0,1,0,0,0,1,1,0,0,4,1,0,22,1,Dutch,1.wav,data/Emotify\electronic\1.wav
201,electronic,0,0,0,0,0,0,0,0,0,1,0,1,30,1,English,1.wav,data/Emotify\electronic\1.wav
201,electronic,0,0,0,0,0,0,1,0,0,3,0,0,51,1,Lithuanian,1.wav,data/Emotify\electronic\1.wav
201,electronic,0,0,0,0,0,0,0,1,0,4,0,1,20,0,English,1.wav,data/Emotify\electronic\1.wav
201,electronic,0,0,0,0,0,0,0,1,0,4,0,1,16,0,Russian,1.wav,data/Emotify\electronic\1.wav
201,electronic,0,0,0,0,1,0,0,0,0,3,0,0,24,0,English,1.wav,data/Emotify\electronic\1.wav
201,electronic,0,0,0,0,0,1,1,1,0,5,0,1,55,0,Dutch,1.wav,data/Emotify\electronic\1.wav
201,electronic,0,0,0,0,1,1,1,0,0,5,1,0,18,0,English,1.wav,data/Emotify\electronic\1.wav
201,electronic,0,0,0,0,0,0,0,1,0,4,0,1,28,0,Russian,1.wav,data/Emotify\electronic\1.wav
201,electronic,0,0,0,0,0,1,1,0,0,5,0,1,29,1,Dutch,1.wav,data/Emotify\electronic\1.wav
201,electronic,0,0,0,0,0,0,0,1,0,3,0,1,35,0,Italian,1.wav,data/Emotify\electronic\1.wav
201,electronic,1,0,0,0,0,0,0,0,0,3,0,1,16,0,Chinese,1.wav,data/Emotify\electronic\1.wav
201,electronic,0,0,0,0,0,1,0,1,0,3,0,1,28,1,English,1.wav,data/Emotify\electronic\1.wav
201,electronic,0,0,0,0,0,1,0,1,0,4,0,0,15,1,English,1.wav,data/Emotify\electronic\1.wav
201,electronic,0,1,0,0,0,0,1,1,0,3,0,0,33,0,Russian,1.wav,data/Emotify\electronic\1.wav
201,electronic,0,0,0,0,0,0,0,1,0,3,0,1,27,0,Catalan,1.wav,data/Emotify\electronic\1.wav
201,electronic,0,0,0,0,0,1,1,0,0,4,1,0,42,0,Dutch,1.wav,data/Emotify\electronic\1.wav
201,electronic,1,0,0,0,1,0,1,0,0,4,1,0,21,0,English,1.wav,data/Emotify\electronic\1.wav
201,electronic,0,1,0,0,0,0,0,0,0,4,0,1,42,0,English,1.wav,data/Emotify\electronic\1.wav
201,electronic,0,0,0,0,0,0,0,1,0,4,0,1,25,0,Hungarian,1.wav,data/Emotify\electronic\1.wav
201,electronic,0,0,0,0,1,0,0,0,0,3,0,1,19,0,English,1.wav,data/Emotify\electronic\1.wav
201,electronic,0,0,0,0,0,0,1,1,0,3,0,1,32,1,Russian,1.wav,data/Emotify\electronic\1.wav
201,electronic,0,1,0,0,0,1,0,1,0,5,1,0,61,0,English,1.wav,data/Emotify\electronic\1.wav
201,electronic,0,0,0,0,0,0,0,1,0,3,0,0,18,1,English,1.wav,data/Emotify\electronic\1.wav
201,electronic,0,1,0,0,0,0,0,0,0,2,0,1,18,0,Dutch,1.wav,data/Emotify\electronic\1.wav
201,electronic,1,0,0,0,0,0,1,1,0,3,0,0,22,0,Dutch,1.wav,data/Emotify\electronic\1.wav
201,electronic,0,0,0,0,0,0,0,1,0,3,0,1,19,0,Russian,1.wav,data/Emotify\electronic\1.wav
201,electronic,0,0,0,0,0,1,0,0,0,4,1,0,51,0,English,1.wav,data/Emotify\electronic\1.wav
201,electronic,0,1,0,0,0,1,0,1,0,1,0,0,25,1,Russian,1.wav,data/Emotify\electronic\1.wav
201,electronic,0,0,0,0,0,0,0,1,0,3,0,0,24,0,English,1.wav,data/Emotify\electronic\1.wav
201,electronic,1,0,0,0,0,1,0,1,0,5,0,1,44,1,French,1.wav,data/Emotify\electronic\1.wav
201,electronic,0,0,0,0,0,1,0,1,0,3,0,1,34,0,Latvian,1.wav,data/Emotify\electronic\1.wav
201,electronic,0,0,0,0,1,0,0,0,0,4,1,0,26,0,Dutch,1.wav,data/Emotify\electronic\1.wav
201,electronic,0,0,0,0,0,0,0,1,0,4,1,0,23,0,Russian,1.wav,data/Emotify\electronic\1.wav
201,electronic,1,0,0,0,0,0,1,1,0,3,0,1,25,0,English,1.wav,data/Emotify\electronic\1.wav
201,electronic,0,0,0,0,0,0,1,0,0,4,0,0,35,0,English,1.wav,data/Emotify\electronic\1.wav
201,electronic,0,0,0,0,0,0,1,1,0,2,1,0,15,1,English,1.wav,data/Emotify\electronic\1.wav
201,electronic,0,0,0,0,0,1,0,1,0,4,0,0,19,0,English,1.wav,data/Emotify\electronic\1.wav
201,electronic,0,0,0,0,0,0,0,1,0,2,0,1,27,1,English,1.wav,data/Emotify\electronic\1.wav
201,electronic,0,0,0,0,0,0,1,1,0,4,0,1,36,1,English,1.wav,data/Emotify\electronic\1.wav
201,electronic,0,0,0,0,0,0,0,1,1,5,0,0,23,0,English,1.wav,data/Emotify\electronic\1.wav
202,electronic,0,0,0,0,1,0,0,0,0,3,1,0,30,1,English,2.wav,data/Emotify\electronic\2.wav
202,electronic,0,0,0,0,0,0,1,1,0,3,0,1,44,0,English,2.wav,data/Emotify\electronic\2.wav
202,electronic,0,1,0,1,1,0,0,0,0,4,1,0,26,0,Dutch,2.wav,data/Emotify\electronic\2.wav
202,electronic,0,0,0,0,1,0,0,0,0,1,0,0,30,1,English,2.wav,data/Emotify\electronic\2.wav
202,electronic,1,0,0,0,1,0,1,0,0,5,1,0,67,0,English,2.wav,data/Emotify\electronic\2.wav
202,electronic,0,0,0,0,0,0,0,1,0,4,0,1,54,0,English,2.wav,data/Emotify\electronic\2.wav
202,electronic,0,0,0,0,1,0,1,0,0,4,1,0,20,0,English,2.wav,data/Emotify\electronic\2.wav
202,electronic,0,0,1,0,1,0,0,0,0,3,1,0,24,0,English,2.wav,data/Emotify\electronic\2.wav
202,electronic,0,0,0,0,0,0,0,1,0,4,0,1,23,1,Swedish,2.wav,data/Emotify\electronic\2.wav
202,electronic,1,1,0,0,0,0,1,0,0,3,0,0,33,0,Russian,2.wav,data/Emotify\electronic\2.wav
202,electronic,0,0,0,0,0,1,1,0,0,4,1,0,22,0,English,2.wav,data/Emotify\electronic\2.wav
202,electronic,0,0,1,0,1,0,1,0,0,4,1,0,31,0,German,2.wav,data/Emotify\electronic\2.wav
202,electronic,0,0,0,0,0,0,1,0,0,4,0,0,15,1,English,2.wav,data/Emotify\electronic\2.wav
202,electronic,0,1,0,0,0,0,0,1,0,4,0,1,42,0,English,2.wav,data/Emotify\electronic\2.wav
202,electronic,0,0,0,0,1,0,1,0,0,3,0,0,28,1,English,2.wav,data/Emotify\electronic\2.wav
202,electronic,0,0,0,0,1,0,1,0,0,3,1,0,27,0,Catalan,2.wav,data/Emotify\electronic\2.wav
202,electronic,0,0,0,0,1,0,1,0,0,4,0,0,29,1,Romanian,2.wav,data/Emotify\electronic\2.wav
202,electronic,0,0,0,0,1,0,1,0,0,4,1,0,42,0,Dutch,2.wav,data/Emotify\electronic\2.wav
202,electronic,1,1,0,0,1,0,0,0,0,4,1,0,36,0,Dutch,2.wav,data/Emotify\electronic\2.wav
202,electronic,0,0,0,0,0,0,1,0,0,3,0,0,32,1,Russian,2.wav,data/Emotify\electronic\2.wav
202,electronic,0,0,0,0,0,0,1,0,0,4,0,0,33,0,Czech,2.wav,data/Emotify\electronic\2.wav
202,electronic,0,0,0,0,0,0,1,0,0,3,0,1,23,0,English,2.wav,data/Emotify\electronic\2.wav
202,electronic,0,0,0,0,0,0,1,0,0,5,1,0,15,0,English,2.wav,data/Emotify\electronic\2.wav
202,electronic,0,1,0,0,0,0,0,0,0,4,1,0,15,1,English,2.wav,data/Emotify\electronic\2.wav
202,electronic,0,0,0,0,0,0,1,0,0,3,0,0,24,0,English,2.wav,data/Emotify\electronic\2.wav
202,electronic,1,0,0,0,1,0,1,0,0,3,1,0,22,0,Dutch,2.wav,data/Emotify\electronic\2.wav
202,electronic,1,1,0,0,1,0,0,0,0,5,0,1,44,1,French,2.wav,data/Emotify\electronic\2.wav
202,electronic,0,0,0,0,0,0,1,1,0,3,0,0,34,0,Latvian,2.wav,data/Emotify\electronic\2.wav
202,electronic,0,0,0,0,1,0,0,0,0,4,1,0,26,0,Dutch,2.wav,data/Emotify\electronic\2.wav
202,electronic,0,0,0,1,0,0,0,0,0,2,1,0,30,0,Greek,2.wav,data/Emotify\electronic\2.wav
202,electronic,0,0,0,0,1,0,0,0,0,3,0,1,21,0,English,2.wav,data/Emotify\electronic\2.wav
202,electronic,0,0,0,0,1,0,0,0,0,5,0,1,25,1,English,2.wav,data/Emotify\electronic\2.wav
202,electronic,1,0,0,0,1,0,1,0,0,4,1,0,19,1,English,2.wav,data/Emotify\electronic\2.wav
202,electronic,1,0,0,0,1,0,1,0,0,3,1,0,24,0,Russian,2.wav,data/Emotify\electronic\2.wav
202,electronic,0,1,0,0,0,1,0,0,0,4,0,1,19,0,English,2.wav,data/Emotify\electronic\2.wav
202,electronic,0,0,0,1,0,0,0,1,0,4,0,0,31,0,Dutch,2.wav,data/Emotify\electronic\2.wav
202,electronic,0,0,0,0,0,0,1,0,0,2,0,1,27,1,English,2.wav,data/Emotify\electronic\2.wav
202,electronic,0,1,0,0,0,0,0,1,0,3,0,0,21,1,English,2.wav,data/Emotify\electronic\2.wav
202,electronic,0,0,1,1,1,0,0,0,0,3,0,0,19,0,Dutch,2.wav,data/Emotify\electronic\2.wav
202,electronic,0,0,0,0,0,0,0,1,0,3,0,1,22,0,English,2.wav,data/Emotify\electronic\2.wav
202,electronic,0,1,0,0,0,0,0,0,0,5,0,1,23,1,English,2.wav,data/Emotify\electronic\2.wav
202,electronic,0,0,0,0,1,0,0,0,0,4,1,0,42,0,English,2.wav,data/Emotify\electronic\2.wav
202,electronic,1,0,0,0,0,1,1,0,0,4,1,0,31,0,English,2.wav,data/Emotify\electronic\2.wav
202,electronic,0,0,0,0,1,0,0,0,0,3,0,0,21,1,Russian,2.wav,data/Emotify\electronic\2.wav
202,electronic,0,0,0,0,1,0,1,0,0,2,1,0,22,0,Spanish,2.wav,data/Emotify\electronic\2.wav
202,electronic,0,0,0,1,0,0,1,1,0,4,0,1,20,0,English,2.wav,data/Emotify\electronic\2.wav
202,electronic,0,0,0,0,1,0,0,0,0,4,0,0,23,0,Spanish,2.wav,data/Emotify\electronic\2.wav
202,electronic,0,0,0,0,1,0,0,0,0,2,0,1,25,1,Russian,2.wav,data/Emotify\electronic\2.wav
202,electronic,0,0,0,0,0,0,1,1,0,4,0,1,19,0,English,2.wav,data/Emotify\electronic\2.wav
202,electronic,0,0,0,0,1,1,1,0,0,4,0,0,25,0,English,2.wav,data/Emotify\electronic\2.wav
203,electronic,0,1,0,0,0,1,0,1,0,4,0,0,19,1,Dutch,3.wav,data/Emotify\electronic\3.wav
203,electronic,0,1,0,0,0,0,0,0,0,3,0,1,55,1,Italian,3.wav,data/Emotify\electronic\3.wav
203,electronic,0,0,0,0,0,1,0,1,0,4,0,1,26,0,Dutch,3.wav,data/Emotify\electronic\3.wav
203,electronic,1,0,0,0,1,0,0,0,0,4,0,0,17,1,English,3.wav,data/Emotify\electronic\3.wav
203,electronic,0,0,0,0,0,0,0,1,0,4,0,1,54,0,English,3.wav,data/Emotify\electronic\3.wav
203,electronic,0,1,0,0,0,1,0,1,0,3,0,0,23,1,English,3.wav,data/Emotify\electronic\3.wav
203,electronic,0,0,0,0,0,1,0,1,0,4,0,0,20,0,English,3.wav,data/Emotify\electronic\3.wav
203,electronic,0,1,0,0,1,1,0,0,0,3,0,0,34,0,Latvian,3.wav,data/Emotify\electronic\3.wav
203,electronic,0,0,0,0,0,0,0,1,0,2,0,1,23,0,English,3.wav,data/Emotify\electronic\3.wav
203,electronic,0,1,0,0,1,0,0,0,0,4,1,0,23,1,Swedish,3.wav,data/Emotify\electronic\3.wav
203,electronic,0,1,0,0,0,1,0,1,0,3,0,0,33,0,Dutch,3.wav,data/Emotify\electronic\3.wav
203,electronic,0,1,0,0,0,0,0,1,1,4,0,0,24,1,Russian,3.wav,data/Emotify\electronic\3.wav
203,electronic,0,1,0,0,0,0,0,1,1,3,0,0,33,0,Russian,3.wav,data/Emotify\electronic\3.wav
203,electronic,0,1,0,0,0,0,0,1,0,3,0,0,24,0,English,3.wav,data/Emotify\electronic\3.wav
203,electronic,0,1,0,0,0,1,0,1,0,4,0,1,31,0,German,3.wav,data/Emotify\electronic\3.wav
203,electronic,0,0,0,0,1,1,0,0,0,4,1,0,42,0,English,3.wav,data/Emotify\electronic\3.wav
203,electronic,0,0,0,0,0,0,0,0,1,4,0,1,26,1,English,3.wav,data/Emotify\electronic\3.wav
203,electronic,0,1,0,0,0,0,0,0,0,5,0,0,21,0,English,3.wav,data/Emotify\electronic\3.wav
203,electronic,0,0,0,0,0,1,0,0,0,5,1,0,61,0,English,3.wav,data/Emotify\electronic\3.wav
203,electronic,1,0,0,1,0,1,0,0,0,3,0,0,28,1,English,3.wav,data/Emotify\electronic\3.wav
203,electronic,0,1,0,0,1,1,0,0,0,4,1,0,51,0,English,3.wav,data/Emotify\electronic\3.wav
203,electronic,0,1,0,0,0,0,0,1,1,2,1,0,25,1,Russian,3.wav,data/Emotify\electronic\3.wav
203,electronic,0,0,0,0,0,1,0,1,0,4,1,0,42,0,Dutch,3.wav,data/Emotify\electronic\3.wav
203,electronic,0,0,0,0,0,0,0,1,0,4,0,0,36,0,Dutch,3.wav,data/Emotify\electronic\3.wav
203,electronic,0,0,0,1,0,0,0,1,1,3,0,0,22,0,Dutch,3.wav,data/Emotify\electronic\3.wav
203,electronic,0,0,0,0,0,0,0,0,1,3,0,0,32,1,Russian,3.wav,data/Emotify\electronic\3.wav
203,electronic,0,0,0,0,0,0,0,1,0,3,0,1,39,0,English,3.wav,data/Emotify\electronic\3.wav
203,electronic,0,1,0,0,0,1,0,0,0,4,0,0,33,0,Czech,3.wav,data/Emotify\electronic\3.wav
203,electronic,0,0,0,0,0,1,0,0,1,3,0,1,23,0,English,3.wav,data/Emotify\electronic\3.wav
203,electronic,0,0,0,0,0,0,0,1,0,2,1,0,23,0,Russian,3.wav,data/Emotify\electronic\3.wav
203,electronic,1,0,0,0,0,0,1,1,0,3,1,0,24,0,English,3.wav,data/Emotify\electronic\3.wav
203,electronic,0,1,0,0,0,1,0,1,0,4,0,0,16,1,Swedish,3.wav,data/Emotify\electronic\3.wav
203,electronic,0,1,0,0,0,0,0,1,0,3,1,0,53,0,English,3.wav,data/Emotify\electronic\3.wav
203,electronic,0,0,0,0,0,1,0,1,0,3,0,0,36,0,English,3.wav,data/Emotify\electronic\3.wav
203,electronic,0,1,0,0,0,0,0,0,1,4,0,1,19,1,English,3.wav,data/Emotify\electronic\3.wav
203,electronic,0,0,1,0,0,1,0,0,0,3,0,0,21,1,English,3.wav,data/Emotify\electronic\3.wav
203,electronic,1,0,0,1,0,1,0,0,0,4,1,0,31,0,English,3.wav,data/Emotify\electronic\3.wav
203,electronic,0,1,0,0,0,1,0,0,0,4,0,0,31,0,Dutch,3.wav,data/Emotify\electronic\3.wav
203,electronic,1,0,0,0,0,1,0,1,0,4,1,0,19,0,English,3.wav,data/Emotify\electronic\3.wav
203,electronic,0,1,0,0,0,1,0,0,0,4,0,0,15,1,English,3.wav,data/Emotify\electronic\3.wav
203,electronic,0,1,0,0,0,1,0,0,0,5,1,0,56,0,English,3.wav,data/Emotify\electronic\3.wav
203,electronic,0,0,0,0,0,0,0,1,0,4,0,1,35,0,Russian,3.wav,data/Emotify\electronic\3.wav
203,electronic,0,0,0,0,0,0,0,0,0,5,0,0,48,0,Swedish,3.wav,data/Emotify\electronic\3.wav
203,electronic,0,1,0,0,0,0,0,1,1,5,0,0,25,1,Russian,3.wav,data/Emotify\electronic\3.wav
204,electronic,0,0,0,0,0,0,0,1,0,4,0,1,39,0,English,4.wav,data/Emotify\electronic\4.wav
204,electronic,0,1,0,0,0,0,0,1,1,4,0,1,19,0,English,4.wav,data/Emotify\electronic\4.wav
204,electronic,0,0,0,0,0,1,0,0,0,3,1,0,21,0,Dutch,4.wav,data/Emotify\electronic\4.wav
204,electronic,0,0,0,0,0,1,0,0,0,4,1,0,54,0,English,4.wav,data/Emotify\electronic\4.wav
204,electronic,0,0,0,1,0,0,0,1,0,3,0,0,23,1,English,4.wav,data/Emotify\electronic\4.wav
204,electronic,0,0,0,0,0,0,0,1,1,4,0,0,25,1,Russian,4.wav,data/Emotify\electronic\4.wav
204,electronic,0,0,0,0,0,1,0,1,0,4,1,0,31,0,German,4.wav,data/Emotify\electronic\4.wav
204,electronic,0,0,0,0,1,0,0,1,0,4,0,0,30,1,Dutch,4.wav,data/Emotify\electronic\4.wav
204,electronic,0,0,0,0,0,1,0,1,0,4,0,1,26,1,English,4.wav,data/Emotify\electronic\4.wav
204,electronic,0,0,0,0,1,0,0,1,0,4,1,0,42,0,English,4.wav,data/Emotify\electronic\4.wav
204,electronic,0,0,0,0,0,1,0,0,0,4,1,0,18,0,English,4.wav,data/Emotify\electronic\4.wav
204,electronic,0,0,0,0,0,0,0,1,0,4,0,1,24,1,Russian,4.wav,data/Emotify\electronic\4.wav
204,electronic,1,0,0,0,0,1,0,0,0,2,0,0,23,0,English,4.wav,data/Emotify\electronic\4.wav
204,electronic,0,1,0,0,0,1,0,0,0,4,1,0,25,1,English,4.wav,data/Emotify\electronic\4.wav
204,electronic,0,1,0,0,0,1,0,0,0,4,1,0,23,1,Swedish,4.wav,data/Emotify\electronic\4.wav
204,electronic,0,1,0,0,0,0,0,1,0,3,0,0,33,0,Russian,4.wav,data/Emotify\electronic\4.wav
204,electronic,0,0,0,0,0,0,0,1,0,3,0,0,24,0,English,4.wav,data/Emotify\electronic\4.wav
204,electronic,0,0,0,0,0,0,0,1,0,4,0,1,18,0,English,4.wav,data/Emotify\electronic\4.wav
204,electronic,0,0,0,0,0,0,0,1,0,5,0,0,21,0,English,4.wav,data/Emotify\electronic\4.wav
204,electronic,0,1,0,0,0,0,0,1,0,3,0,0,27,0,Spanish,4.wav,data/Emotify\electronic\4.wav
204,electronic,0,0,0,0,0,0,0,0,0,3,0,0,37,0,German,4.wav,data/Emotify\electronic\4.wav
204,electronic,0,1,0,0,0,1,0,1,0,3,1,0,19,0,English,4.wav,data/Emotify\electronic\4.wav
204,electronic,0,1,0,0,0,0,0,0,0,2,1,0,23,0,Russian,4.wav,data/Emotify\electronic\4.wav
204,electronic,0,0,0,0,0,1,0,0,0,5,1,0,29,1,Dutch,4.wav,data/Emotify\electronic\4.wav
204,electronic,0,1,0,0,0,1,0,1,0,2,0,0,25,1,Russian,4.wav,data/Emotify\electronic\4.wav
204,electronic,0,0,0,0,0,1,0,1,1,4,1,0,16,1,English,4.wav,data/Emotify\electronic\4.wav
204,electronic,0,0,0,0,0,1,0,1,0,4,0,1,26,0,Dutch,4.wav,data/Emotify\electronic\4.wav
204,electronic,0,0,0,0,0,1,0,1,0,4,0,1,36,0,Dutch,4.wav,data/Emotify\electronic\4.wav
204,electronic,0,0,0,0,0,0,0,1,0,4,0,1,32,1,Spanish,4.wav,data/Emotify\electronic\4.wav
204,electronic,1,0,0,0,0,1,0,1,0,3,1,0,22,0,Dutch,4.wav,data/Emotify\electronic\4.wav
204,electronic,0,0,0,1,0,0,0,0,0,4,1,0,48,1,German,4.wav,data/Emotify\electronic\4.wav
204,electronic,0,0,0,0,1,0,0,1,0,3,0,1,53,0,English,4.wav,data/Emotify\electronic\4.wav
204,electronic,0,0,0,0,0,1,0,0,0,4,1,0,19,0,English,4.wav,data/Emotify\electronic\4.wav
204,electronic,0,1,0,1,0,0,0,1,0,3,0,0,36,0,English,4.wav,data/Emotify\electronic\4.wav
204,electronic,0,1,0,0,0,1,0,0,0,5,0,1,25,1,English,4.wav,data/Emotify\electronic\4.wav
204,electronic,1,0,0,0,0,1,0,1,0,4,1,0,32,0,Hindi,4.wav,data/Emotify\electronic\4.wav
204,electronic,0,0,0,0,0,0,1,1,0,4,1,0,19,1,English,4.wav,data/Emotify\electronic\4.wav
204,electronic,0,0,0,0,0,1,0,0,0,4,1,0,26,0,Dutch,4.wav,data/Emotify\electronic\4.wav
204,electronic,0,1,0,1,0,0,0,0,0,2,0,0,31,1,Greek,4.wav,data/Emotify\electronic\4.wav
204,electronic,0,0,0,0,0,1,0,0,1,4,0,1,19,0,English,4.wav,data/Emotify\electronic\4.wav
204,electronic,1,1,0,0,0,0,1,0,0,4,1,0,31,0,English,4.wav,data/Emotify\electronic\4.wav
204,electronic,0,0,0,0,0,1,0,1,0,4,0,0,31,0,Dutch,4.wav,data/Emotify\electronic\4.wav
204,electronic,0,0,0,0,0,1,0,0,0,3,0,0,46,0,English,4.wav,data/Emotify\electronic\4.wav
204,electronic,0,1,0,0,0,1,0,0,0,3,0,0,25,0,English,4.wav,data/Emotify\electronic\4.wav
204,electronic,0,0,0,0,0,1,0,1,0,4,0,0,17,1,English,4.wav,data/Emotify\electronic\4.wav
204,electronic,0,0,0,0,0,0,0,0,0,5,0,0,48,0,Swedish,4.wav,data/Emotify\electronic\4.wav
204,electronic,0,1,0,0,0,1,0,1,0,4,0,0,22,1,Dutch,4.wav,data/Emotify\electronic\4.wav
204,electronic,0,0,0,0,0,1,0,1,1,2,0,1,22,0,Dutch,4.wav,data/Emotify\electronic\4.wav
204,electronic,0,1,0,0,0,1,0,1,0,4,0,0,19,1,Dutch,4.wav,data/Emotify\electronic\4.wav
204,electronic,0,0,0,0,0,0,0,1,0,4,0,0,16,1,Swedish,4.wav,data/Emotify\electronic\4.wav
205,electronic,0,0,0,0,1,0,0,0,0,4,0,0,25,1,Russian,5.wav,data/Emotify\electronic\5.wav
205,electronic,0,0,0,0,1,0,0,0,0,4,0,0,24,1,Russian,5.wav,data/Emotify\electronic\5.wav
205,electronic,1,0,0,1,1,0,0,0,0,4,0,0,28,0,English,5.wav,data/Emotify\electronic\5.wav
205,electronic,1,0,0,1,1,0,0,0,0,3,1,0,19,1,English,5.wav,data/Emotify\electronic\5.wav
205,electronic,0,1,0,0,1,0,0,0,0,4,1,0,18,0,English,5.wav,data/Emotify\electronic\5.wav
205,electronic,0,0,0,0,1,0,0,0,0,4,1,0,48,1,German,5.wav,data/Emotify\electronic\5.wav
205,electronic,1,0,1,1,0,0,0,0,0,4,0,0,16,1,English,5.wav,data/Emotify\electronic\5.wav
205,electronic,1,0,1,0,1,0,0,0,0,3,0,0,33,0,Russian,5.wav,data/Emotify\electronic\5.wav
205,electronic,1,0,1,0,0,0,1,0,0,3,0,0,37,0,German,5.wav,data/Emotify\electronic\5.wav
205,electronic,0,0,1,0,1,0,0,0,0,4,0,1,26,0,Dutch,5.wav,data/Emotify\electronic\5.wav
205,electronic,0,0,0,0,1,0,0,0,0,3,0,1,33,0,Dutch,5.wav,data/Emotify\electronic\5.wav
205,electronic,0,1,0,1,1,0,0,0,0,4,1,0,21,0,English,5.wav,data/Emotify\electronic\5.wav
205,electronic,1,0,0,1,0,0,0,1,0,4,0,0,53,0,English,5.wav,data/Emotify\electronic\5.wav
205,electronic,0,1,1,0,1,0,0,0,0,4,1,0,36,0,Dutch,5.wav,data/Emotify\electronic\5.wav
205,electronic,0,1,1,0,1,0,0,0,0,3,1,0,26,0,German,5.wav,data/Emotify\electronic\5.wav
205,electronic,1,0,0,1,1,0,0,0,0,4,0,0,43,0,French,5.wav,data/Emotify\electronic\5.wav
205,electronic,1,0,1,0,0,0,0,0,0,4,1,0,19,0,English,5.wav,data/Emotify\electronic\5.wav
205,electronic,0,0,0,0,1,0,0,0,0,3,0,1,20,0,Dutch,5.wav,data/Emotify\electronic\5.wav
205,electronic,0,1,0,1,1,0,0,0,0,3,0,1,20,0,English,5.wav,data/Emotify\electronic\5.wav
205,electronic,0,0,1,0,1,0,0,0,1,3,1,0,37,0,Dutch,5.wav,data/Emotify\electronic\5.wav
205,electronic,0,0,1,0,1,1,0,0,0,2,1,0,20,0,Estonian,5.wav,data/Emotify\electronic\5.wav
205,electronic,0,0,0,1,1,0,0,0,0,3,1,0,36,0,English,5.wav,data/Emotify\electronic\5.wav
205,electronic,0,0,0,0,1,0,0,0,0,3,0,0,28,0,Russian,5.wav,data/Emotify\electronic\5.wav
205,electronic,0,0,1,1,1,0,0,0,0,4,1,0,32,0,Hindi,5.wav,data/Emotify\electronic\5.wav
205,electronic,1,0,0,0,0,1,0,0,1,3,1,0,20,0,English,5.wav,data/Emotify\electronic\5.wav
205,electronic,0,0,0,1,0,0,0,0,1,4,0,0,31,0,Dutch,5.wav,data/Emotify\electronic\5.wav
205,electronic,0,0,0,0,0,0,0,1,0,3,0,0,46,0,English,5.wav,data/Emotify\electronic\5.wav
205,electronic,1,1,0,0,1,0,0,0,0,4,1,0,26,0,English,5.wav,data/Emotify\electronic\5.wav
205,electronic,1,0,1,0,1,0,0,0,0,3,1,0,34,0,English,5.wav,data/Emotify\electronic\5.wav
205,electronic,0,0,1,0,1,0,1,0,0,2,1,0,19,0,Dutch,5.wav,data/Emotify\electronic\5.wav
205,electronic,0,0,1,0,1,0,1,0,0,4,0,0,19,1,Dutch,5.wav,data/Emotify\electronic\5.wav
205,electronic,0,1,0,0,1,0,0,0,1,3,0,0,43,0,English,5.wav,data/Emotify\electronic\5.wav
205,electronic,0,1,1,0,1,0,0,0,0,2,1,0,22,0,Dutch,5.wav,data/Emotify\electronic\5.wav
205,electronic,0,0,0,1,0,0,0,0,0,2,0,1,23,0,English,5.wav,data/Emotify\electronic\5.wav
205,electronic,0,0,0,1,0,0,0,1,1,4,1,0,39,0,English,5.wav,data/Emotify\electronic\5.wav
205,electronic,0,1,0,0,1,0,0,0,0,5,1,0,22,0,English,5.wav,data/Emotify\electronic\5.wav
205,electronic,1,0,0,0,1,0,0,0,0,4,0,0,31,0,German,5.wav,data/Emotify\electronic\5.wav
205,electronic,0,1,0,0,1,0,0,0,0,4,0,0,30,1,Dutch,5.wav,data/Emotify\electronic\5.wav
205,electronic,0,0,0,1,1,0,0,0,0,4,1,0,17,0,English,5.wav,data/Emotify\electronic\5.wav
206,electronic,0,0,0,0,0,1,1,0,0,3,0,0,23,1,English,6.wav,data/Emotify\electronic\6.wav
206,electronic,0,0,0,0,0,0,1,1,0,4,1,0,18,0,English,6.wav,data/Emotify\electronic\6.wav
206,electronic,0,0,0,0,0,0,1,1,0,3,0,1,33,0,Russian,6.wav,data/Emotify\electronic\6.wav
206,electronic,0,0,0,0,0,0,0,0,0,3,0,0,38,0,Croatian,6.wav,data/Emotify\electronic\6.wav
206,electronic,0,0,0,0,0,0,1,0,0,3,0,0,24,0,English,6.wav,data/Emotify\electronic\6.wav
206,electronic,0,0,0,0,0,0,0,1,0,3,0,1,26,1,Chinese,6.wav,data/Emotify\electronic\6.wav
206,electronic,0,0,0,0,0,1,1,0,0,4,0,1,26,0,Dutch,6.wav,data/Emotify\electronic\6.wav
206,electronic,0,0,0,0,0,0,0,1,0,3,0,0,37,0,German,6.wav,data/Emotify\electronic\6.wav
206,electronic,0,0,0,0,0,1,0,1,0,3,1,1,33,0,Dutch,6.wav,data/Emotify\electronic\6.wav
206,electronic,0,0,0,0,0,1,0,1,0,5,0,1,29,1,Dutch,6.wav,data/Emotify\electronic\6.wav
206,electronic,0,0,0,0,0,1,1,0,0,4,1,0,21,0,English,6.wav,data/Emotify\electronic\6.wav
206,electronic,0,0,0,0,0,0,0,1,0,2,0,1,23,0,Russian,6.wav,data/Emotify\electronic\6.wav
206,electronic,0,0,0,0,0,0,0,1,0,3,0,0,38,0,English,6.wav,data/Emotify\electronic\6.wav
206,electronic,0,0,0,0,0,0,1,0,0,3,1,0,68,0,English,6.wav,data/Emotify\electronic\6.wav
206,electronic,0,0,0,0,0,1,1,1,0,3,1,0,24,0,English,6.wav,data/Emotify\electronic\6.wav
206,electronic,0,0,0,0,0,0,0,1,1,2,0,1,20,0,Estonian,6.wav,data/Emotify\electronic\6.wav
206,electronic,0,0,0,0,0,0,1,1,0,4,0,0,53,0,English,6.wav,data/Emotify\electronic\6.wav
206,electronic,0,1,0,0,0,0,1,1,0,2,0,0,25,1,Russian,6.wav,data/Emotify\electronic\6.wav
206,electronic,0,1,0,0,0,0,1,1,0,3,1,0,26,0,German,6.wav,data/Emotify\electronic\6.wav
206,electronic,0,0,0,0,0,1,1,0,0,4,0,1,19,0,English,6.wav,data/Emotify\electronic\6.wav
206,electronic,0,0,0,0,0,1,1,1,0,3,1,0,20,0,English,6.wav,data/Emotify\electronic\6.wav
206,electronic,0,1,0,0,0,1,1,0,0,2,1,0,22,0,Dutch,6.wav,data/Emotify\electronic\6.wav
206,electronic,0,0,0,0,1,0,1,0,1,3,0,1,22,1,English,6.wav,data/Emotify\electronic\6.wav
206,electronic,0,0,0,0,0,0,0,1,0,5,0,1,25,1,English,6.wav,data/Emotify\electronic\6.wav
206,electronic,0,0,0,0,0,0,1,0,0,3,0,1,36,0,English,6.wav,data/Emotify\electronic\6.wav
206,electronic,0,0,0,0,0,0,0,1,0,3,0,1,28,0,Russian,6.wav,data/Emotify\electronic\6.wav
206,electronic,0,1,0,0,0,1,0,1,0,4,0,1,32,0,Hindi,6.wav,data/Emotify\electronic\6.wav
206,electronic,0,0,0,0,0,0,0,1,0,3,0,1,34,0,English,6.wav,data/Emotify\electronic\6.wav
206,electronic,0,0,0,0,0,1,1,0,0,4,0,0,31,0,Dutch,6.wav,data/Emotify\electronic\6.wav
206,electronic,0,0,0,0,0,0,1,1,0,3,0,0,46,0,English,6.wav,data/Emotify\electronic\6.wav
206,electronic,0,0,0,0,0,1,1,1,0,2,1,0,15,1,English,6.wav,data/Emotify\electronic\6.wav
206,electronic,0,0,0,0,0,0,1,0,0,4,0,0,26,0,English,6.wav,data/Emotify\electronic\6.wav
206,electronic,0,0,1,0,1,0,1,0,0,4,1,0,22,1,Dutch,6.wav,data/Emotify\electronic\6.wav
206,electronic,1,0,0,0,0,1,1,0,0,4,0,0,19,1,Dutch,6.wav,data/Emotify\electronic\6.wav
206,electronic,0,0,0,0,0,0,0,0,0,5,0,0,48,0,Swedish,6.wav,data/Emotify\electronic\6.wav
206,electronic,0,0,0,0,0,1,0,1,0,4,1,0,42,0,English,6.wav,data/Emotify\electronic\6.wav
206,electronic,0,1,0,0,0,1,0,1,0,5,0,1,25,1,Russian,6.wav,data/Emotify\electronic\6.wav
206,electronic,1,0,0,0,1,0,1,0,0,3,1,0,19,1,English,6.wav,data/Emotify\electronic\6.wav
206,electronic,0,1,0,0,1,0,1,0,0,4,0,0,19,0,English,6.wav,data/Emotify\electronic\6.wav
206,electronic,0,0,0,0,0,0,1,0,0,4,0,0,36,0,Dutch,6.wav,data/Emotify\electronic\6.wav
206,electronic,0,0,0,0,0,0,1,0,0,3,1,0,33,1,English,6.wav,data/Emotify\electronic\6.wav
206,electronic,0,0,0,0,0,0,0,1,0,4,0,1,42,0,English,6.wav,data/Emotify\electronic\6.wav
206,electronic,1,0,0,0,0,1,1,0,0,5,0,0,20,0,English,6.wav,data/Emotify\electronic\6.wav
206,electronic,0,1,0,1,0,0,0,1,0,3,0,1,43,1,English,6.wav,data/Emotify\electronic\6.wav
206,electronic,0,0,0,0,0,1,0,1,0,3,0,1,41,1,Dutch,6.wav,data/Emotify\electronic\6.wav
206,electronic,1,0,0,0,0,1,1,0,0,3,1,0,37,0,Dutch,6.wav,data/Emotify\electronic\6.wav
206,electronic,0,0,0,0,0,0,1,0,0,3,1,0,53,0,English,6.wav,data/Emotify\electronic\6.wav
206,electronic,0,0,0,0,0,0,1,0,0,4,0,1,24,1,Russian,6.wav,data/Emotify\electronic\6.wav
207,electronic,0,0,0,1,0,0,0,1,0,4,1,0,18,0,English,7.wav,data/Emotify\electronic\7.wav
207,electronic,0,0,0,0,0,0,1,1,0,3,0,1,33,0,Russian,7.wav,data/Emotify\electronic\7.wav
207,electronic,0,0,0,0,0,0,0,1,0,3,0,1,33,0,Dutch,7.wav,data/Emotify\electronic\7.wav
207,electronic,0,0,0,0,0,0,0,1,0,4,1,0,41,1,Russian,7.wav,data/Emotify\electronic\7.wav
207,electronic,0,0,0,0,0,0,0,1,0,3,0,0,24,0,English,7.wav,data/Emotify\electronic\7.wav
207,electronic,0,0,0,0,0,0,1,0,0,3,1,0,68,0,English,7.wav,data/Emotify\electronic\7.wav
207,electronic,0,1,0,0,0,0,1,0,0,4,0,1,26,0,Dutch,7.wav,data/Emotify\electronic\7.wav
207,electronic,1,0,0,1,0,0,1,0,0,3,1,0,20,0,English,7.wav,data/Emotify\electronic\7.wav
207,electronic,0,0,0,0,1,0,0,1,0,3,1,0,33,0,Dutch,7.wav,data/Emotify\electronic\7.wav
207,electronic,0,0,0,0,0,0,1,0,0,3,1,0,22,0,Dutch,7.wav,data/Emotify\electronic\7.wav
207,electronic,0,0,0,0,0,0,0,0,1,2,0,1,55,0,Russian,7.wav,data/Emotify\electronic\7.wav
207,electronic,0,0,0,0,0,0,1,0,0,4,1,0,21,0,English,7.wav,data/Emotify\electronic\7.wav
207,electronic,0,0,0,0,0,0,0,1,0,3,0,1,26,0,English,7.wav,data/Emotify\electronic\7.wav
207,electronic,0,0,0,1,0,1,0,0,0,5,0,0,25,0,English,7.wav,data/Emotify\electronic\7.wav
207,electronic,0,0,0,0,0,0,0,1,0,2,0,1,25,1,Russian,7.wav,data/Emotify\electronic\7.wav
207,electronic,0,0,0,0,0,0,0,0,1,3,0,0,38,0,English,7.wav,data/Emotify\electronic\7.wav
207,electronic,0,1,0,1,1,0,0,0,0,3,1,0,24,0,English,7.wav,data/Emotify\electronic\7.wav
207,electronic,0,0,0,0,0,0,0,1,0,4,0,1,22,0,English,7.wav,data/Emotify\electronic\7.wav
207,electronic,1,0,0,0,1,0,1,0,0,3,0,0,31,0,Dutch,7.wav,data/Emotify\electronic\7.wav
207,electronic,0,0,0,0,1,0,0,0,0,2,1,0,37,0,German,7.wav,data/Emotify\electronic\7.wav
207,electronic,0,0,0,0,1,1,0,1,0,4,0,0,43,0,French,7.wav,data/Emotify\electronic\7.wav
207,electronic,0,0,0,0,0,0,1,1,0,5,0,1,25,1,English,7.wav,data/Emotify\electronic\7.wav
207,electronic,0,0,0,0,0,0,0,1,0,5,0,0,25,1,Russian,7.wav,data/Emotify\electronic\7.wav
207,electronic,0,0,0,0,0,0,1,0,0,4,1,0,25,1,Portuguese,7.wav,data/Emotify\electronic\7.wav
207,electronic,0,1,0,0,0,0,0,0,0,3,0,1,26,1,Chinese,7.wav,data/Emotify\electronic\7.wav
207,electronic,0,0,0,0,0,0,0,1,0,3,0,1,34,0,English,7.wav,data/Emotify\electronic\7.wav
207,electronic,1,0,0,0,0,0,1,0,0,3,1,0,24,0,English,7.wav,data/Emotify\electronic\7.wav
207,electronic,0,1,0,0,1,0,0,1,0,4,0,0,22,1,Dutch,7.wav,data/Emotify\electronic\7.wav
207,electronic,0,0,0,0,0,0,0,1,0,3,0,1,36,0,English,7.wav,data/Emotify\electronic\7.wav
207,electronic,0,0,0,0,0,0,0,1,0,3,0,0,17,0,English,7.wav,data/Emotify\electronic\7.wav
207,electronic,0,0,0,0,0,0,0,1,0,3,0,1,28,0,Russian,7.wav,data/Emotify\electronic\7.wav
207,electronic,1,0,0,0,0,0,0,1,0,4,1,0,32,0,Hindi,7.wav,data/Emotify\electronic\7.wav
207,electronic,0,1,0,1,0,0,0,1,0,2,1,0,15,1,English,7.wav,data/Emotify\electronic\7.wav
207,electronic,0,1,0,0,0,0,1,0,0,4,0,0,31,0,Dutch,7.wav,data/Emotify\electronic\7.wav
207,electronic,0,0,0,0,0,0,0,1,0,3,0,0,46,0,English,7.wav,data/Emotify\electronic\7.wav
207,electronic,0,0,0,0,0,0,0,1,0,4,0,0,26,0,English,7.wav,data/Emotify\electronic\7.wav
207,electronic,0,0,0,0,0,0,1,0,0,4,1,0,34,1,English,7.wav,data/Emotify\electronic\7.wav
207,electronic,0,0,0,0,1,0,0,0,0,4,0,0,42,0,English,7.wav,data/Emotify\electronic\7.wav
207,electronic,0,0,0,0,0,0,1,0,0,4,0,0,27,1,English,7.wav,data/Emotify\electronic\7.wav
207,electronic,0,0,0,0,1,0,0,0,1,3,0,1,22,0,Dutch,7.wav,data/Emotify\electronic\7.wav
207,electronic,0,0,0,0,0,0,0,0,0,5,0,0,48,0,Swedish,7.wav,data/Emotify\electronic\7.wav
207,electronic,0,0,0,0,0,1,0,0,0,4,0,0,33,0,English,7.wav,data/Emotify\electronic\7.wav
207,electronic,0,0,0,0,0,0,1,1,0,3,0,0,32,0,English,7.wav,data/Emotify\electronic\7.wav
207,electronic,0,0,0,0,0,0,1,1,0,2,1,0,25,1,Russian,7.wav,data/Emotify\electronic\7.wav
207,electronic,1,1,0,0,0,0,1,0,0,3,0,0,19,1,English,7.wav,data/Emotify\electronic\7.wav
207,electronic,0,0,0,0,0,0,0,1,0,4,0,1,42,0,English,7.wav,data/Emotify\electronic\7.wav
207,electronic,0,0,0,0,0,0,0,1,0,3,0,0,30,1,Russian,7.wav,data/Emotify\electronic\7.wav
207,electronic,0,1,0,0,0,1,1,0,0,4,0,0,19,0,Dutch,7.wav,data/Emotify\electronic\7.wav
207,electronic,0,0,0,0,1,0,0,0,0,4,0,1,28,0,English,7.wav,data/Emotify\electronic\7.wav
207,electronic,0,0,0,0,1,1,0,0,0,3,0,0,33,1,English,7.wav,data/Emotify\electronic\7.wav
207,electronic,0,0,1,0,1,0,1,0,0,4,1,0,20,1,Italian,7.wav,data/Emotify\electronic\7.wav
207,electronic,0,0,0,0,0,1,0,1,0,5,1,0,25,0,English,7.wav,data/Emotify\electronic\7.wav
207,electronic,0,0,0,0,0,0,0,1,0,2,0,0,45,0,Dutch,7.wav,data/Emotify\electronic\7.wav
207,electronic,1,0,0,0,0,0,1,1,0,2,0,0,22,0,Spanish,7.wav,data/Emotify\electronic\7.wav
207,electronic,0,0,0,0,0,0,0,1,0,4,0,1,15,1,English,7.wav,data/Emotify\electronic\7.wav
207,electronic,0,0,0,0,0,0,0,1,0,4,0,0,24,1,Russian,7.wav,data/Emotify\electronic\7.wav
207,electronic,0,0,0,0,0,0,0,1,0,4,0,0,29,0,English,7.wav,data/Emotify\electronic\7.wav
207,electronic,0,0,0,1,0,0,0,1,0,3,0,0,23,1,English,7.wav,data/Emotify\electronic\7.wav
207,electronic,0,0,0,0,0,0,0,1,0,4,0,1,25,1,English,7.wav,data/Emotify\electronic\7.wav
208,electronic,0,0,0,0,0,1,0,0,0,4,0,1,26,0,Dutch,8.wav,data/Emotify\electronic\8.wav
208,electronic,0,1,0,0,0,0,0,1,0,3,0,0,33,0,Russian,8.wav,data/Emotify\electronic\8.wav
208,electronic,0,0,0,0,1,0,0,0,0,3,0,0,24,0,English,8.wav,data/Emotify\electronic\8.wav
208,electronic,0,0,0,1,1,0,0,1,0,3,0,1,20,0,English,8.wav,data/Emotify\electronic\8.wav
208,electronic,0,0,0,0,1,1,1,0,0,3,1,0,24,1,English,8.wav,data/Emotify\electronic\8.wav
208,electronic,0,1,0,0,1,1,0,0,0,5,1,0,23,0,Russian,8.wav,data/Emotify\electronic\8.wav
208,electronic,0,1,0,1,0,0,1,0,0,3,0,0,31,0,Dutch,8.wav,data/Emotify\electronic\8.wav
208,electronic,0,0,0,0,1,0,1,0,0,5,0,0,29,1,Dutch,8.wav,data/Emotify\electronic\8.wav
208,electronic,0,1,0,0,0,0,0,0,0,3,1,0,30,0,English,8.wav,data/Emotify\electronic\8.wav
208,electronic,0,0,0,0,0,0,0,1,0,4,0,0,26,1,Dutch,8.wav,data/Emotify\electronic\8.wav
208,electronic,0,0,1,0,1,0,0,0,0,3,1,0,33,0,Dutch,8.wav,data/Emotify\electronic\8.wav
208,electronic,0,1,0,1,1,0,0,0,0,2,0,0,23,0,English,8.wav,data/Emotify\electronic\8.wav
208,electronic,0,1,0,0,0,0,0,0,0,5,1,0,44,0,English,8.wav,data/Emotify\electronic\8.wav
208,electronic,0,0,0,0,0,0,0,1,0,4,0,1,45,0,English,8.wav,data/Emotify\electronic\8.wav
208,electronic,1,0,0,1,0,1,0,0,0,3,0,0,26,0,English,8.wav,data/Emotify\electronic\8.wav
208,electronic,0,1,0,0,0,0,0,1,0,4,0,1,30,1,English,8.wav,data/Emotify\electronic\8.wav
208,electronic,0,1,0,0,1,0,0,0,0,2,0,1,19,0,Russian,8.wav,data/Emotify\electronic\8.wav
208,electronic,0,1,0,1,0,1,0,0,0,3,1,0,24,1,Dutch,8.wav,data/Emotify\electronic\8.wav
208,electronic,0,0,0,1,1,0,0,0,0,5,1,0,29,1,Russian,8.wav,data/Emotify\electronic\8.wav
208,electronic,0,0,0,0,1,1,0,1,0,4,0,0,40,1,Dutch,8.wav,data/Emotify\electronic\8.wav
208,electronic,0,0,0,0,0,0,0,0,1,2,1,0,31,0,English,8.wav,data/Emotify\electronic\8.wav
208,electronic,1,0,1,0,0,0,1,0,0,3,1,0,22,1,English,8.wav,data/Emotify\electronic\8.wav
208,electronic,0,1,1,1,0,0,0,0,0,3,1,0,36,0,English,8.wav,data/Emotify\electronic\8.wav
208,electronic,0,0,0,0,0,0,0,1,0,3,0,0,28,0,Russian,8.wav,data/Emotify\electronic\8.wav
208,electronic,0,0,0,0,1,1,0,0,0,4,0,0,42,0,English,8.wav,data/Emotify\electronic\8.wav
208,electronic,0,1,0,0,1,0,0,0,0,4,0,0,31,0,Dutch,8.wav,data/Emotify\electronic\8.wav
208,electronic,0,0,0,0,1,0,0,0,0,3,0,0,46,0,English,8.wav,data/Emotify\electronic\8.wav
208,electronic,0,0,0,0,1,0,0,0,0,3,0,0,22,0,Dutch,8.wav,data/Emotify\electronic\8.wav
208,electronic,0,0,1,0,1,0,0,0,1,4,1,0,26,0,English,8.wav,data/Emotify\electronic\8.wav
208,electronic,0,1,0,0,0,0,0,1,1,2,0,0,31,1,Greek,8.wav,data/Emotify\electronic\8.wav
208,electronic,0,0,0,0,0,0,1,0,0,4,1,0,30,0,English,8.wav,data/Emotify\electronic\8.wav
208,electronic,0,0,0,0,0,0,0,0,0,5,0,0,48,0,Swedish,8.wav,data/Emotify\electronic\8.wav
208,electronic,0,1,0,0,1,0,0,1,0,4,0,1,20,1,Dutch,8.wav,data/Emotify\electronic\8.wav
208,electronic,1,0,0,0,0,0,0,1,0,4,0,1,28,0,English,8.wav,data/Emotify\electronic\8.wav
208,electronic,1,0,1,0,0,0,0,0,0,4,0,0,37,0,German,8.wav,data/Emotify\electronic\8.wav
208,electronic,0,0,0,0,0,0,0,1,0,4,0,1,42,0,Russian,8.wav,data/Emotify\electronic\8.wav
208,electronic,0,0,0,0,0,0,0,1,0,4,0,1,42,0,English,8.wav,data/Emotify\electronic\8.wav
208,electronic,0,1,0,0,0,1,0,1,0,2,0,1,25,1,Russian,8.wav,data/Emotify\electronic\8.wav
208,electronic,0,0,0,0,1,0,0,0,0,3,0,0,30,1,Russian,8.wav,data/Emotify\electronic\8.wav
208,electronic,0,0,0,0,1,0,0,0,0,5,0,1,25,0,English,8.wav,data/Emotify\electronic\8.wav
208,electronic,0,0,0,0,0,0,0,1,0,5,0,1,30,1,English,8.wav,data/Emotify\electronic\8.wav
208,electronic,0,0,1,0,1,0,0,0,0,2,1,0,25,1,Russian,8.wav,data/Emotify\electronic\8.wav
208,electronic,1,0,1,0,0,0,0,1,0,3,0,0,27,1,Russian,8.wav,data/Emotify\electronic\8.wav
208,electronic,0,1,0,0,0,0,0,0,1,5,0,0,25,1,Russian,8.wav,data/Emotify\electronic\8.wav
208,electronic,0,0,0,0,1,0,0,0,0,4,1,0,25,1,English,8.wav,data/Emotify\electronic\8.wav
208,electronic,1,0,0,1,1,0,0,0,0,3,1,0,50,0,English,8.wav,data/Emotify\electronic\8.wav
208,electronic,0,1,0,0,1,0,0,0,1,4,0,0,18,0,English,8.wav,data/Emotify\electronic\8.wav
209,electronic,0,0,0,0,0,1,1,0,0,3,0,0,24,0,English,9.wav,data/Emotify\electronic\9.wav
209,electronic,0,1,0,0,0,0,1,1,0,3,0,0,20,0,English,9.wav,data/Emotify\electronic\9.wav
209,electronic,1,0,0,0,0,1,1,0,0,4,1,0,59,0,English,9.wav,data/Emotify\electronic\9.wav
209,electronic,1,0,0,0,0,0,0,1,0,4,0,0,18,1,Russian,9.wav,data/Emotify\electronic\9.wav
209,electronic,0,0,0,0,0,1,1,1,0,4,0,0,23,0,English,9.wav,data/Emotify\electronic\9.wav
209,electronic,0,0,0,0,0,0,0,1,0,5,0,1,29,1,Dutch,9.wav,data/Emotify\electronic\9.wav
209,electronic,0,0,0,0,0,1,0,0,0,3,0,1,33,0,Dutch,9.wav,data/Emotify\electronic\9.wav
209,electronic,0,0,0,1,0,0,1,1,0,2,1,0,23,0,English,9.wav,data/Emotify\electronic\9.wav
209,electronic,0,0,0,0,1,0,1,0,0,3,1,0,22,0,Polish,9.wav,data/Emotify\electronic\9.wav
209,electronic,0,1,0,0,0,1,0,0,0,3,1,0,38,0,English,9.wav,data/Emotify\electronic\9.wav
209,electronic,0,0,0,0,0,0,1,1,0,4,0,1,23,1,Swedish,9.wav,data/Emotify\electronic\9.wav
209,electronic,0,0,0,0,1,0,1,0,0,5,0,0,25,1,Russian,9.wav,data/Emotify\electronic\9.wav
209,electronic,0,0,0,0,0,0,0,1,0,3,0,1,25,0,English,9.wav,data/Emotify\electronic\9.wav
209,electronic,0,0,0,0,0,0,0,1,0,3,0,1,24,1,Dutch,9.wav,data/Emotify\electronic\9.wav
209,electronic,0,0,0,0,0,0,1,1,0,2,0,0,31,1,Greek,9.wav,data/Emotify\electronic\9.wav
209,electronic,0,0,0,0,0,1,1,1,0,4,1,0,40,1,Dutch,9.wav,data/Emotify\electronic\9.wav
209,electronic,0,0,0,0,0,0,0,1,0,4,0,1,24,1,Dutch,9.wav,data/Emotify\electronic\9.wav
209,electronic,0,0,0,0,0,0,1,0,0,5,0,0,28,0,Russian,9.wav,data/Emotify\electronic\9.wav
209,electronic,0,0,0,0,0,0,1,0,0,3,1,0,30,0,English,9.wav,data/Emotify\electronic\9.wav
209,electronic,0,0,0,0,0,0,0,0,0,3,0,1,27,0,German,9.wav,data/Emotify\electronic\9.wav
209,electronic,0,0,0,0,0,0,1,0,0,4,1,0,30,0,English,9.wav,data/Emotify\electronic\9.wav
209,electronic,0,0,0,0,0,1,0,0,0,4,0,1,25,0,French,9.wav,data/Emotify\electronic\9.wav
209,electronic,0,0,0,0,0,0,1,1,0,3,0,1,36,0,English,9.wav,data/Emotify\electronic\9.wav
209,electronic,0,0,0,0,0,0,0,1,0,3,0,1,28,0,Russian,9.wav,data/Emotify\electronic\9.wav
209,electronic,0,1,0,0,0,1,1,0,0,4,1,0,22,1,Dutch,9.wav,data/Emotify\electronic\9.wav
209,electronic,0,1,0,0,0,1,1,0,0,4,1,0,32,0,Hindi,9.wav,data/Emotify\electronic\9.wav
209,electronic,0,0,0,0,0,1,1,0,0,4,0,0,31,0,Dutch,9.wav,data/Emotify\electronic\9.wav
209,electronic,0,0,0,0,0,0,0,1,0,3,0,1,26,0,Russian,9.wav,data/Emotify\electronic\9.wav
209,electronic,0,0,0,0,0,0,1,0,0,3,0,1,22,0,Dutch,9.wav,data/Emotify\electronic\9.wav
209,electronic,0,0,0,1,0,0,1,0,0,4,0,0,26,0,English,9.wav,data/Emotify\electronic\9.wav
209,electronic,0,0,0,0,0,0,0,0,0,5,0,0,48,0,Swedish,9.wav,data/Emotify\electronic\9.wav
209,electronic,0,0,0,0,0,1,0,1,0,4,0,0,42,0,English,9.wav,data/Emotify\electronic\9.wav
209,electronic,0,0,0,0,0,0,0,1,0,4,0,1,42,0,English,9.wav,data/Emotify\electronic\9.wav
209,electronic,1,0,0,1,0,0,0,0,0,4,0,0,37,0,German,9.wav,data/Emotify\electronic\9.wav
209,electronic,0,1,0,0,0,1,0,0,0,4,0,1,42,0,Russian,9.wav,data/Emotify\electronic\9.wav
209,electronic,0,0,0,0,0,1,0,1,0,3,1,0,34,0,English,9.wav,data/Emotify\electronic\9.wav
209,electronic,0,0,0,0,0,0,0,1,0,3,0,1,50,0,English,9.wav,data/Emotify\electronic\9.wav
209,electronic,1,0,0,0,0,0,1,1,0,4,0,0,20,1,Italian,9.wav,data/Emotify\electronic\9.wav
209,electronic,0,0,0,0,0,1,1,1,0,2,0,0,25,1,Russian,9.wav,data/Emotify\electronic\9.wav
209,electronic,0,0,0,0,0,0,0,1,0,4,0,1,30,1,English,9.wav,data/Emotify\electronic\9.wav
209,electronic,0,0,0,0,0,0,0,1,0,3,0,0,30,1,Russian,9.wav,data/Emotify\electronic\9.wav
209,electronic,0,0,0,0,1,0,0,0,0,3,1,0,42,0,English,9.wav,data/Emotify\electronic\9.wav
209,electronic,0,0,0,0,0,1,1,1,0,4,0,1,23,0,English,9.wav,data/Emotify\electronic\9.wav
209,electronic,1,0,0,0,0,0,0,1,1,3,0,0,27,1,Russian,9.wav,data/Emotify\electronic\9.wav
209,electronic,0,0,0,0,0,0,1,1,0,5,1,0,29,1,Russian,9.wav,data/Emotify\electronic\9.wav
209,electronic,0,0,0,0,0,0,1,1,0,3,0,1,33,0,Russian,9.wav,data/Emotify\electronic\9.wav
209,electronic,0,0,0,0,0,1,1,0,0,5,0,1,25,1,Russian,9.wav,data/Emotify\electronic\9.wav
209,electronic,0,0,0,0,0,0,1,0,0,4,0,0,18,0,English,9.wav,data/Emotify\electronic\9.wav
209,electronic,0,0,0,0,0,1,0,1,0,5,0,1,56,0,English,9.wav,data/Emotify\electronic\9.wav
209,electronic,1,0,0,0,0,0,1,0,0,4,1,0,26,0,Dutch,9.wav,data/Emotify\electronic\9.wav
209,electronic,0,0,0,0,0,1,1,1,0,3,1,0,26,0,English,9.wav,data/Emotify\electronic\9.wav
209,electronic,0,0,0,0,0,0,1,0,0,3,0,0,24,1,English,9.wav,data/Emotify\electronic\9.wav
210,electronic,0,0,0,1,0,0,0,1,0,3,1,0,33,0,Dutch,10.wav,data/Emotify\electronic\10.wav
210,electronic,0,0,0,0,0,0,0,1,0,3,0,1,22,0,Polish,10.wav,data/Emotify\electronic\10.wav
210,electronic,0,1,0,0,0,1,0,1,0,5,0,0,25,1,Russian,10.wav,data/Emotify\electronic\10.wav
210,electronic,0,0,0,0,0,0,0,1,0,3,1,0,32,0,Russian,10.wav,data/Emotify\electronic\10.wav
210,electronic,0,0,0,0,0,1,1,0,0,5,1,0,28,0,Russian,10.wav,data/Emotify\electronic\10.wav
210,electronic,0,0,0,0,0,1,0,1,0,3,1,0,25,0,English,10.wav,data/Emotify\electronic\10.wav
210,electronic,0,0,0,1,1,0,0,0,1,5,0,1,19,1,English,10.wav,data/Emotify\electronic\10.wav
210,electronic,0,0,0,0,1,0,0,0,0,3,1,0,24,1,Dutch,10.wav,data/Emotify\electronic\10.wav
210,electronic,0,1,0,0,0,1,0,1,0,4,1,0,40,1,Dutch,10.wav,data/Emotify\electronic\10.wav
210,electronic,0,0,0,0,0,0,0,1,1,3,0,0,24,0,English,10.wav,data/Emotify\electronic\10.wav
210,electronic,0,1,0,0,0,0,0,0,0,4,1,0,30,0,English,10.wav,data/Emotify\electronic\10.wav
210,electronic,0,0,0,1,1,0,0,0,1,2,1,0,31,0,English,10.wav,data/Emotify\electronic\10.wav
210,electronic,1,0,0,0,0,0,0,0,0,3,1,0,30,0,English,10.wav,data/Emotify\electronic\10.wav
210,electronic,0,0,0,0,1,0,0,0,1,4,1,0,14,0,English,10.wav,data/Emotify\electronic\10.wav
210,electronic,1,0,0,1,0,0,0,0,1,3,1,0,36,0,English,10.wav,data/Emotify\electronic\10.wav
210,electronic,0,0,0,0,1,0,0,0,0,1,0,0,25,0,English,10.wav,data/Emotify\electronic\10.wav
210,electronic,1,0,1,0,1,0,0,0,0,4,1,0,32,0,Hindi,10.wav,data/Emotify\electronic\10.wav
210,electronic,0,0,0,0,0,1,0,1,0,4,1,0,41,0,English,10.wav,data/Emotify\electronic\10.wav
210,electronic,0,0,1,1,0,0,0,0,0,3,1,0,21,0,Dutch,10.wav,data/Emotify\electronic\10.wav
210,electronic,0,1,0,0,0,1,0,1,0,3,1,0,34,0,English,10.wav,data/Emotify\electronic\10.wav
210,electronic,0,1,0,0,0,1,0,0,0,4,0,0,31,0,Dutch,10.wav,data/Emotify\electronic\10.wav
210,electronic,0,1,0,0,0,0,0,1,0,4,0,0,30,1,English,10.wav,data/Emotify\electronic\10.wav
210,electronic,0,1,0,0,0,0,0,1,0,4,0,1,37,0,German,10.wav,data/Emotify\electronic\10.wav
210,electronic,0,0,0,0,1,0,0,0,0,5,0,0,48,0,Swedish,10.wav,data/Emotify\electronic\10.wav
210,electronic,0,1,0,0,0,0,0,0,0,4,0,0,27,0,English,10.wav,data/Emotify\electronic\10.wav
210,electronic,0,0,0,0,0,0,0,1,0,4,0,1,42,0,English,10.wav,data/Emotify\electronic\10.wav
210,electronic,1,0,0,0,1,0,0,0,0,4,1,0,42,0,Russian,10.wav,data/Emotify\electronic\10.wav
210,electronic,0,0,0,0,0,0,0,1,0,3,0,0,35,0,Arabic,10.wav,data/Emotify\electronic\10.wav
210,electronic,0,1,0,0,0,0,0,0,0,4,0,1,20,1,Dutch,10.wav,data/Emotify\electronic\10.wav
210,electronic,0,1,0,0,0,1,0,1,0,2,1,0,28,1,English,10.wav,data/Emotify\electronic\10.wav
210,electronic,0,0,0,0,1,1,0,0,0,3,1,0,42,0,English,10.wav,data/Emotify\electronic\10.wav
210,electronic,0,1,0,0,0,1,0,1,0,3,0,0,33,0,Russian,10.wav,data/Emotify\electronic\10.wav
210,electronic,0,1,0,0,0,0,0,0,0,4,0,0,25,1,Russian,10.wav,data/Emotify\electronic\10.wav
210,electronic,0,1,0,0,1,0,1,0,0,4,0,0,23,0,English,10.wav,data/Emotify\electronic\10.wav
210,electronic,0,0,0,1,0,1,0,0,0,4,0,1,26,0,Dutch,10.wav,data/Emotify\electronic\10.wav
210,electronic,0,0,0,0,1,1,0,1,0,3,1,0,26,0,English,10.wav,data/Emotify\electronic\10.wav
210,electronic,0,0,1,1,1,0,0,0,0,2,1,0,23,0,English,10.wav,data/Emotify\electronic\10.wav
210,electronic,0,1,0,0,0,1,0,1,0,4,0,0,21,1,English,10.wav,data/Emotify\electronic\10.wav
210,electronic,0,0,0,0,0,0,0,0,1,4,0,1,25,0,Russian,10.wav,data/Emotify\electronic\10.wav
210,electronic,0,0,0,0,1,0,0,0,0,3,0,1,24,1,English,10.wav,data/Emotify\electronic\10.wav
210,electronic,1,1,1,0,0,0,0,0,0,4,1,0,59,0,English,10.wav,data/Emotify\electronic\10.wav
210,electronic,0,0,0,0,0,0,0,1,0,4,1,0,18,1,Russian,10.wav,data/Emotify\electronic\10.wav
210,electronic,0,1,0,0,1,1,0,0,0,3,1,0,24,1,Russian,10.wav,data/Emotify\electronic\10.wav
210,electronic,0,1,0,0,0,1,0,1,0,5,0,1,30,0,Hebrew,10.wav,data/Emotify\electronic\10.wav
210,electronic,0,0,0,0,1,0,0,1,0,3,1,0,24,0,English,10.wav,data/Emotify\electronic\10.wav
211,electronic,0,0,0,0,0,1,1,0,0,4,1,0,20,1,English,11.wav,data/Emotify\electronic\11.wav
211,electronic,0,0,0,0,0,0,0,1,0,4,0,1,47,0,Italian,11.wav,data/Emotify\electronic\11.wav
211,electronic,0,0,0,0,0,0,1,1,0,3,0,1,22,0,Polish,11.wav,data/Emotify\electronic\11.wav
211,electronic,0,0,0,0,0,0,0,1,0,3,0,1,33,0,Dutch,11.wav,data/Emotify\electronic\11.wav
211,electronic,0,0,0,0,0,0,0,1,0,3,0,1,36,0,Italian,11.wav,data/Emotify\electronic\11.wav
211,electronic,0,0,0,0,1,0,0,0,0,5,0,1,25,1,Russian,11.wav,data/Emotify\electronic\11.wav
211,electronic,0,0,0,0,0,0,0,1,0,3,1,0,32,0,Russian,11.wav,data/Emotify\electronic\11.wav
211,electronic,0,0,0,1,0,0,0,0,0,4,1,1,28,0,English,11.wav,data/Emotify\electronic\11.wav
211,electronic,0,0,1,0,0,0,0,1,1,2,1,0,21,1,English,11.wav,data/Emotify\electronic\11.wav
211,electronic,0,0,0,0,0,0,1,0,0,3,1,0,24,1,Dutch,11.wav,data/Emotify\electronic\11.wav
211,electronic,0,0,0,0,1,0,0,0,1,4,0,1,40,1,Dutch,11.wav,data/Emotify\electronic\11.wav
211,electronic,0,0,0,0,0,0,0,1,0,4,0,1,30,0,English,11.wav,data/Emotify\electronic\11.wav
211,electronic,0,0,1,0,0,0,0,1,1,2,1,0,21,1,English,11.wav,data/Emotify\electronic\11.wav
211,electronic,0,1,0,0,0,0,0,0,0,2,0,0,55,0,Russian,11.wav,data/Emotify\electronic\11.wav
211,electronic,0,0,0,0,1,0,0,0,0,5,0,0,25,0,English,11.wav,data/Emotify\electronic\11.wav
211,electronic,0,0,0,0,1,0,0,0,0,3,0,1,34,0,English,11.wav,data/Emotify\electronic\11.wav
211,electronic,0,0,0,0,1,0,0,0,0,2,0,1,15,1,English,11.wav,data/Emotify\electronic\11.wav
211,electronic,1,0,0,0,0,0,1,1,0,3,1,0,21,0,Dutch,11.wav,data/Emotify\electronic\11.wav
211,electronic,0,0,0,0,0,0,0,0,0,4,0,1,14,0,English,11.wav,data/Emotify\electronic\11.wav
211,electronic,0,0,0,0,0,0,0,1,0,3,0,1,36,0,English,11.wav,data/Emotify\electronic\11.wav
211,electronic,0,0,0,0,1,0,0,0,0,3,0,0,22,0,Dutch,11.wav,data/Emotify\electronic\11.wav
211,electronic,0,0,0,0,0,0,1,0,0,4,1,0,41,0,English,11.wav,data/Emotify\electronic\11.wav
211,electronic,0,0,0,0,0,0,0,0,0,3,0,1,35,0,Icelandic,11.wav,data/Emotify\electronic\11.wav
211,electronic,0,0,0,0,0,0,0,1,0,4,0,1,31,1,English,11.wav,data/Emotify\electronic\11.wav
211,electronic,0,0,0,0,0,1,0,1,0,5,0,1,25,1,Russian,11.wav,data/Emotify\electronic\11.wav
211,electronic,0,0,0,0,0,1,0,1,1,4,1,0,32,0,Hindi,11.wav,data/Emotify\electronic\11.wav
211,electronic,0,0,0,0,0,0,0,1,0,4,0,1,25,1,Portuguese,11.wav,data/Emotify\electronic\11.wav
211,electronic,0,1,0,0,1,0,0,1,0,4,0,0,22,1,Dutch,11.wav,data/Emotify\electronic\11.wav
211,electronic,0,0,0,0,1,0,0,1,0,4,0,0,31,0,Dutch,11.wav,data/Emotify\electronic\11.wav
211,electronic,0,0,0,1,0,0,0,0,0,4,1,0,42,0,English,11.wav,data/Emotify\electronic\11.wav
211,electronic,0,0,0,0,0,1,0,1,0,4,0,1,26,1,English,11.wav,data/Emotify\electronic\11.wav
211,electronic,0,1,1,0,0,0,0,1,0,3,0,0,17,0,English,11.wav,data/Emotify\electronic\11.wav
211,electronic,0,0,1,0,0,0,0,0,0,5,0,1,24,0,Russian,11.wav,data/Emotify\electronic\11.wav
211,electronic,0,1,0,0,0,0,0,0,0,4,1,0,18,1,Russian,11.wav,data/Emotify\electronic\11.wav
211,electronic,0,0,0,0,0,1,1,0,0,1,0,0,25,1,Russian,11.wav,data/Emotify\electronic\11.wav
211,electronic,1,0,0,0,0,1,1,0,0,3,1,0,26,1,Hungarian,11.wav,data/Emotify\electronic\11.wav
211,electronic,0,0,0,0,1,0,0,1,0,2,0,0,23,0,English,11.wav,data/Emotify\electronic\11.wav
211,electronic,0,0,0,0,0,1,0,1,1,2,0,0,25,1,Russian,11.wav,data/Emotify\electronic\11.wav
211,electronic,0,0,0,0,0,0,0,1,0,3,0,1,30,0,Russian,11.wav,data/Emotify\electronic\11.wav
211,electronic,0,0,0,0,0,0,0,1,0,1,0,1,20,1,French,11.wav,data/Emotify\electronic\11.wav
211,electronic,0,1,0,0,1,0,0,0,0,4,0,1,26,0,Dutch,11.wav,data/Emotify\electronic\11.wav
211,electronic,0,0,0,0,0,0,1,1,0,3,0,1,33,0,Russian,11.wav,data/Emotify\electronic\11.wav
211,electronic,0,0,0,0,0,0,1,1,1,4,0,1,67,0,Russian,11.wav,data/Emotify\electronic\11.wav
211,electronic,0,0,0,0,0,1,1,0,0,3,1,0,26,0,English,11.wav,data/Emotify\electronic\11.wav
211,electronic,0,0,0,0,1,0,1,0,0,4,0,0,23,0,English,11.wav,data/Emotify\electronic\11.wav
211,electronic,0,0,0,0,0,0,1,0,0,3,0,1,24,1,Russian,11.wav,data/Emotify\electronic\11.wav
211,electronic,0,0,0,0,0,0,0,1,0,4,0,1,30,1,English,11.wav,data/Emotify\electronic\11.wav
211,electronic,0,0,0,0,0,1,0,1,1,4,0,1,59,0,English,11.wav,data/Emotify\electronic\11.wav
211,electronic,1,0,0,0,0,0,0,1,0,2,1,0,22,0,Spanish,11.wav,data/Emotify\electronic\11.wav
211,electronic,0,0,0,0,1,1,0,0,0,5,0,1,30,0,Hebrew,11.wav,data/Emotify\electronic\11.wav
211,electronic,0,1,0,0,0,0,0,1,0,4,0,0,18,0,English,11.wav,data/Emotify\electronic\11.wav
211,electronic,0,1,0,0,0,0,0,1,0,4,0,1,23,1,English,11.wav,data/Emotify\electronic\11.wav
211,electronic,0,0,0,0,0,0,0,1,0,3,0,0,24,0,English,11.wav,data/Emotify\electronic\11.wav
211,electronic,0,0,0,0,0,1,0,1,0,4,0,1,25,1,Dutch,11.wav,data/Emotify\electronic\11.wav
211,electronic,0,0,0,0,0,0,0,1,0,4,0,1,28,1,Italian,11.wav,data/Emotify\electronic\11.wav
211,electronic,1,0,0,0,0,0,1,1,0,3,0,1,18,0,English,11.wav,data/Emotify\electronic\11.wav
211,electronic,0,0,0,0,0,0,0,1,0,4,0,1,32,1,Italian,11.wav,data/Emotify\electronic\11.wav
211,electronic,0,0,0,0,0,0,1,1,0,5,1,0,28,0,Russian,11.wav,data/Emotify\electronic\11.wav
212,electronic,1,0,0,0,0,0,1,0,0,3,1,0,33,0,Dutch,12.wav,data/Emotify\electronic\12.wav
212,electronic,0,0,0,0,1,0,0,1,0,4,1,0,47,0,English,12.wav,data/Emotify\electronic\12.wav
212,electronic,1,0,0,0,0,1,1,0,0,5,1,0,31,0,Dutch,12.wav,data/Emotify\electronic\12.wav
212,electronic,0,0,0,1,0,1,1,0,0,5,1,0,29,1,Dutch,12.wav,data/Emotify\electronic\12.wav
212,electronic,0,0,0,0,0,0,1,0,0,3,0,0,32,0,Russian,12.wav,data/Emotify\electronic\12.wav
212,electronic,0,1,0,0,0,0,0,0,0,4,1,0,28,0,English,12.wav,data/Emotify\electronic\12.wav
212,electronic,0,1,0,0,0,0,0,0,0,3,0,0,24,1,Dutch,12.wav,data/Emotify\electronic\12.wav
212,electronic,0,0,0,0,0,0,0,1,0,4,0,1,23,1,Swedish,12.wav,data/Emotify\electronic\12.wav
212,electronic,0,0,0,0,0,0,0,1,0,4,0,1,24,0,Spanish,12.wav,data/Emotify\electronic\12.wav
212,electronic,0,0,0,0,0,0,0,1,0,3,0,1,29,0,English,12.wav,data/Emotify\electronic\12.wav
212,electronic,0,0,0,1,0,0,0,0,0,2,1,0,55,0,Russian,12.wav,data/Emotify\electronic\12.wav
212,electronic,0,0,0,0,0,1,1,1,0,3,0,1,21,0,Dutch,12.wav,data/Emotify\electronic\12.wav
212,electronic,0,1,0,1,1,0,0,0,0,5,0,0,25,0,English,12.wav,data/Emotify\electronic\12.wav
212,electronic,0,0,0,0,0,0,0,1,0,3,0,1,34,0,Spanish,12.wav,data/Emotify\electronic\12.wav
212,electronic,0,0,0,0,1,0,0,0,0,3,1,0,30,0,English,12.wav,data/Emotify\electronic\12.wav
212,electronic,0,0,0,0,0,0,0,0,0,4,0,1,14,0,English,12.wav,data/Emotify\electronic\12.wav
212,electronic,0,0,0,0,0,1,1,0,0,3,0,1,36,0,English,12.wav,data/Emotify\electronic\12.wav
212,electronic,1,0,0,0,0,1,0,0,0,4,0,0,41,0,English,12.wav,data/Emotify\electronic\12.wav
212,electronic,0,0,0,0,0,0,0,0,0,3,0,1,35,0,Icelandic,12.wav,data/Emotify\electronic\12.wav
212,electronic,0,0,0,0,0,0,0,1,0,4,0,1,25,1,Portuguese,12.wav,data/Emotify\electronic\12.wav
212,electronic,0,0,0,0,1,0,0,0,0,1,0,0,25,0,English,12.wav,data/Emotify\electronic\12.wav
212,electronic,0,1,0,0,0,1,1,0,0,4,1,0,22,1,Dutch,12.wav,data/Emotify\electronic\12.wav
212,electronic,0,0,0,0,1,0,0,0,0,2,0,0,29,0,Russian,12.wav,data/Emotify\electronic\12.wav
212,electronic,0,0,0,0,0,1,0,0,0,4,0,0,26,1,English,12.wav,data/Emotify\electronic\12.wav
212,electronic,0,0,1,0,0,1,1,0,0,3,0,0,17,0,English,12.wav,data/Emotify\electronic\12.wav
212,electronic,0,0,0,0,0,0,0,1,0,3,0,1,30,0,Russian,12.wav,data/Emotify\electronic\12.wav
212,electronic,0,0,0,1,0,1,1,0,0,3,1,0,26,1,Hungarian,12.wav,data/Emotify\electronic\12.wav
212,electronic,0,0,0,0,0,1,0,0,0,1,1,0,20,1,French,12.wav,data/Emotify\electronic\12.wav
212,electronic,1,0,0,0,1,0,1,0,0,2,1,0,28,1,English,12.wav,data/Emotify\electronic\12.wav
212,electronic,0,0,0,0,0,0,1,1,0,2,0,1,25,1,Russian,12.wav,data/Emotify\electronic\12.wav
212,electronic,0,0,0,0,0,0,0,1,0,4,0,1,32,1,Italian,12.wav,data/Emotify\electronic\12.wav
212,electronic,0,0,0,0,0,1,0,0,0,3,1,0,21,1,English,12.wav,data/Emotify\electronic\12.wav
212,electronic,0,0,0,0,0,1,1,1,0,4,0,0,17,0,Norwegian,12.wav,data/Emotify\electronic\12.wav
212,electronic,0,1,0,0,0,0,0,1,0,3,0,0,29,0,Russian,12.wav,data/Emotify\electronic\12.wav
212,electronic,1,0,0,0,1,0,0,0,0,5,1,0,26,0,Russian,12.wav,data/Emotify\electronic\12.wav
212,electronic,0,0,0,0,0,1,1,0,0,4,0,0,23,0,English,12.wav,data/Emotify\electronic\12.wav
212,electronic,0,0,0,0,0,0,0,1,0,3,0,0,24,1,Russian,12.wav,data/Emotify\electronic\12.wav
212,electronic,0,0,0,0,1,1,0,0,0,4,0,0,23,1,English,12.wav,data/Emotify\electronic\12.wav
212,electronic,0,1,0,0,0,1,0,1,0,3,0,0,29,1,Hindi,12.wav,data/Emotify\electronic\12.wav
212,electronic,0,1,1,1,0,0,0,0,0,4,0,0,27,1,English,12.wav,data/Emotify\electronic\12.wav
212,electronic,0,0,0,0,0,1,1,0,0,3,1,0,19,1,Macedonian,12.wav,data/Emotify\electronic\12.wav
212,electronic,1,0,0,0,1,0,1,0,0,2,1,0,22,0,Spanish,12.wav,data/Emotify\electronic\12.wav
212,electronic,0,1,0,0,0,1,1,0,0,5,1,0,30,0,Hebrew,12.wav,data/Emotify\electronic\12.wav
212,electronic,0,1,0,0,0,0,0,1,0,4,0,0,18,0,English,12.wav,data/Emotify\electronic\12.wav
212,electronic,0,0,0,1,0,0,1,0,0,3,1,0,24,0,English,12.wav,data/Emotify\electronic\12.wav
212,electronic,0,0,0,0,0,1,1,0,0,4,0,0,25,1,Dutch,12.wav,data/Emotify\electronic\12.wav
212,electronic,0,0,0,1,1,0,0,0,0,4,0,0,20,1,English,12.wav,data/Emotify\electronic\12.wav
212,electronic,0,0,0,0,0,1,1,0,0,4,1,0,28,1,Italian,12.wav,data/Emotify\electronic\12.wav
212,electronic,0,0,0,0,1,0,0,0,0,5,0,1,25,1,Russian,12.wav,data/Emotify\electronic\12.wav
212,electronic,0,0,0,0,0,0,1,1,0,4,0,0,47,0,Italian,12.wav,data/Emotify\electronic\12.wav
212,electronic,0,1,0,0,0,0,0,0,0,3,0,1,22,0,Polish,12.wav,data/Emotify\electronic\12.wav
212,electronic,0,0,0,0,1,0,0,0,0,4,1,0,22,1,Russian,12.wav,data/Emotify\electronic\12.wav
212,electronic,0,0,0,0,0,0,0,1,0,5,1,0,26,0,Greek,12.wav,data/Emotify\electronic\12.wav
213,electronic,0,0,1,0,0,0,0,0,0,4,1,0,28,0,English,13.wav,data/Emotify\electronic\13.wav
213,electronic,0,0,0,1,0,0,0,0,0,3,0,0,24,1,Dutch,13.wav,data/Emotify\electronic\13.wav
213,electronic,0,0,0,0,0,0,1,0,0,4,0,1,23,1,Swedish,13.wav,data/Emotify\electronic\13.wav
213,electronic,0,0,0,0,0,0,1,0,0,3,0,0,34,0,Spanish,13.wav,data/Emotify\electronic\13.wav
213,electronic,0,0,0,0,0,0,1,0,0,4,0,0,55,1,English,13.wav,data/Emotify\electronic\13.wav
213,electronic,0,0,0,0,1,0,0,0,0,2,1,0,55,0,Russian,13.wav,data/Emotify\electronic\13.wav
213,electronic,0,1,0,0,1,0,0,0,0,3,1,0,21,0,Dutch,13.wav,data/Emotify\electronic\13.wav
213,electronic,0,0,0,0,1,0,0,0,0,4,1,0,45,1,Dutch,13.wav,data/Emotify\electronic\13.wav
213,electronic,0,0,0,0,0,0,0,1,0,4,0,0,14,0,English,13.wav,data/Emotify\electronic\13.wav
213,electronic,0,0,0,0,0,0,0,1,0,4,1,0,25,1,English,13.wav,data/Emotify\electronic\13.wav
213,electronic,0,0,0,0,0,0,0,0,0,4,0,1,41,0,English,13.wav,data/Emotify\electronic\13.wav
213,electronic,0,0,1,0,1,0,0,0,0,1,0,0,25,0,English,13.wav,data/Emotify\electronic\13.wav
213,electronic,0,0,0,0,0,0,0,0,0,3,0,1,35,0,Icelandic,13.wav,data/Emotify\electronic\13.wav
213,electronic,0,0,0,0,0,0,1,0,0,1,1,0,20,1,French,13.wav,data/Emotify\electronic\13.wav
213,electronic,0,1,0,0,0,1,1,0,0,4,1,0,22,1,Dutch,13.wav,data/Emotify\electronic\13.wav
213,electronic,1,0,0,0,0,0,1,0,0,3,0,0,17,0,English,13.wav,data/Emotify\electronic\13.wav
213,electronic,0,0,0,0,0,0,0,0,1,2,0,1,29,0,Russian,13.wav,data/Emotify\electronic\13.wav
213,electronic,0,0,1,0,1,0,0,0,0,3,1,0,30,0,Russian,13.wav,data/Emotify\electronic\13.wav
213,electronic,1,0,0,1,0,0,0,1,0,3,1,0,26,1,Hungarian,13.wav,data/Emotify\electronic\13.wav
213,electronic,0,0,1,0,0,0,0,0,0,4,1,0,28,1,Italian,13.wav,data/Emotify\electronic\13.wav
213,electronic,0,1,0,0,0,0,0,1,1,2,0,1,25,1,Russian,13.wav,data/Emotify\electronic\13.wav
213,electronic,1,0,0,0,0,1,1,0,0,5,0,0,23,1,English,13.wav,data/Emotify\electronic\13.wav
213,electronic,0,0,0,0,0,0,1,0,0,3,0,0,21,1,English,13.wav,data/Emotify\electronic\13.wav
213,electronic,1,0,0,0,1,0,0,0,0,4,0,1,23,0,Italian,13.wav,data/Emotify\electronic\13.wav
213,electronic,0,0,0,0,1,0,0,1,0,4,1,0,31,0,English,13.wav,data/Emotify\electronic\13.wav
213,electronic,1,0,0,1,0,0,0,0,0,3,0,0,29,0,Russian,13.wav,data/Emotify\electronic\13.wav
213,electronic,1,0,0,0,0,1,1,0,0,4,1,0,17,0,Norwegian,13.wav,data/Emotify\electronic\13.wav
213,electronic,0,0,0,0,1,0,0,0,0,4,1,0,31,0,Italian,13.wav,data/Emotify\electronic\13.wav
213,electronic,0,0,0,0,0,1,1,0,0,3,0,0,55,0,Dutch,13.wav,data/Emotify\electronic\13.wav
213,electronic,0,0,0,0,0,0,0,1,0,3,0,1,24,1,Russian,13.wav,data/Emotify\electronic\13.wav
213,electronic,0,0,0,0,0,0,1,0,0,5,1,0,26,0,Russian,13.wav,data/Emotify\electronic\13.wav
213,electronic,0,0,0,1,0,0,1,0,0,4,0,0,23,0,English,13.wav,data/Emotify\electronic\13.wav
213,electronic,0,0,0,0,0,0,0,0,1,5,0,1,31,0,English,13.wav,data/Emotify\electronic\13.wav
213,electronic,0,0,0,0,0,0,0,1,0,2,0,0,28,0,English,13.wav,data/Emotify\electronic\13.wav
213,electronic,0,0,0,0,0,1,1,0,0,3,1,0,23,1,French,13.wav,data/Emotify\electronic\13.wav
213,electronic,0,0,0,0,0,0,1,0,0,4,1,0,24,0,Spanish,13.wav,data/Emotify\electronic\13.wav
213,electronic,0,0,0,0,0,1,1,0,0,4,0,0,25,1,Dutch,13.wav,data/Emotify\electronic\13.wav
213,electronic,0,0,0,1,1,0,0,0,1,2,0,0,18,0,Russian,13.wav,data/Emotify\electronic\13.wav
213,electronic,0,0,0,0,0,1,1,1,0,4,0,1,51,1,Dutch,13.wav,data/Emotify\electronic\13.wav
213,electronic,0,1,0,0,0,0,0,0,0,4,0,0,27,1,English,13.wav,data/Emotify\electronic\13.wav
213,electronic,0,1,0,1,0,1,0,0,0,3,0,0,19,1,Macedonian,13.wav,data/Emotify\electronic\13.wav
213,electronic,0,0,0,0,1,0,0,0,1,2,0,1,22,0,Spanish,13.wav,data/Emotify\electronic\13.wav
213,electronic,0,0,0,0,0,0,0,0,0,5,0,1,26,0,Greek,13.wav,data/Emotify\electronic\13.wav
213,electronic,0,0,0,0,1,0,0,0,0,4,0,0,25,1,Portuguese,13.wav,data/Emotify\electronic\13.wav
213,electronic,0,0,0,0,1,0,1,0,0,5,1,0,30,0,Hebrew,13.wav,data/Emotify\electronic\13.wav
213,electronic,0,0,0,0,1,0,1,0,0,4,0,0,18,0,English,13.wav,data/Emotify\electronic\13.wav
213,electronic,0,0,0,1,1,0,0,1,0,4,0,0,18,0,English,13.wav,data/Emotify\electronic\13.wav
213,electronic,0,0,0,0,0,0,1,0,0,3,1,0,24,0,English,13.wav,data/Emotify\electronic\13.wav
213,electronic,1,1,0,0,0,0,1,0,0,4,1,0,47,0,Italian,13.wav,data/Emotify\electronic\13.wav
213,electronic,0,0,0,0,0,0,0,1,0,4,1,0,30,1,Russian,13.wav,data/Emotify\electronic\13.wav
213,electronic,0,0,0,0,0,0,0,0,0,4,0,1,47,0,English,13.wav,data/Emotify\electronic\13.wav
213,electronic,0,0,0,1,0,0,0,0,1,3,0,1,22,0,Polish,13.wav,data/Emotify\electronic\13.wav
213,electronic,0,0,0,0,1,0,0,0,0,4,1,0,22,1,Russian,13.wav,data/Emotify\electronic\13.wav
213,electronic,0,0,0,0,1,0,0,0,0,3,1,0,29,0,English,13.wav,data/Emotify\electronic\13.wav
213,electronic,0,0,0,0,0,0,1,0,0,4,0,1,23,0,Ucrainian,13.wav,data/Emotify\electronic\13.wav
213,electronic,0,0,0,1,1,0,0,0,0,3,1,0,33,0,Dutch,13.wav,data/Emotify\electronic\13.wav
213,electronic,0,0,0,0,1,0,0,0,0,5,0,0,29,1,Dutch,13.wav,data/Emotify\electronic\13.wav
213,electronic,1,0,0,0,0,0,0,0,0,3,0,1,32,0,Russian,13.wav,data/Emotify\electronic\13.wav
214,electronic,1,0,0,0,0,0,1,0,0,4,0,0,55,1,English,14.wav,data/Emotify\electronic\14.wav
214,electronic,0,0,1,0,0,0,0,0,0,2,0,1,55,0,Russian,14.wav,data/Emotify\electronic\14.wav
214,electronic,0,0,0,0,0,0,1,1,0,4,0,1,45,1,Dutch,14.wav,data/Emotify\electronic\14.wav
214,electronic,0,0,1,0,0,1,0,1,0,5,1,0,25,0,Russian,14.wav,data/Emotify\electronic\14.wav
214,electronic,1,0,0,0,0,0,0,0,0,4,0,0,30,1,Amharic,14.wav,data/Emotify\electronic\14.wav
214,electronic,1,0,0,1,0,1,0,0,0,5,0,0,45,0,Korean,14.wav,data/Emotify\electronic\14.wav
214,electronic,0,0,0,0,0,0,1,0,0,3,0,0,30,1,English,14.wav,data/Emotify\electronic\14.wav
214,electronic,0,0,0,0,0,0,0,0,0,4,0,1,25,1,English,14.wav,data/Emotify\electronic\14.wav
214,electronic,0,0,0,0,1,0,0,0,0,3,1,0,30,0,English,14.wav,data/Emotify\electronic\14.wav
214,electronic,1,0,0,0,0,1,1,0,0,4,0,0,41,0,English,14.wav,data/Emotify\electronic\14.wav
214,electronic,0,0,0,0,0,0,0,0,1,2,0,1,29,0,Russian,14.wav,data/Emotify\electronic\14.wav
214,electronic,0,0,0,1,0,0,0,1,1,3,0,1,22,1,English,14.wav,data/Emotify\electronic\14.wav
214,electronic,0,0,0,0,0,0,0,0,0,3,0,1,35,0,Icelandic,14.wav,data/Emotify\electronic\14.wav
214,electronic,0,1,0,0,0,0,1,1,0,4,1,0,22,1,Dutch,14.wav,data/Emotify\electronic\14.wav
214,electronic,0,0,0,0,0,0,1,0,0,1,0,1,20,1,French,14.wav,data/Emotify\electronic\14.wav
214,electronic,0,0,0,0,0,0,1,0,0,3,1,0,32,0,Spanish,14.wav,data/Emotify\electronic\14.wav
214,electronic,0,0,0,0,0,0,1,0,0,3,0,0,30,0,Russian,14.wav,data/Emotify\electronic\14.wav
214,electronic,0,0,0,0,1,0,0,0,0,3,0,0,17,0,English,14.wav,data/Emotify\electronic\14.wav
214,electronic,0,0,0,0,1,0,1,0,0,3,1,0,21,1,English,14.wav,data/Emotify\electronic\14.wav
214,electronic,0,0,0,1,0,0,0,1,1,3,0,1,26,1,Hungarian,14.wav,data/Emotify\electronic\14.wav
214,electronic,1,0,0,0,1,0,1,0,0,4,0,0,18,0,English,14.wav,data/Emotify\electronic\14.wav
214,electronic,0,0,0,0,0,0,1,1,0,2,0,1,25,1,Russian,14.wav,data/Emotify\electronic\14.wav
214,electronic,0,0,0,1,0,0,1,0,0,4,0,1,23,0,Italian,14.wav,data/Emotify\electronic\14.wav
214,electronic,0,0,0,0,0,1,1,0,0,5,0,1,31,0,English,14.wav,data/Emotify\electronic\14.wav
214,electronic,0,0,0,0,0,0,1,0,0,4,1,0,24,0,Spanish,14.wav,data/Emotify\electronic\14.wav
214,electronic,1,0,0,0,1,0,1,0,0,5,0,0,23,1,English,14.wav,data/Emotify\electronic\14.wav
214,electronic,0,0,0,0,0,0,1,0,0,3,0,0,36,1,Spanish,14.wav,data/Emotify\electronic\14.wav
214,electronic,0,0,0,0,0,1,1,1,0,4,0,1,51,1,Dutch,14.wav,data/Emotify\electronic\14.wav
214,electronic,0,0,0,1,0,0,1,0,0,4,0,1,23,0,Italian,14.wav,data/Emotify\electronic\14.wav
214,electronic,0,0,0,0,0,0,0,1,0,4,0,1,25,1,Portuguese,14.wav,data/Emotify\electronic\14.wav
214,electronic,0,0,0,0,0,0,0,1,0,4,0,1,31,0,English,14.wav,data/Emotify\electronic\14.wav
214,electronic,0,0,1,0,0,0,1,0,0,4,0,0,27,1,Estonian,14.wav,data/Emotify\electronic\14.wav
214,electronic,0,0,0,0,0,0,1,0,0,3,0,0,24,1,Russian,14.wav,data/Emotify\electronic\14.wav
214,electronic,0,0,0,0,0,0,1,0,0,3,0,0,55,0,Dutch,14.wav,data/Emotify\electronic\14.wav
214,electronic,0,0,0,1,0,0,1,0,0,4,0,0,27,0,Russian,14.wav,data/Emotify\electronic\14.wav
214,electronic,0,0,0,0,0,0,0,1,0,4,0,0,25,1,Dutch,14.wav,data/Emotify\electronic\14.wav
214,electronic,0,0,0,0,0,0,1,1,0,2,0,1,28,0,Greek,14.wav,data/Emotify\electronic\14.wav
214,electronic,0,0,0,0,0,0,0,1,0,3,0,1,19,1,Macedonian,14.wav,data/Emotify\electronic\14.wav
214,electronic,0,0,0,1,1,0,0,0,0,5,0,0,30,0,Hebrew,14.wav,data/Emotify\electronic\14.wav
214,electronic,1,1,0,0,0,0,1,0,0,2,1,0,22,0,Spanish,14.wav,data/Emotify\electronic\14.wav
214,electronic,0,0,0,0,0,0,0,0,0,4,0,1,47,0,English,14.wav,data/Emotify\electronic\14.wav
214,electronic,0,0,0,0,0,1,1,0,0,4,1,0,47,0,Italian,14.wav,data/Emotify\electronic\14.wav
214,electronic,0,1,0,0,0,0,1,0,0,4,1,0,18,0,English,14.wav,data/Emotify\electronic\14.wav
214,electronic,0,1,0,1,1,0,0,0,0,3,1,0,28,0,Russian,14.wav,data/Emotify\electronic\14.wav
214,electronic,0,0,0,0,0,1,1,0,0,2,1,0,56,0,Dutch,14.wav,data/Emotify\electronic\14.wav
214,electronic,0,0,0,0,0,0,0,1,0,3,0,1,22,0,Polish,14.wav,data/Emotify\electronic\14.wav
214,electronic,0,0,0,1,0,0,0,0,0,3,0,0,29,0,English,14.wav,data/Emotify\electronic\14.wav
214,electronic,0,0,0,0,0,0,0,1,1,4,0,1,34,0,Russian,14.wav,data/Emotify\electronic\14.wav
214,electronic,0,0,0,0,0,0,0,1,0,4,0,0,22,1,Russian,14.wav,data/Emotify\electronic\14.wav
214,electronic,0,0,0,0,0,0,1,0,0,5,1,0,26,0,Russian,14.wav,data/Emotify\electronic\14.wav
214,electronic,0,0,0,0,1,0,0,0,0,4,1,0,23,0,Ucrainian,14.wav,data/Emotify\electronic\14.wav
214,electronic,0,0,0,0,0,1,1,0,0,3,1,0,33,0,Dutch,14.wav,data/Emotify\electronic\14.wav
214,electronic,0,0,0,0,0,0,0,1,0,3,0,1,34,0,Spanish,14.wav,data/Emotify\electronic\14.wav
214,electronic,0,0,0,0,0,1,0,0,0,4,1,0,28,0,English,14.wav,data/Emotify\electronic\14.wav
214,electronic,0,0,0,0,1,0,0,0,0,5,0,0,27,0,Russian,14.wav,data/Emotify\electronic\14.wav
214,electronic,1,0,0,0,0,0,1,0,0,3,0,0,24,1,Dutch,14.wav,data/Emotify\electronic\14.wav
215,electronic,0,0,0,0,0,1,0,0,0,4,0,0,30,1,Amharic,15.wav,data/Emotify\electronic\15.wav
215,electronic,1,0,0,0,0,0,1,1,0,3,1,0,22,1,English,15.wav,data/Emotify\electronic\15.wav
215,electronic,1,0,1,0,0,0,0,0,0,3,0,0,30,1,English,15.wav,data/Emotify\electronic\15.wav
215,electronic,1,0,0,0,0,0,1,0,0,3,0,0,32,0,Spanish,15.wav,data/Emotify\electronic\15.wav
215,electronic,0,0,0,0,0,1,1,0,0,5,0,1,22,0,English,15.wav,data/Emotify\electronic\15.wav
215,electronic,1,1,0,0,0,0,0,1,0,5,1,0,45,0,Korean,15.wav,data/Emotify\electronic\15.wav
215,electronic,0,0,0,0,0,0,1,0,0,4,0,0,26,1,Russian,15.wav,data/Emotify\electronic\15.wav
215,electronic,0,0,0,0,0,0,1,0,0,4,1,0,24,0,Dutch,15.wav,data/Emotify\electronic\15.wav
215,electronic,0,0,0,0,1,0,0,0,0,4,0,1,41,0,English,15.wav,data/Emotify\electronic\15.wav
215,electronic,0,0,0,0,0,0,0,0,1,2,0,1,29,0,Russian,15.wav,data/Emotify\electronic\15.wav
215,electronic,0,0,0,0,0,1,0,1,0,4,0,1,21,0,Dutch,15.wav,data/Emotify\electronic\15.wav
215,electronic,0,0,1,0,0,0,0,0,0,1,0,0,25,0,English,15.wav,data/Emotify\electronic\15.wav
215,electronic,0,0,0,0,1,0,1,0,0,3,1,0,30,0,Russian,15.wav,data/Emotify\electronic\15.wav
215,electronic,0,0,0,0,0,0,0,0,0,3,0,1,35,0,Icelandic,15.wav,data/Emotify\electronic\15.wav
215,electronic,0,1,0,0,0,1,1,0,0,4,1,0,22,1,Dutch,15.wav,data/Emotify\electronic\15.wav
215,electronic,0,0,0,0,0,0,0,1,0,3,0,1,26,1,Hungarian,15.wav,data/Emotify\electronic\15.wav
215,electronic,0,0,0,0,1,0,1,0,0,3,1,0,21,0,Dutch,15.wav,data/Emotify\electronic\15.wav
215,electronic,0,0,0,0,0,0,0,1,0,3,0,0,17,0,English,15.wav,data/Emotify\electronic\15.wav
215,electronic,0,0,0,0,1,1,1,0,0,4,0,0,18,0,English,15.wav,data/Emotify\electronic\15.wav
215,electronic,1,0,0,0,0,0,1,1,0,2,0,0,29,1,Russian,15.wav,data/Emotify\electronic\15.wav
215,electronic,0,0,0,0,0,0,0,1,0,3,0,0,36,1,Spanish,15.wav,data/Emotify\electronic\15.wav
215,electronic,0,1,0,0,0,1,0,1,0,4,0,0,25,1,Dutch,15.wav,data/Emotify\electronic\15.wav
215,electronic,1,0,0,0,1,0,0,0,0,4,0,1,23,0,Italian,15.wav,data/Emotify\electronic\15.wav
215,electronic,0,0,0,0,0,0,1,0,0,5,1,0,26,1,Russian,15.wav,data/Emotify\electronic\15.wav
215,electronic,0,0,0,0,0,0,0,1,0,4,0,1,25,1,Portuguese,15.wav,data/Emotify\electronic\15.wav
215,electronic,0,0,0,0,1,0,0,0,0,3,0,0,29,1,English,15.wav,data/Emotify\electronic\15.wav
215,electronic,0,0,0,0,0,0,0,1,0,3,0,1,24,1,Russian,15.wav,data/Emotify\electronic\15.wav
215,electronic,0,0,0,0,0,0,0,1,0,4,0,1,31,0,English,15.wav,data/Emotify\electronic\15.wav
215,electronic,1,0,0,0,0,0,1,0,0,4,0,0,27,1,Estonian,15.wav,data/Emotify\electronic\15.wav
215,electronic,0,0,0,0,0,1,1,0,0,3,0,0,55,0,Dutch,15.wav,data/Emotify\electronic\15.wav
215,electronic,0,0,0,0,1,0,0,0,0,4,1,0,27,0,Russian,15.wav,data/Emotify\electronic\15.wav
215,electronic,1,0,0,0,0,1,1,0,0,5,1,0,27,0,Chinese,15.wav,data/Emotify\electronic\15.wav
215,electronic,0,0,0,0,0,0,1,0,0,2,1,0,26,1,English,15.wav,data/Emotify\electronic\15.wav
215,electronic,0,0,0,0,0,0,1,0,0,3,1,0,19,1,Macedonian,15.wav,data/Emotify\electronic\15.wav
215,electronic,0,0,0,0,1,0,0,0,0,4,1,0,25,0,Hungarian,15.wav,data/Emotify\electronic\15.wav
215,electronic,1,0,0,1,0,0,1,0,0,4,1,0,31,0,Dutch,15.wav,data/Emotify\electronic\15.wav
215,electronic,0,0,0,1,1,0,0,0,0,4,1,0,47,0,English,15.wav,data/Emotify\electronic\15.wav
215,electronic,0,0,0,1,1,0,1,0,0,5,1,0,30,0,Hebrew,15.wav,data/Emotify\electronic\15.wav
215,electronic,1,0,0,0,1,0,0,0,0,2,1,0,22,0,Spanish,15.wav,data/Emotify\electronic\15.wav
215,electronic,0,0,0,0,0,0,1,0,0,3,0,0,24,1,Dutch,15.wav,data/Emotify\electronic\15.wav
215,electronic,1,0,0,0,0,1,0,0,0,4,0,0,27,1,English,15.wav,data/Emotify\electronic\15.wav
215,electronic,0,0,0,1,0,0,1,0,1,2,0,0,25,1,Russian,15.wav,data/Emotify\electronic\15.wav
215,electronic,0,0,0,0,0,0,1,0,0,4,1,0,29,1,Greek,15.wav,data/Emotify\electronic\15.wav
215,electronic,0,0,0,0,0,0,0,1,0,3,0,1,29,0,English,15.wav,data/Emotify\electronic\15.wav
215,electronic,0,0,0,0,0,0,1,0,0,2,1,0,56,0,Dutch,15.wav,data/Emotify\electronic\15.wav
215,electronic,0,0,0,0,0,0,1,0,0,3,1,0,22,0,Polish,15.wav,data/Emotify\electronic\15.wav
215,electronic,0,0,0,0,0,0,0,1,0,3,0,1,34,0,Spanish,15.wav,data/Emotify\electronic\15.wav
215,electronic,0,0,0,0,0,1,1,0,0,4,0,0,34,0,Russian,15.wav,data/Emotify\electronic\15.wav
215,electronic,1,0,0,0,0,0,0,0,0,4,0,0,22,1,Russian,15.wav,data/Emotify\electronic\15.wav
215,electronic,0,0,0,0,1,0,0,0,0,4,0,1,23,0,Ucrainian,15.wav,data/Emotify\electronic\15.wav
215,electronic,0,0,0,0,1,0,0,0,0,5,0,0,27,0,Russian,15.wav,data/Emotify\electronic\15.wav
215,electronic,0,0,0,1,0,0,0,0,0,3,0,0,24,1,Dutch,15.wav,data/Emotify\electronic\15.wav
215,electronic,0,0,0,0,1,0,1,0,0,5,0,0,29,1,Dutch,15.wav,data/Emotify\electronic\15.wav
215,electronic,0,1,0,0,0,0,0,0,0,3,0,0,33,0,Russian,15.wav,data/Emotify\electronic\15.wav
215,electronic,0,0,0,0,1,0,0,0,0,4,1,0,35,0,Russian,15.wav,data/Emotify\electronic\15.wav
215,electronic,0,1,0,0,0,0,0,0,0,2,0,0,55,0,Russian,15.wav,data/Emotify\electronic\15.wav
215,electronic,0,1,0,1,0,0,1,0,0,5,1,0,25,0,Russian,15.wav,data/Emotify\electronic\15.wav
216,electronic,0,1,0,0,0,0,1,0,0,5,0,1,22,0,English,16.wav,data/Emotify\electronic\16.wav
216,electronic,0,0,0,0,0,1,1,1,0,4,0,0,26,1,Russian,16.wav,data/Emotify\electronic\16.wav
216,electronic,0,0,0,0,0,0,1,0,0,2,0,0,20,1,German,16.wav,data/Emotify\electronic\16.wav
216,electronic,1,0,0,0,0,1,1,0,0,4,1,0,24,0,Dutch,16.wav,data/Emotify\electronic\16.wav
216,electronic,0,0,0,0,0,0,0,1,0,3,0,1,26,1,Hungarian,16.wav,data/Emotify\electronic\16.wav
216,electronic,0,0,0,1,1,0,1,0,0,3,1,0,17,0,English,16.wav,data/Emotify\electronic\16.wav
216,electronic,0,0,0,0,1,1,0,0,0,4,0,0,41,0,English,16.wav,data/Emotify\electronic\16.wav
216,electronic,0,0,0,0,0,0,0,0,1,2,0,1,29,0,Russian,16.wav,data/Emotify\electronic\16.wav
216,electronic,0,0,0,0,0,0,0,1,0,3,0,0,30,0,Russian,16.wav,data/Emotify\electronic\16.wav
216,electronic,1,0,0,0,0,0,1,0,0,3,0,0,17,0,English,16.wav,data/Emotify\electronic\16.wav
216,electronic,0,0,0,0,0,0,1,0,0,2,0,0,29,1,Russian,16.wav,data/Emotify\electronic\16.wav
216,electronic,0,0,1,0,0,0,1,0,0,4,1,0,23,0,Italian,16.wav,data/Emotify\electronic\16.wav
216,electronic,0,0,0,0,0,0,1,0,0,4,1,0,27,1,Russian,16.wav,data/Emotify\electronic\16.wav
216,electronic,0,0,1,0,0,0,1,0,0,4,1,0,23,0,Italian,16.wav,data/Emotify\electronic\16.wav
216,electronic,0,0,0,0,0,0,1,0,0,4,0,1,25,1,Portuguese,16.wav,data/Emotify\electronic\16.wav
216,electronic,0,0,0,1,0,0,1,0,0,3,0,0,24,1,Russian,16.wav,data/Emotify\electronic\16.wav
216,electronic,0,0,0,0,0,0,0,1,0,4,0,1,31,0,English,16.wav,data/Emotify\electronic\16.wav
216,electronic,0,0,0,0,0,0,0,0,1,4,0,0,27,1,Estonian,16.wav,data/Emotify\electronic\16.wav
216,electronic,1,1,0,0,0,1,0,0,0,3,0,0,55,0,Dutch,16.wav,data/Emotify\electronic\16.wav
216,electronic,0,0,0,1,0,0,1,0,0,4,1,0,27,0,Russian,16.wav,data/Emotify\electronic\16.wav
216,electronic,0,0,0,0,0,0,1,1,0,5,0,1,27,0,Chinese,16.wav,data/Emotify\electronic\16.wav
216,electronic,0,1,0,0,1,0,0,1,0,3,0,0,19,1,Macedonian,16.wav,data/Emotify\electronic\16.wav
216,electronic,0,0,0,1,0,0,0,1,0,4,1,0,47,0,English,16.wav,data/Emotify\electronic\16.wav
216,electronic,0,0,0,0,0,0,0,1,0,2,0,0,26,1,English,16.wav,data/Emotify\electronic\16.wav
216,electronic,0,0,0,0,0,1,0,0,0,4,1,0,23,0,English,16.wav,data/Emotify\electronic\16.wav
216,electronic,0,0,0,0,0,0,1,1,0,4,1,0,29,1,Greek,16.wav,data/Emotify\electronic\16.wav
216,electronic,0,0,0,1,0,0,0,1,0,4,0,1,31,0,Dutch,16.wav,data/Emotify\electronic\16.wav
216,electronic,0,0,0,0,1,0,0,0,0,5,0,1,30,0,Hebrew,16.wav,data/Emotify\electronic\16.wav
216,electronic,0,0,0,0,1,0,1,0,0,2,0,0,22,0,Spanish,16.wav,data/Emotify\electronic\16.wav
216,electronic,0,0,0,0,0,1,0,1,0,3,0,1,24,1,Dutch,16.wav,data/Emotify\electronic\16.wav
216,electronic,1,0,0,0,0,0,0,1,0,4,0,0,27,1,English,16.wav,data/Emotify\electronic\16.wav
216,electronic,0,1,0,0,0,0,1,0,0,3,1,0,29,0,English,16.wav,data/Emotify\electronic\16.wav
216,electronic,0,0,0,0,0,0,0,1,0,3,0,1,34,0,Spanish,16.wav,data/Emotify\electronic\16.wav
216,electronic,1,0,0,0,1,1,0,0,0,5,0,0,25,0,Russian,16.wav,data/Emotify\electronic\16.wav
216,electronic,0,1,0,0,1,0,0,0,0,4,0,0,34,0,Russian,16.wav,data/Emotify\electronic\16.wav
216,electronic,0,0,0,0,0,1,1,1,0,3,0,1,26,1,Russian,16.wav,data/Emotify\electronic\16.wav
216,electronic,0,0,0,0,0,0,0,1,0,4,0,0,22,1,Russian,16.wav,data/Emotify\electronic\16.wav
216,electronic,0,0,1,0,0,0,0,0,0,5,0,0,26,1,Russian,16.wav,data/Emotify\electronic\16.wav
216,electronic,0,0,0,0,0,1,0,1,0,4,0,1,35,0,Russian,16.wav,data/Emotify\electronic\16.wav
216,electronic,0,0,1,0,0,0,0,0,0,2,0,1,55,0,Russian,16.wav,data/Emotify\electronic\16.wav
216,electronic,0,0,0,0,0,0,1,1,0,3,0,0,21,1,English,16.wav,data/Emotify\electronic\16.wav
216,electronic,0,0,1,0,0,0,1,0,0,4,0,0,21,0,English,16.wav,data/Emotify\electronic\16.wav
216,electronic,0,0,0,0,0,1,1,1,0,4,0,0,21,0,Italian,16.wav,data/Emotify\electronic\16.wav
217,electronic,1,0,0,0,1,0,0,0,1,3,0,0,17,0,English,17.wav,data/Emotify\electronic\17.wav
217,electronic,0,0,0,1,1,0,0,0,0,4,0,0,41,0,English,17.wav,data/Emotify\electronic\17.wav
217,electronic,0,0,0,0,0,0,0,1,0,2,0,1,29,0,Russian,17.wav,data/Emotify\electronic\17.wav
217,electronic,0,0,0,0,0,0,0,0,1,4,0,0,27,1,Russian,17.wav,data/Emotify\electronic\17.wav
217,electronic,0,0,0,1,1,0,0,0,0,2,0,0,29,1,Russian,17.wav,data/Emotify\electronic\17.wav
217,electronic,0,1,0,0,1,0,0,0,0,3,0,0,17,0,English,17.wav,data/Emotify\electronic\17.wav
217,electronic,0,0,0,1,1,0,0,0,1,3,1,0,28,0,Russian,17.wav,data/Emotify\electronic\17.wav
217,electronic,0,0,0,0,1,0,0,0,0,4,1,0,25,1,Portuguese,17.wav,data/Emotify\electronic\17.wav
217,electronic,0,0,1,1,1,0,0,0,0,5,1,0,29,1,English,17.wav,data/Emotify\electronic\17.wav
217,electronic,0,0,1,1,1,0,0,0,0,4,1,0,31,0,English,17.wav,data/Emotify\electronic\17.wav
217,electronic,0,0,0,0,1,0,0,0,0,4,0,0,23,0,German,17.wav,data/Emotify\electronic\17.wav
217,electronic,0,0,1,0,0,0,0,0,1,4,0,0,27,1,Estonian,17.wav,data/Emotify\electronic\17.wav
217,electronic,0,0,0,0,1,0,0,0,0,3,1,0,24,1,Dutch,17.wav,data/Emotify\electronic\17.wav
217,electronic,0,0,0,1,1,0,0,0,0,3,0,0,55,0,Dutch,17.wav,data/Emotify\electronic\17.wav
217,electronic,0,0,0,0,1,0,0,0,1,4,0,1,27,0,Russian,17.wav,data/Emotify\electronic\17.wav
217,electronic,0,0,0,0,1,0,0,0,0,4,0,0,23,0,English,17.wav,data/Emotify\electronic\17.wav
217,electronic,0,0,1,1,1,0,0,0,0,3,0,0,19,1,Macedonian,17.wav,data/Emotify\electronic\17.wav
217,electronic,0,1,1,0,0,0,0,0,0,4,1,0,47,0,English,17.wav,data/Emotify\electronic\17.wav
217,electronic,0,0,0,1,0,0,0,0,0,2,0,0,26,1,English,17.wav,data/Emotify\electronic\17.wav
217,electronic,0,0,0,1,1,0,0,0,1,2,0,0,22,0,Spanish,17.wav,data/Emotify\electronic\17.wav
217,electronic,0,0,1,1,1,0,0,0,0,3,1,0,34,0,Spanish,17.wav,data/Emotify\electronic\17.wav
217,electronic,0,1,0,1,1,0,0,0,0,5,0,0,25,0,Russian,17.wav,data/Emotify\electronic\17.wav
217,electronic,0,0,0,0,1,0,0,0,0,4,0,0,24,0,Dutch,17.wav,data/Emotify\electronic\17.wav
217,electronic,0,1,0,1,1,0,0,0,0,3,0,0,30,0,English,17.wav,data/Emotify\electronic\17.wav
217,electronic,0,0,1,0,0,1,0,0,0,4,1,0,22,1,Russian,17.wav,data/Emotify\electronic\17.wav
217,electronic,0,1,0,1,0,0,0,0,1,4,0,0,21,0,Italian,17.wav,data/Emotify\electronic\17.wav
217,electronic,0,0,0,0,1,0,0,0,1,3,0,0,21,1,English,17.wav,data/Emotify\electronic\17.wav
217,electronic,0,0,1,0,1,0,0,0,0,5,0,0,29,1,Dutch,17.wav,data/Emotify\electronic\17.wav
217,electronic,0,0,0,0,0,0,0,1,0,2,1,0,55,0,Russian,17.wav,data/Emotify\electronic\17.wav
217,electronic,0,0,0,0,1,0,0,0,0,2,1,0,20,1,German,17.wav,data/Emotify\electronic\17.wav
217,electronic,0,0,0,1,1,0,0,0,1,4,1,0,21,0,English,17.wav,data/Emotify\electronic\17.wav
217,electronic,0,0,0,1,1,0,0,0,1,3,0,0,30,0,Russian,17.wav,data/Emotify\electronic\17.wav
217,electronic,0,0,1,1,1,0,0,0,0,4,1,0,26,1,Russian,17.wav,data/Emotify\electronic\17.wav
217,electronic,0,1,1,0,1,0,0,0,0,3,1,0,26,1,Hungarian,17.wav,data/Emotify\electronic\17.wav
218,electronic,0,1,0,0,0,0,0,0,0,2,0,0,29,0,Russian,18.wav,data/Emotify\electronic\18.wav
218,electronic,1,0,0,0,1,1,0,0,0,4,0,0,20,0,Dutch,18.wav,data/Emotify\electronic\18.wav
218,electronic,1,0,0,0,1,0,0,0,0,2,0,0,29,1,Russian,18.wav,data/Emotify\electronic\18.wav
218,electronic,0,1,0,0,0,0,0,0,0,4,1,0,25,1,Portuguese,18.wav,data/Emotify\electronic\18.wav
218,electronic,0,0,0,0,0,0,1,0,0,4,0,0,23,0,German,18.wav,data/Emotify\electronic\18.wav
218,electronic,1,1,0,0,0,0,1,0,0,5,1,0,29,1,English,18.wav,data/Emotify\electronic\18.wav
218,electronic,0,0,0,0,1,0,0,0,0,3,0,0,42,0,Dutch,18.wav,data/Emotify\electronic\18.wav
218,electronic,0,0,0,0,0,1,0,0,0,4,0,0,27,1,Estonian,18.wav,data/Emotify\electronic\18.wav
218,electronic,0,0,0,0,1,0,0,1,0,4,0,0,35,0,Russian,18.wav,data/Emotify\electronic\18.wav
218,electronic,1,0,0,0,0,0,0,1,0,3,0,0,55,0,Dutch,18.wav,data/Emotify\electronic\18.wav
218,electronic,0,0,0,1,1,0,0,1,0,4,0,1,27,0,Russian,18.wav,data/Emotify\electronic\18.wav
218,electronic,0,0,0,0,0,0,0,0,1,4,1,0,47,0,English,18.wav,data/Emotify\electronic\18.wav
218,electronic,0,1,0,0,1,0,0,1,0,4,0,0,23,0,English,18.wav,data/Emotify\electronic\18.wav
218,electronic,0,0,0,0,0,0,1,1,0,3,0,1,34,0,Spanish,18.wav,data/Emotify\electronic\18.wav
218,electronic,0,1,0,0,0,0,0,0,0,2,0,0,26,1,English,18.wav,data/Emotify\electronic\18.wav
218,electronic,0,0,0,0,1,0,1,1,0,4,0,0,21,0,Italian,18.wav,data/Emotify\electronic\18.wav
218,electronic,0,0,0,0,1,1,1,0,0,5,1,0,38,1,Dutch,18.wav,data/Emotify\electronic\18.wav
218,electronic,0,0,0,0,1,0,0,0,0,3,0,0,30,0,English,18.wav,data/Emotify\electronic\18.wav
218,electronic,0,0,0,0,0,0,0,1,0,4,0,0,22,1,Russian,18.wav,data/Emotify\electronic\18.wav
218,electronic,0,0,0,0,1,0,0,0,0,4,1,0,20,0,Dutch,18.wav,data/Emotify\electronic\18.wav
218,electronic,1,0,0,0,1,0,0,0,0,3,0,0,21,1,English,18.wav,data/Emotify\electronic\18.wav
218,electronic,0,0,0,1,1,0,0,0,0,3,1,0,26,1,Hungarian,18.wav,data/Emotify\electronic\18.wav
218,electronic,0,0,0,0,1,0,0,0,0,4,1,0,20,0,Dutch,18.wav,data/Emotify\electronic\18.wav
218,electronic,0,0,0,0,1,0,0,0,0,2,0,0,20,1,German,18.wav,data/Emotify\electronic\18.wav
218,electronic,0,0,0,0,1,0,0,0,1,3,0,0,30,0,Russian,18.wav,data/Emotify\electronic\18.wav
218,electronic,0,0,0,0,0,0,0,1,0,2,0,0,55,0,Russian,18.wav,data/Emotify\electronic\18.wav
218,electronic,1,1,1,0,0,0,0,0,0,4,1,0,21,0,English,18.wav,data/Emotify\electronic\18.wav
218,electronic,0,0,0,0,0,0,0,1,0,4,0,1,24,1,Dutch,18.wav,data/Emotify\electronic\18.wav
218,electronic,0,1,1,0,1,0,0,0,0,3,1,0,17,0,English,18.wav,data/Emotify\electronic\18.wav
219,electronic,0,0,0,0,1,0,0,0,1,5,0,0,22,0,English,19.wav,data/Emotify\electronic\19.wav
219,electronic,0,0,0,0,0,1,1,1,0,4,0,1,26,0,Dutch,19.wav,data/Emotify\electronic\19.wav
219,electronic,0,1,1,0,0,0,0,0,1,5,0,0,29,0,English,19.wav,data/Emotify\electronic\19.wav
219,electronic,0,1,1,0,0,0,0,0,1,5,0,0,29,0,English,19.wav,data/Emotify\electronic\19.wav
219,electronic,0,0,0,0,0,0,0,1,0,4,0,1,23,0,German,19.wav,data/Emotify\electronic\19.wav
219,electronic,0,0,0,0,1,0,0,0,0,4,0,0,33,0,Hungarian,19.wav,data/Emotify\electronic\19.wav
219,electronic,0,0,0,0,1,0,0,0,1,4,1,0,25,1,Russian,19.wav,data/Emotify\electronic\19.wav
219,electronic,0,0,0,0,0,0,0,0,1,4,1,0,31,0,English,19.wav,data/Emotify\electronic\19.wav
219,electronic,0,0,0,0,1,1,0,0,0,4,1,0,22,0,Estonian,19.wav,data/Emotify\electronic\19.wav
219,electronic,1,0,1,0,1,0,0,0,0,4,0,0,65,0,French,19.wav,data/Emotify\electronic\19.wav
219,electronic,1,1,0,0,1,0,0,0,0,4,1,0,15,0,English,19.wav,data/Emotify\electronic\19.wav
220,electronic,0,0,0,0,1,0,0,0,0,4,1,0,25,1,Portuguese,20.wav,data/Emotify\electronic\20.wav
220,electronic,0,0,0,0,0,0,0,0,1,4,0,1,14,1,Russian,20.wav,data/Emotify\electronic\20.wav
220,electronic,0,0,0,0,0,0,1,0,0,4,1,0,23,0,German,20.wav,data/Emotify\electronic\20.wav
220,electronic,1,0,0,0,0,1,0,1,0,5,1,0,29,1,English,20.wav,data/Emotify\electronic\20.wav
220,electronic,0,0,0,1,0,0,0,1,0,2,0,1,20,1,Dutch,20.wav,data/Emotify\electronic\20.wav
220,electronic,1,0,0,0,0,0,1,0,0,4,0,0,27,1,Estonian,20.wav,data/Emotify\electronic\20.wav
220,electronic,0,0,0,0,1,1,0,1,0,3,0,0,19,1,Macedonian,20.wav,data/Emotify\electronic\20.wav
220,electronic,0,0,1,0,0,0,0,0,0,4,1,0,47,0,English,20.wav,data/Emotify\electronic\20.wav
220,electronic,1,0,0,0,0,0,1,0,0,3,1,0,34,0,Spanish,20.wav,data/Emotify\electronic\20.wav
220,electronic,0,0,0,0,0,0,0,1,0,4,0,0,35,0,Russian,20.wav,data/Emotify\electronic\20.wav
220,electronic,0,0,1,1,0,0,1,0,0,4,1,0,27,0,Russian,20.wav,data/Emotify\electronic\20.wav
220,electronic,0,0,0,0,0,1,0,0,0,2,0,0,26,1,English,20.wav,data/Emotify\electronic\20.wav
220,electronic,1,0,0,0,0,0,0,0,0,3,1,0,50,1,English,20.wav,data/Emotify\electronic\20.wav
220,electronic,1,0,0,0,1,0,0,0,0,4,0,0,22,1,Russian,20.wav,data/Emotify\electronic\20.wav
220,electronic,0,1,0,0,0,0,0,0,0,5,0,1,38,1,Dutch,20.wav,data/Emotify\electronic\20.wav
220,electronic,1,0,0,0,1,0,0,0,0,3,1,0,39,0,Catalan,20.wav,data/Emotify\electronic\20.wav
220,electronic,0,0,0,0,1,0,0,0,0,4,1,0,21,0,English,20.wav,data/Emotify\electronic\20.wav
220,electronic,0,0,0,1,1,0,0,0,0,3,1,0,26,1,Hungarian,20.wav,data/Emotify\electronic\20.wav
220,electronic,0,0,1,0,0,0,0,0,0,4,1,0,20,0,Dutch,20.wav,data/Emotify\electronic\20.wav
220,electronic,0,0,1,0,0,0,0,0,0,2,1,0,55,0,Russian,20.wav,data/Emotify\electronic\20.wav
220,electronic,1,0,0,0,0,0,0,1,0,3,0,0,21,1,English,20.wav,data/Emotify\electronic\20.wav
220,electronic,0,1,0,0,0,0,0,0,0,2,1,0,23,1,Dutch,20.wav,data/Emotify\electronic\20.wav
220,electronic,1,0,0,0,0,0,0,0,0,2,1,0,29,0,Russian,20.wav,data/Emotify\electronic\20.wav
220,electronic,0,0,0,1,1,0,0,0,1,3,1,0,28,0,Russian,20.wav,data/Emotify\electronic\20.wav
220,electronic,0,0,0,0,1,0,0,0,0,1,0,0,25,0,English,20.wav,data/Emotify\electronic\20.wav
220,electronic,0,0,0,1,1,0,0,0,0,4,0,0,20,0,Dutch,20.wav,data/Emotify\electronic\20.wav
220,electronic,1,0,0,0,1,0,1,0,0,2,0,0,29,1,Russian,20.wav,data/Emotify\electronic\20.wav
221,electronic,0,0,0,0,0,0,0,1,0,4,0,1,42,1,Dutch,21.wav,data/Emotify\electronic\21.wav
221,electronic,0,1,0,0,0,0,0,0,0,3,1,0,34,0,Spanish,21.wav,data/Emotify\electronic\21.wav
221,electronic,0,1,0,0,0,1,0,0,0,4,0,0,27,1,Estonian,21.wav,data/Emotify\electronic\21.wav
221,electronic,0,0,0,0,0,0,0,1,0,4,0,1,35,0,Russian,21.wav,data/Emotify\electronic\21.wav
221,electronic,0,1,0,0,0,0,0,0,0,2,1,0,20,1,Russian,21.wav,data/Emotify\electronic\21.wav
221,electronic,0,0,0,0,0,0,0,1,0,4,0,1,47,0,English,21.wav,data/Emotify\electronic\21.wav
221,electronic,1,1,0,0,0,1,0,0,0,4,0,0,27,0,Russian,21.wav,data/Emotify\electronic\21.wav
221,electronic,0,1,0,0,0,1,1,0,0,3,0,0,39,0,Catalan,21.wav,data/Emotify\electronic\21.wav
221,electronic,0,1,0,0,0,0,0,0,0,2,0,0,26,1,English,21.wav,data/Emotify\electronic\21.wav
221,electronic,0,1,0,0,0,1,0,1,0,4,1,0,22,1,Russian,21.wav,data/Emotify\electronic\21.wav
221,electronic,0,0,0,1,0,1,0,0,0,3,1,0,50,1,English,21.wav,data/Emotify\electronic\21.wav
221,electronic,0,1,0,0,0,1,0,1,0,3,0,0,21,1,English,21.wav,data/Emotify\electronic\21.wav
221,electronic,0,0,0,0,0,1,0,1,0,3,0,0,19,1,Macedonian,21.wav,data/Emotify\electronic\21.wav
221,electronic,0,0,1,0,1,0,0,0,0,3,1,0,26,1,Hungarian,21.wav,data/Emotify\electronic\21.wav
221,electronic,0,0,0,0,0,1,0,0,0,4,0,0,20,0,Dutch,21.wav,data/Emotify\electronic\21.wav
221,electronic,0,1,0,0,0,1,0,0,0,4,0,0,20,0,Dutch,21.wav,data/Emotify\electronic\21.wav
221,electronic,0,1,0,0,0,0,0,0,0,5,0,0,29,1,Dutch,21.wav,data/Emotify\electronic\21.wav
221,electronic,0,1,0,0,0,0,0,1,1,4,0,0,26,1,Russian,21.wav,data/Emotify\electronic\21.wav
221,electronic,0,0,0,0,0,0,0,0,1,2,0,1,29,0,Russian,21.wav,data/Emotify\electronic\21.wav
221,electronic,0,0,0,0,0,0,0,0,1,4,1,0,32,0,Dutch,21.wav,data/Emotify\electronic\21.wav
221,electronic,0,1,0,0,1,1,0,0,0,2,0,0,29,1,Russian,21.wav,data/Emotify\electronic\21.wav
221,electronic,1,0,0,0,0,0,0,0,0,4,1,0,14,1,Russian,21.wav,data/Emotify\electronic\21.wav
222,electronic,0,0,0,0,0,0,0,1,0,2,0,1,20,1,Russian,22.wav,data/Emotify\electronic\22.wav
222,electronic,0,0,0,0,0,0,0,1,0,4,1,0,47,0,English,22.wav,data/Emotify\electronic\22.wav
222,electronic,0,0,0,0,0,0,0,1,0,3,0,1,34,0,Spanish,22.wav,data/Emotify\electronic\22.wav
222,electronic,0,0,0,0,0,1,0,1,0,4,0,0,27,1,Estonian,22.wav,data/Emotify\electronic\22.wav
222,electronic,0,0,0,0,0,0,0,1,0,4,0,1,27,0,Russian,22.wav,data/Emotify\electronic\22.wav
222,electronic,0,0,0,0,0,0,0,1,0,5,0,1,41,1,English,22.wav,data/Emotify\electronic\22.wav
222,electronic,0,0,0,0,0,0,0,1,0,4,0,0,22,1,Russian,22.wav,data/Emotify\electronic\22.wav
222,electronic,0,0,0,0,0,1,0,0,0,4,1,1,29,0,Russian,22.wav,data/Emotify\electronic\22.wav
222,electronic,0,0,0,0,0,1,0,0,0,4,0,1,30,1,Russian,22.wav,data/Emotify\electronic\22.wav
222,electronic,0,0,0,0,0,0,1,1,0,3,1,0,19,1,Macedonian,22.wav,data/Emotify\electronic\22.wav
222,electronic,0,0,0,0,0,0,0,1,0,2,0,0,26,1,English,22.wav,data/Emotify\electronic\22.wav
222,electronic,0,0,0,0,0,1,0,1,0,3,1,0,21,1,English,22.wav,data/Emotify\electronic\22.wav
222,electronic,1,0,0,0,0,0,1,0,0,4,1,0,43,0,Dutch,22.wav,data/Emotify\electronic\22.wav
222,electronic,1,0,0,0,0,0,1,0,0,3,1,0,50,1,English,22.wav,data/Emotify\electronic\22.wav
222,electronic,0,0,0,0,0,0,0,1,0,5,0,0,48,0,German,22.wav,data/Emotify\electronic\22.wav
222,electronic,0,0,0,0,0,1,1,1,0,4,0,0,26,1,Russian,22.wav,data/Emotify\electronic\22.wav
222,electronic,0,0,0,0,0,0,0,0,1,2,0,0,29,0,Russian,22.wav,data/Emotify\electronic\22.wav
222,electronic,0,0,0,0,0,0,1,0,0,4,1,0,20,0,Dutch,22.wav,data/Emotify\electronic\22.wav
222,electronic,0,0,0,0,0,0,0,1,0,4,0,1,32,0,Dutch,22.wav,data/Emotify\electronic\22.wav
222,electronic,0,0,0,0,0,1,1,0,0,3,1,0,28,0,Russian,22.wav,data/Emotify\electronic\22.wav
222,electronic,0,0,0,0,0,0,0,0,1,4,0,1,14,1,Russian,22.wav,data/Emotify\electronic\22.wav
222,electronic,0,0,0,0,0,1,1,0,0,3,0,0,28,0,Russian,22.wav,data/Emotify\electronic\22.wav
223,electronic,0,0,0,0,0,0,1,0,0,4,1,0,31,0,English,23.wav,data/Emotify\electronic\23.wav
223,electronic,0,0,0,0,0,1,1,0,0,4,1,0,51,0,English,23.wav,data/Emotify\electronic\23.wav
223,electronic,0,0,0,0,0,1,0,0,0,5,1,0,41,1,English,23.wav,data/Emotify\electronic\23.wav
223,electronic,1,0,0,0,1,0,1,0,0,3,0,1,25,1,Russian,23.wav,data/Emotify\electronic\23.wav
223,electronic,0,0,0,0,0,0,1,1,0,3,0,1,50,1,English,23.wav,data/Emotify\electronic\23.wav
223,electronic,0,0,0,0,0,0,1,0,0,4,1,0,34,0,English,23.wav,data/Emotify\electronic\23.wav
223,electronic,0,0,0,0,0,1,1,1,0,4,0,0,30,0,Dutch,23.wav,data/Emotify\electronic\23.wav
223,electronic,1,0,0,0,0,0,0,1,0,4,1,0,17,0,Dutch,23.wav,data/Emotify\electronic\23.wav
223,electronic,0,0,0,0,0,0,1,0,0,1,0,0,26,1,Russian,23.wav,data/Emotify\electronic\23.wav
223,electronic,0,0,0,0,0,0,0,1,0,4,0,1,14,1,Russian,23.wav,data/Emotify\electronic\23.wav
223,electronic,0,0,0,0,0,0,0,0,1,3,0,1,28,0,Russian,23.wav,data/Emotify\electronic\23.wav
224,electronic,0,1,1,0,1,0,0,0,0,4,1,0,26,0,Dutch,24.wav,data/Emotify\electronic\24.wav
224,electronic,0,1,0,0,1,0,0,1,0,3,1,0,25,1,Russian,24.wav,data/Emotify\electronic\24.wav
224,electronic,0,0,0,1,1,0,0,0,0,5,1,0,23,1,Russian,24.wav,data/Emotify\electronic\24.wav
224,electronic,1,1,0,0,1,0,0,0,0,3,1,0,50,1,English,24.wav,data/Emotify\electronic\24.wav
224,electronic,0,0,0,0,1,0,0,0,0,4,0,1,46,1,Dutch,24.wav,data/Emotify\electronic\24.wav
224,electronic,0,0,0,0,1,0,0,0,0,5,0,0,23,1,Russian,24.wav,data/Emotify\electronic\24.wav
224,electronic,0,0,1,0,1,0,1,0,0,1,0,0,26,1,Russian,24.wav,data/Emotify\electronic\24.wav
224,electronic,0,0,1,0,0,0,0,0,0,4,0,0,14,1,Russian,24.wav,data/Emotify\electronic\24.wav
224,electronic,0,0,0,0,0,0,0,0,1,3,0,1,28,0,Russian,24.wav,data/Emotify\electronic\24.wav
224,electronic,0,0,0,0,0,0,1,0,0,4,0,0,26,1,Dutch,24.wav,data/Emotify\electronic\24.wav
224,electronic,0,0,0,0,1,0,1,0,0,4,0,0,41,0,English,24.wav,data/Emotify\electronic\24.wav
225,electronic,0,0,0,0,0,1,0,0,0,4,0,0,27,1,Estonian,25.wav,data/Emotify\electronic\25.wav
225,electronic,0,0,0,0,0,0,0,1,0,3,0,0,21,1,English,25.wav,data/Emotify\electronic\25.wav
225,electronic,0,0,0,0,1,0,0,1,0,4,0,1,27,0,Russian,25.wav,data/Emotify\electronic\25.wav
225,electronic,0,0,0,0,0,0,0,1,0,2,0,0,26,1,English,25.wav,data/Emotify\electronic\25.wav
225,electronic,0,1,0,0,0,1,0,1,0,4,0,1,19,0,Dutch,25.wav,data/Emotify\electronic\25.wav
225,electronic,0,1,0,0,1,0,0,0,0,3,1,0,50,1,English,25.wav,data/Emotify\electronic\25.wav
225,electronic,0,0,0,0,1,0,0,1,0,3,0,0,49,0,Dutch,25.wav,data/Emotify\electronic\25.wav
225,electronic,0,1,0,0,1,0,0,0,0,4,0,1,43,0,Dutch,25.wav,data/Emotify\electronic\25.wav
225,electronic,0,0,0,0,1,0,0,0,0,5,0,0,48,0,German,25.wav,data/Emotify\electronic\25.wav
225,electronic,0,0,0,0,0,0,0,1,0,5,0,1,23,1,Russian,25.wav,data/Emotify\electronic\25.wav
225,electronic,0,0,0,0,1,0,0,0,0,4,1,0,46,1,Dutch,25.wav,data/Emotify\electronic\25.wav
225,electronic,0,0,0,0,0,1,0,1,1,4,0,1,22,1,French,25.wav,data/Emotify\electronic\25.wav
225,electronic,0,0,0,0,0,0,0,1,1,4,0,0,26,1,Russian,25.wav,data/Emotify\electronic\25.wav
225,electronic,0,0,0,0,0,0,0,1,0,4,0,0,32,0,Dutch,25.wav,data/Emotify\electronic\25.wav
225,electronic,0,1,0,0,0,0,0,1,0,4,0,1,26,0,Italian,25.wav,data/Emotify\electronic\25.wav
225,electronic,0,0,0,0,0,0,0,1,0,4,0,1,14,1,Russian,25.wav,data/Emotify\electronic\25.wav
225,electronic,0,0,0,0,0,0,0,1,1,4,0,1,20,0,Dutch,25.wav,data/Emotify\electronic\25.wav
225,electronic,0,0,0,0,0,0,0,0,1,3,0,1,28,0,Russian,25.wav,data/Emotify\electronic\25.wav
226,electronic,0,0,0,1,1,0,0,0,1,4,1,0,27,0,Russian,26.wav,data/Emotify\electronic\26.wav
226,electronic,0,0,0,0,0,0,0,0,1,2,0,0,26,1,English,26.wav,data/Emotify\electronic\26.wav
226,electronic,0,0,1,1,1,0,0,0,0,4,0,1,19,0,Dutch,26.wav,data/Emotify\electronic\26.wav
226,electronic,0,1,0,1,1,0,0,0,0,4,1,0,26,1,Russian,26.wav,data/Emotify\electronic\26.wav
226,electronic,0,1,0,0,0,0,0,1,0,3,0,0,49,0,Dutch,26.wav,data/Emotify\electronic\26.wav
226,electronic,0,1,0,0,1,1,0,0,0,4,1,0,26,0,Italian,26.wav,data/Emotify\electronic\26.wav
226,electronic,0,0,0,0,1,0,0,0,0,4,0,1,22,1,French,26.wav,data/Emotify\electronic\26.wav
226,electronic,0,1,0,1,0,0,0,0,1,4,0,0,20,0,Dutch,26.wav,data/Emotify\electronic\26.wav
226,electronic,0,0,0,0,0,0,0,0,1,3,0,1,28,0,Russian,26.wav,data/Emotify\electronic\26.wav
226,electronic,0,0,0,1,0,0,0,0,0,2,0,0,29,1,Russian,26.wav,data/Emotify\electronic\26.wav
226,electronic,0,1,0,0,0,0,0,0,0,5,1,0,29,1,Russian,26.wav,data/Emotify\electronic\26.wav
226,electronic,0,1,0,0,1,0,0,0,1,3,1,0,28,0,Russian,26.wav,data/Emotify\electronic\26.wav
226,electronic,0,1,0,0,0,1,0,0,0,4,0,0,27,1,Estonian,26.wav,data/Emotify\electronic\26.wav
227,electronic,0,0,0,0,0,0,0,1,0,2,0,0,26,1,English,27.wav,data/Emotify\electronic\27.wav
227,electronic,0,0,0,0,1,0,0,0,0,4,0,1,19,0,Dutch,27.wav,data/Emotify\electronic\27.wav
227,electronic,0,0,1,1,0,0,1,0,0,5,0,0,21,0,English,27.wav,data/Emotify\electronic\27.wav
227,electronic,1,0,0,0,1,0,0,0,0,4,1,0,26,0,Italian,27.wav,data/Emotify\electronic\27.wav
227,electronic,0,1,0,1,1,0,0,0,0,5,0,0,29,0,English,27.wav,data/Emotify\electronic\27.wav
227,electronic,0,0,0,0,1,0,0,0,0,3,0,0,15,1,English,27.wav,data/Emotify\electronic\27.wav
227,electronic,0,0,0,0,1,0,0,0,0,4,1,0,26,1,Dutch,27.wav,data/Emotify\electronic\27.wav
227,electronic,0,1,0,0,1,0,0,0,0,4,0,0,26,1,Russian,27.wav,data/Emotify\electronic\27.wav
227,electronic,1,0,0,0,0,0,0,0,0,3,1,0,30,0,English,27.wav,data/Emotify\electronic\27.wav
227,electronic,0,0,0,0,0,1,0,0,0,3,0,0,49,0,Dutch,27.wav,data/Emotify\electronic\27.wav
227,electronic,0,0,0,0,1,0,0,0,0,2,0,0,29,1,Russian,27.wav,data/Emotify\electronic\27.wav
228,electronic,0,0,0,0,0,0,1,0,0,3,0,0,61,0,Dutch,28.wav,data/Emotify\electronic\28.wav
228,electronic,0,0,0,0,0,1,0,1,0,1,0,0,26,1,Russian,28.wav,data/Emotify\electronic\28.wav
228,electronic,0,1,0,0,0,1,0,0,0,4,0,1,19,0,Dutch,28.wav,data/Emotify\electronic\28.wav
228,electronic,0,0,0,0,0,1,0,0,0,2,0,0,31,1,Finnish,28.wav,data/Emotify\electronic\28.wav
228,electronic,0,0,0,0,0,1,0,0,0,4,0,0,27,1,Dutch,28.wav,data/Emotify\electronic\28.wav
228,electronic,1,0,0,0,0,1,1,0,0,4,0,0,26,1,Russian,28.wav,data/Emotify\electronic\28.wav
228,electronic,0,0,0,1,0,1,1,0,0,4,1,0,40,1,Dutch,28.wav,data/Emotify\electronic\28.wav
228,electronic,0,0,0,0,0,1,0,0,0,4,1,0,36,0,Italian,28.wav,data/Emotify\electronic\28.wav
228,electronic,0,0,0,0,0,1,1,0,0,4,0,1,41,0,Dutch,28.wav,data/Emotify\electronic\28.wav
228,electronic,0,0,0,0,0,1,1,0,0,3,1,0,21,1,English,28.wav,data/Emotify\electronic\28.wav
228,electronic,0,0,0,0,0,1,1,0,0,4,0,0,22,1,Croatian,28.wav,data/Emotify\electronic\28.wav
229,electronic,0,1,0,0,0,0,0,0,0,4,0,1,19,0,Dutch,29.wav,data/Emotify\electronic\29.wav
229,electronic,0,0,0,0,0,0,0,1,0,2,1,0,31,1,Slovenian,29.wav,data/Emotify\electronic\29.wav
229,electronic,0,0,0,0,0,1,1,1,0,3,0,0,25,0,Russian,29.wav,data/Emotify\electronic\29.wav
229,electronic,1,0,0,0,0,1,1,0,0,4,0,0,25,0,Dutch,29.wav,data/Emotify\electronic\29.wav
229,electronic,0,0,0,0,0,0,0,1,0,4,0,1,27,1,German,29.wav,data/Emotify\electronic\29.wav
229,electronic,0,0,0,0,0,0,0,0,1,4,0,0,26,1,Russian,29.wav,data/Emotify\electronic\29.wav
229,electronic,0,0,0,0,0,0,0,1,0,4,0,0,27,1,Dutch,29.wav,data/Emotify\electronic\29.wav
229,electronic,0,0,0,0,0,0,0,1,0,3,0,1,42,0,English,29.wav,data/Emotify\electronic\29.wav
229,electronic,1,0,0,0,0,0,1,1,0,4,0,0,23,0,English,29.wav,data/Emotify\electronic\29.wav
229,electronic,0,0,0,0,0,0,0,1,0,3,1,0,21,1,English,29.wav,data/Emotify\electronic\29.wav
229,electronic,0,0,0,0,0,1,0,1,0,4,0,0,22,1,Croatian,29.wav,data/Emotify\electronic\29.wav
230,electronic,0,0,0,0,0,1,0,0,0,3,1,0,27,1,Korean,30.wav,data/Emotify\electronic\30.wav
230,electronic,0,0,0,1,1,0,1,0,0,5,1,0,32,0,Russian,30.wav,data/Emotify\electronic\30.wav
230,electronic,1,0,0,0,0,1,1,0,0,4,1,0,22,0,Estonian,30.wav,data/Emotify\electronic\30.wav
230,electronic,0,0,0,0,0,1,0,1,1,4,0,1,26,0,Dutch,30.wav,data/Emotify\electronic\30.wav
230,electronic,0,0,0,0,0,1,0,1,0,5,0,0,29,0,English,30.wav,data/Emotify\electronic\30.wav
230,electronic,0,0,0,0,1,0,1,0,0,4,0,0,22,1,Croatian,30.wav,data/Emotify\electronic\30.wav
230,electronic,0,1,0,0,0,1,1,0,0,4,1,0,26,0,English,30.wav,data/Emotify\electronic\30.wav
230,electronic,0,0,0,0,0,0,1,0,0,5,1,0,46,1,Dutch,30.wav,data/Emotify\electronic\30.wav
230,electronic,0,0,0,0,0,0,0,0,0,3,0,1,30,0,Russian,30.wav,data/Emotify\electronic\30.wav
230,electronic,0,0,0,0,0,0,1,1,1,4,0,0,25,1,Russian,30.wav,data/Emotify\electronic\30.wav
230,electronic,0,0,0,0,0,0,0,1,1,3,0,1,25,1,Russian,30.wav,data/Emotify\electronic\30.wav
231,electronic,0,1,0,0,0,0,0,0,0,4,0,1,19,0,Dutch,31.wav,data/Emotify\electronic\31.wav
231,electronic,0,0,0,0,1,0,0,0,0,5,1,0,32,0,Russian,31.wav,data/Emotify\electronic\31.wav
231,electronic,0,0,0,0,0,0,0,1,1,3,0,1,25,0,Russian,31.wav,data/Emotify\electronic\31.wav
231,electronic,0,0,0,0,0,0,0,1,0,4,0,0,41,1,English,31.wav,data/Emotify\electronic\31.wav
231,electronic,0,0,0,0,0,1,1,0,0,4,0,0,18,0,English,31.wav,data/Emotify\electronic\31.wav
231,electronic,0,0,0,0,0,1,1,0,0,4,0,0,18,0,English,31.wav,data/Emotify\electronic\31.wav
231,electronic,0,0,0,0,1,0,0,0,0,3,1,0,42,0,English,31.wav,data/Emotify\electronic\31.wav
231,electronic,0,0,0,0,0,1,0,0,0,3,0,1,14,1,Russian,31.wav,data/Emotify\electronic\31.wav
231,electronic,1,0,0,0,0,1,0,1,0,4,1,0,21,0,Dutch,31.wav,data/Emotify\electronic\31.wav
231,electronic,0,1,0,0,0,0,0,0,0,5,1,0,46,1,Dutch,31.wav,data/Emotify\electronic\31.wav
231,electronic,0,0,0,0,0,1,0,0,0,2,0,0,29,1,Russian,31.wav,data/Emotify\electronic\31.wav
231,electronic,0,0,0,0,0,0,0,1,0,3,0,1,30,0,Russian,31.wav,data/Emotify\electronic\31.wav
232,electronic,0,0,1,0,1,0,0,0,0,4,1,0,31,0,English,32.wav,data/Emotify\electronic\32.wav
232,electronic,0,0,0,1,0,1,0,0,0,5,0,0,32,0,Russian,32.wav,data/Emotify\electronic\32.wav
232,electronic,0,1,0,0,0,1,0,1,0,3,0,1,22,1,Dutch,32.wav,data/Emotify\electronic\32.wav
232,electronic,0,1,0,0,0,0,0,0,0,3,0,1,42,0,English,32.wav,data/Emotify\electronic\32.wav
232,electronic,1,0,0,0,0,1,0,0,0,3,1,0,21,1,English,32.wav,data/Emotify\electronic\32.wav
232,electronic,0,0,1,0,0,1,0,1,0,4,0,0,21,0,Dutch,32.wav,data/Emotify\electronic\32.wav
232,electronic,0,0,1,0,0,1,0,1,0,4,0,0,21,0,Dutch,32.wav,data/Emotify\electronic\32.wav
232,electronic,0,0,0,0,1,0,0,0,0,5,1,0,46,1,Dutch,32.wav,data/Emotify\electronic\32.wav
232,electronic,1,0,0,0,0,0,0,0,0,2,0,0,29,1,Russian,32.wav,data/Emotify\electronic\32.wav
232,electronic,0,1,0,0,1,0,0,0,0,4,0,1,19,0,Dutch,32.wav,data/Emotify\electronic\32.wav
232,electronic,1,0,0,0,1,0,0,0,0,4,0,1,18,0,English,32.wav,data/Emotify\electronic\32.wav
233,electronic,0,1,0,0,0,0,0,0,0,5,0,0,32,0,Russian,33.wav,data/Emotify\electronic\33.wav
233,electronic,0,0,0,0,0,1,0,1,0,2,1,0,31,1,Slovenian,33.wav,data/Emotify\electronic\33.wav
233,electronic,0,1,0,0,0,1,0,1,0,4,0,1,26,0,Dutch,33.wav,data/Emotify\electronic\33.wav
233,electronic,0,0,0,0,0,0,0,1,0,5,0,1,22,1,Dutch,33.wav,data/Emotify\electronic\33.wav
233,electronic,0,1,0,0,0,0,0,0,0,3,0,0,24,1,Estonian,33.wav,data/Emotify\electronic\33.wav
233,electronic,0,1,0,0,0,0,0,0,0,4,0,1,43,0,Russian,33.wav,data/Emotify\electronic\33.wav
233,electronic,0,0,0,0,0,0,0,1,0,4,0,1,31,0,Hebrew,33.wav,data/Emotify\electronic\33.wav
233,electronic,0,0,0,0,0,1,0,0,0,5,1,0,34,0,Estonian,33.wav,data/Emotify\electronic\33.wav
233,electronic,0,0,0,0,0,0,0,1,0,2,0,0,32,0,Greek,33.wav,data/Emotify\electronic\33.wav
233,electronic,0,0,0,0,0,0,1,1,0,3,0,1,25,1,Russian,33.wav,data/Emotify\electronic\33.wav
233,electronic,0,0,0,0,0,0,0,1,0,3,1,0,27,1,Korean,33.wav,data/Emotify\electronic\33.wav
234,electronic,0,1,0,0,0,0,0,0,0,5,0,0,29,1,Russian,34.wav,data/Emotify\electronic\34.wav
234,electronic,0,0,0,0,1,0,0,0,0,4,0,0,33,0,Hungarian,34.wav,data/Emotify\electronic\34.wav
234,electronic,0,0,0,0,0,0,0,1,0,3,0,0,24,0,Portuguese,34.wav,data/Emotify\electronic\34.wav
234,electronic,0,1,0,0,0,0,0,0,0,5,0,0,22,1,Dutch,34.wav,data/Emotify\electronic\34.wav
234,electronic,0,0,0,0,0,1,0,0,0,3,0,0,24,1,Estonian,34.wav,data/Emotify\electronic\34.wav
234,electronic,0,0,0,0,0,0,0,1,0,5,0,0,31,0,English,34.wav,data/Emotify\electronic\34.wav
234,electronic,0,0,0,0,0,1,1,1,0,3,0,0,29,0,Russian,34.wav,data/Emotify\electronic\34.wav
234,electronic,0,1,0,0,0,1,0,0,1,4,0,1,31,0,English,34.wav,data/Emotify\electronic\34.wav
234,electronic,0,0,0,0,0,0,1,1,0,1,0,0,26,1,Russian,34.wav,data/Emotify\electronic\34.wav
234,electronic,0,1,1,0,1,0,0,0,0,4,1,0,41,0,Dutch,34.wav,data/Emotify\electronic\34.wav
234,electronic,0,0,0,0,1,0,0,1,1,2,0,0,60,0,Dutch,34.wav,data/Emotify\electronic\34.wav
235,electronic,0,1,0,0,0,0,0,0,0,4,0,0,13,0,Dutch,35.wav,data/Emotify\electronic\35.wav
235,electronic,0,0,0,0,0,1,0,0,0,3,0,0,24,0,Portuguese,35.wav,data/Emotify\electronic\35.wav
235,electronic,0,0,0,0,0,0,0,1,0,2,0,0,31,1,Finnish,35.wav,data/Emotify\electronic\35.wav
235,electronic,0,0,0,0,0,1,0,0,0,3,0,1,42,0,English,35.wav,data/Emotify\electronic\35.wav
235,electronic,0,0,0,0,1,0,1,0,0,3,0,0,21,1,English,35.wav,data/Emotify\electronic\35.wav
235,electronic,0,1,0,0,1,0,0,0,0,4,0,1,40,1,Dutch,35.wav,data/Emotify\electronic\35.wav
235,electronic,0,0,1,0,0,0,0,1,0,5,0,0,36,1,Japanese,35.wav,data/Emotify\electronic\35.wav
235,electronic,0,0,0,1,1,0,0,0,1,2,0,0,60,0,Dutch,35.wav,data/Emotify\electronic\35.wav
235,electronic,0,0,0,1,0,1,0,0,0,3,0,0,34,0,Dutch,35.wav,data/Emotify\electronic\35.wav
235,electronic,0,1,0,0,0,0,1,0,0,4,0,1,19,0,Dutch,35.wav,data/Emotify\electronic\35.wav
235,electronic,1,0,0,0,1,0,0,0,1,5,0,0,30,0,Greek,35.wav,data/Emotify\electronic\35.wav
236,electronic,0,0,0,0,0,1,0,0,0,3,1,0,24,0,Portuguese,36.wav,data/Emotify\electronic\36.wav
236,electronic,0,0,0,0,0,0,0,1,0,5,0,1,31,0,English,36.wav,data/Emotify\electronic\36.wav
236,electronic,0,0,0,0,0,0,0,1,0,5,0,1,31,0,English,36.wav,data/Emotify\electronic\36.wav
236,electronic,0,0,0,0,0,0,0,1,0,3,0,1,42,0,English,36.wav,data/Emotify\electronic\36.wav
236,electronic,0,0,0,0,0,0,1,0,0,4,0,0,31,1,Spanish,36.wav,data/Emotify\electronic\36.wav
236,electronic,0,0,0,0,0,1,1,0,0,3,1,0,34,0,Dutch,36.wav,data/Emotify\electronic\36.wav
236,electronic,0,0,0,0,0,0,1,1,1,1,0,0,26,1,Russian,36.wav,data/Emotify\electronic\36.wav
236,electronic,0,0,0,0,0,0,1,0,0,4,0,1,19,0,Dutch,36.wav,data/Emotify\electronic\36.wav
236,electronic,0,0,0,0,0,1,0,0,0,1,1,0,25,0,Russian,36.wav,data/Emotify\electronic\36.wav
236,electronic,0,1,0,0,0,1,1,0,0,2,0,0,60,0,Dutch,36.wav,data/Emotify\electronic\36.wav
236,electronic,0,1,0,1,0,0,1,0,0,5,0,0,30,0,Greek,36.wav,data/Emotify\electronic\36.wav
237,electronic,0,1,0,0,1,0,0,0,0,3,1,0,42,0,English,37.wav,data/Emotify\electronic\37.wav
237,electronic,0,1,0,0,0,0,0,1,0,4,1,0,15,0,English,37.wav,data/Emotify\electronic\37.wav
237,electronic,0,0,0,1,1,0,0,1,0,3,1,0,44,0,Dutch,37.wav,data/Emotify\electronic\37.wav
237,electronic,0,0,0,0,1,0,0,1,0,1,0,1,20,1,English,37.wav,data/Emotify\electronic\37.wav
237,electronic,0,1,0,0,0,0,0,0,0,4,0,0,31,1,Spanish,37.wav,data/Emotify\electronic\37.wav
237,electronic,0,1,0,0,0,0,0,0,0,1,0,0,26,1,Russian,37.wav,data/Emotify\electronic\37.wav
237,electronic,0,1,0,0,0,1,0,0,0,4,0,1,19,0,Dutch,37.wav,data/Emotify\electronic\37.wav
237,electronic,0,0,1,0,0,0,0,1,1,5,0,0,30,0,Greek,37.wav,data/Emotify\electronic\37.wav
237,electronic,0,0,0,0,1,0,0,0,0,4,0,0,23,1,Russian,37.wav,data/Emotify\electronic\37.wav
237,electronic,0,0,0,0,1,0,0,1,0,2,0,0,25,0,French,37.wav,data/Emotify\electronic\37.wav
237,electronic,0,0,0,1,0,0,0,0,0,3,0,0,27,1,Chinese,37.wav,data/Emotify\electronic\37.wav
238,electronic,0,0,0,0,0,1,0,1,0,5,0,0,31,0,English,38.wav,data/Emotify\electronic\38.wav
238,electronic,0,0,0,1,1,0,0,0,1,1,1,0,20,1,English,38.wav,data/Emotify\electronic\38.wav
238,electronic,1,1,0,1,0,0,0,0,0,4,0,0,26,0,Dutch,38.wav,data/Emotify\electronic\38.wav
238,electronic,0,0,0,1,1,0,0,0,1,4,1,0,49,0,Dutch,38.wav,data/Emotify\electronic\38.wav
238,electronic,0,0,1,0,1,0,0,1,0,3,0,0,28,1,Russian,38.wav,data/Emotify\electronic\38.wav
238,electronic,0,0,0,1,1,0,0,0,1,1,0,0,26,1,Russian,38.wav,data/Emotify\electronic\38.wav
238,electronic,0,1,0,0,0,0,0,1,0,2,0,1,25,0,French,38.wav,data/Emotify\electronic\38.wav
238,electronic,0,0,0,1,1,0,0,1,0,3,0,0,16,1,Dutch,38.wav,data/Emotify\electronic\38.wav
238,electronic,0,0,1,0,0,0,0,1,1,5,0,0,30,0,Greek,38.wav,data/Emotify\electronic\38.wav
238,electronic,0,1,0,0,1,0,0,0,0,1,1,0,19,1,Russian,38.wav,data/Emotify\electronic\38.wav
238,electronic,0,0,0,0,1,0,0,0,0,1,0,0,28,1,Ucrainian,38.wav,data/Emotify\electronic\38.wav
239,electronic,0,1,0,0,0,0,0,0,0,5,1,0,54,0,Estonian,39.wav,data/Emotify\electronic\39.wav
239,electronic,0,0,0,0,0,1,0,0,0,5,1,0,41,1,Russian,39.wav,data/Emotify\electronic\39.wav
239,electronic,0,0,0,0,0,0,1,0,0,1,0,1,20,1,English,39.wav,data/Emotify\electronic\39.wav
239,electronic,0,0,0,0,0,0,0,1,0,4,0,1,22,1,Dutch,39.wav,data/Emotify\electronic\39.wav
239,electronic,0,1,1,0,0,0,0,1,0,3,0,0,28,1,Russian,39.wav,data/Emotify\electronic\39.wav
239,electronic,0,0,0,0,0,0,0,1,0,2,0,1,40,0,Dutch,39.wav,data/Emotify\electronic\39.wav
239,electronic,0,0,0,0,0,0,1,0,0,1,0,0,26,1,Russian,39.wav,data/Emotify\electronic\39.wav
239,electronic,0,0,0,0,0,0,1,1,1,5,1,0,30,0,Greek,39.wav,data/Emotify\electronic\39.wav
239,electronic,0,1,0,0,0,0,0,0,0,1,0,0,28,1,Ucrainian,39.wav,data/Emotify\electronic\39.wav
239,electronic,0,0,0,0,0,0,0,1,0,1,0,1,19,1,Russian,39.wav,data/Emotify\electronic\39.wav
239,electronic,1,0,0,0,0,1,1,0,0,4,1,0,54,0,Italian,39.wav,data/Emotify\electronic\39.wav
240,electronic,0,1,0,0,0,0,0,1,0,4,0,0,25,1,Estonian,40.wav,data/Emotify\electronic\40.wav
240,electronic,0,0,0,0,1,0,0,0,0,3,0,0,21,0,Portuguese,40.wav,data/Emotify\electronic\40.wav
240,electronic,0,1,0,0,0,0,0,1,0,1,0,0,26,1,Russian,40.wav,data/Emotify\electronic\40.wav
240,electronic,0,0,0,0,0,0,0,1,0,5,0,0,26,0,Russian,40.wav,data/Emotify\electronic\40.wav
240,electronic,0,0,0,0,1,0,0,0,0,4,1,0,41,0,Dutch,40.wav,data/Emotify\electronic\40.wav
240,electronic,1,1,0,0,0,0,0,1,0,4,0,1,28,0,Dutch,40.wav,data/Emotify\electronic\40.wav
240,electronic,0,0,0,0,1,0,0,0,0,5,1,0,53,0,English,40.wav,data/Emotify\electronic\40.wav
240,electronic,0,0,0,0,0,0,0,1,0,4,0,1,38,0,Slovenian,40.wav,data/Emotify\electronic\40.wav
240,electronic,0,1,0,0,1,0,0,1,0,3,0,0,25,1,Russian,40.wav,data/Emotify\electronic\40.wav
240,electronic,0,0,0,0,0,0,0,1,0,4,0,1,26,1,Dutch,40.wav,data/Emotify\electronic\40.wav
240,electronic,0,0,0,1,0,0,0,0,0,3,1,0,27,1,Korean,40.wav,data/Emotify\electronic\40.wav
241,electronic,0,0,0,1,0,0,0,0,0,4,0,0,33,0,Hungarian,41.wav,data/Emotify\electronic\41.wav
241,electronic,0,1,0,0,1,1,0,0,0,4,0,0,22,0,Estonian,41.wav,data/Emotify\electronic\41.wav
241,electronic,0,1,0,0,0,1,0,1,0,4,0,0,25,0,Dutch,41.wav,data/Emotify\electronic\41.wav
241,electronic,0,1,0,0,1,1,0,0,0,4,0,0,28,0,Dutch,41.wav,data/Emotify\electronic\41.wav
241,electronic,0,0,0,0,0,0,1,0,0,5,0,0,53,0,English,41.wav,data/Emotify\electronic\41.wav
241,electronic,0,1,0,0,1,0,0,0,0,4,1,0,18,0,English,41.wav,data/Emotify\electronic\41.wav
241,electronic,0,1,0,0,1,0,0,0,0,3,1,0,25,1,Russian,41.wav,data/Emotify\electronic\41.wav
241,electronic,0,0,1,0,0,0,0,0,0,4,0,0,23,1,Russian,41.wav,data/Emotify\electronic\41.wav
241,electronic,1,0,0,0,0,0,0,0,0,3,1,0,27,1,Korean,41.wav,data/Emotify\electronic\41.wav
241,electronic,0,1,0,0,1,0,1,0,0,5,1,0,33,0,English,41.wav,data/Emotify\electronic\41.wav
241,electronic,0,1,0,0,1,0,0,0,1,5,1,0,39,0,Spanish,41.wav,data/Emotify\electronic\41.wav
242,electronic,0,0,0,0,1,0,0,0,0,4,0,0,17,0,Dutch,42.wav,data/Emotify\electronic\42.wav
242,electronic,0,0,0,1,0,0,0,0,0,2,1,0,34,0,Dutch,42.wav,data/Emotify\electronic\42.wav
242,electronic,0,0,0,1,1,0,0,1,0,4,1,0,25,1,Dutch,42.wav,data/Emotify\electronic\42.wav
242,electronic,0,0,0,0,0,0,0,0,0,3,0,1,20,1,Spanish,42.wav,data/Emotify\electronic\42.wav
242,electronic,0,1,0,1,0,0,0,1,0,4,0,0,36,0,Portuguese,42.wav,data/Emotify\electronic\42.wav
242,electronic,0,0,0,1,0,0,1,0,1,4,1,0,22,0,Estonian,42.wav,data/Emotify\electronic\42.wav
242,electronic,0,0,0,1,1,0,0,0,1,1,0,0,26,1,Russian,42.wav,data/Emotify\electronic\42.wav
242,electronic,0,1,0,1,0,0,0,0,1,3,1,0,25,1,Russian,42.wav,data/Emotify\electronic\42.wav
242,electronic,0,1,0,0,1,1,0,0,0,3,0,0,16,1,Russian,42.wav,data/Emotify\electronic\42.wav
242,electronic,0,1,0,1,1,0,0,0,0,4,1,0,19,0,Dutch,42.wav,data/Emotify\electronic\42.wav
242,electronic,0,1,0,1,1,0,0,0,0,4,0,0,25,1,Russian,42.wav,data/Emotify\electronic\42.wav
243,electronic,0,0,0,1,0,0,0,1,0,2,0,1,34,0,Dutch,43.wav,data/Emotify\electronic\43.wav
243,electronic,0,0,0,0,0,1,0,0,0,5,0,0,22,0,English,43.wav,data/Emotify\electronic\43.wav
243,electronic,0,0,0,0,0,0,0,1,0,3,0,1,20,1,Spanish,43.wav,data/Emotify\electronic\43.wav
243,electronic,0,0,0,1,0,1,0,1,0,1,0,0,26,1,Russian,43.wav,data/Emotify\electronic\43.wav
243,electronic,0,0,0,0,0,1,0,1,0,4,1,0,36,0,Italian,43.wav,data/Emotify\electronic\43.wav
243,electronic,0,0,0,0,0,0,0,0,1,3,0,1,21,0,Russian,43.wav,data/Emotify\electronic\43.wav
243,electronic,0,1,0,0,0,0,0,0,1,3,0,0,25,1,Russian,43.wav,data/Emotify\electronic\43.wav
243,electronic,0,0,0,0,0,1,1,1,0,3,0,1,16,1,Russian,43.wav,data/Emotify\electronic\43.wav
243,electronic,0,0,0,0,0,1,1,0,0,4,0,0,26,1,Dutch,43.wav,data/Emotify\electronic\43.wav
243,electronic,0,0,0,0,0,1,0,0,0,4,1,0,27,0,Russian,43.wav,data/Emotify\electronic\43.wav
243,electronic,0,1,0,0,0,0,0,0,0,4,0,0,17,0,Dutch,43.wav,data/Emotify\electronic\43.wav
244,electronic,0,0,0,0,0,1,0,1,1,4,1,0,15,0,English,44.wav,data/Emotify\electronic\44.wav
244,electronic,0,0,0,0,1,0,0,0,0,5,0,0,22,0,English,44.wav,data/Emotify\electronic\44.wav
244,electronic,0,0,0,0,1,0,0,0,0,5,0,0,23,1,Russian,44.wav,data/Emotify\electronic\44.wav
244,electronic,0,1,0,0,0,1,0,0,0,4,0,0,65,0,French,44.wav,data/Emotify\electronic\44.wav
244,electronic,0,1,0,0,0,0,0,1,1,1,0,0,26,1,Russian,44.wav,data/Emotify\electronic\44.wav
244,electronic,0,0,0,0,0,0,0,1,1,4,0,1,27,0,Russian,44.wav,data/Emotify\electronic\44.wav
244,electronic,0,1,0,0,0,0,0,0,0,3,0,0,25,1,Russian,44.wav,data/Emotify\electronic\44.wav
244,electronic,0,1,0,0,0,0,0,0,0,3,0,0,55,0,German,44.wav,data/Emotify\electronic\44.wav
244,electronic,0,1,0,0,1,0,0,0,1,3,0,0,16,1,Russian,44.wav,data/Emotify\electronic\44.wav
244,electronic,0,0,0,1,0,0,0,0,1,4,0,1,26,1,Dutch,44.wav,data/Emotify\electronic\44.wav
244,electronic,0,0,0,0,0,0,0,1,0,4,0,0,17,0,Dutch,44.wav,data/Emotify\electronic\44.wav
245,electronic,0,0,0,0,0,0,0,1,1,5,0,1,23,1,Russian,45.wav,data/Emotify\electronic\45.wav
245,electronic,0,0,1,0,1,0,0,0,0,4,0,0,30,1,German,45.wav,data/Emotify\electronic\45.wav
245,electronic,0,0,0,0,0,0,0,1,0,4,0,0,41,0,Dutch,45.wav,data/Emotify\electronic\45.wav
245,electronic,0,1,0,0,0,1,0,1,0,5,1,0,37,0,Arabic,45.wav,data/Emotify\electronic\45.wav
245,electronic,0,1,0,0,1,0,0,1,0,3,0,0,27,0,English,45.wav,data/Emotify\electronic\45.wav
245,electronic,0,1,0,0,0,0,0,1,0,3,0,0,25,1,Russian,45.wav,data/Emotify\electronic\45.wav
245,electronic,0,1,0,0,0,1,0,0,0,3,1,0,55,0,German,45.wav,data/Emotify\electronic\45.wav
245,electronic,0,1,0,0,0,0,0,1,1,3,0,0,16,1,Russian,45.wav,data/Emotify\electronic\45.wav
245,electronic,0,0,0,1,0,0,0,0,1,4,0,1,26,1,Dutch,45.wav,data/Emotify\electronic\45.wav
245,electronic,0,1,0,0,0,1,0,1,0,4,1,0,23,0,English,45.wav,data/Emotify\electronic\45.wav
245,electronic,0,0,0,0,0,0,0,1,0,1,0,0,26,1,Russian,45.wav,data/Emotify\electronic\45.wav
246,electronic,0,0,0,0,1,1,1,0,0,2,1,0,24,0,Estonian,46.wav,data/Emotify\electronic\46.wav
246,electronic,0,0,0,1,0,0,0,0,1,2,1,0,31,1,Slovenian,46.wav,data/Emotify\electronic\46.wav
246,electronic,0,1,0,0,0,1,0,1,0,3,0,0,27,0,English,46.wav,data/Emotify\electronic\46.wav
246,electronic,0,1,0,1,1,0,0,0,0,4,0,0,30,0,Dutch,46.wav,data/Emotify\electronic\46.wav
246,electronic,0,0,0,0,0,0,1,1,0,3,0,0,25,1,Russian,46.wav,data/Emotify\electronic\46.wav
246,electronic,0,0,0,0,0,0,0,1,0,3,0,1,55,0,German,46.wav,data/Emotify\electronic\46.wav
246,electronic,0,1,0,0,1,1,0,0,0,3,0,0,16,1,Russian,46.wav,data/Emotify\electronic\46.wav
246,electronic,0,0,0,0,0,0,0,1,1,4,0,1,26,1,Dutch,46.wav,data/Emotify\electronic\46.wav
246,electronic,0,1,0,1,0,0,0,0,0,5,0,0,37,0,Arabic,46.wav,data/Emotify\electronic\46.wav
246,electronic,0,0,0,0,0,0,0,0,0,4,0,1,41,0,Dutch,46.wav,data/Emotify\electronic\46.wav
246,electronic,1,0,0,0,0,1,1,0,0,4,1,0,23,0,English,46.wav,data/Emotify\electronic\46.wav
247,electronic,1,0,0,0,0,1,0,1,0,3,0,0,27,0,English,47.wav,data/Emotify\electronic\47.wav
247,electronic,0,0,0,0,1,0,0,0,0,5,1,0,22,0,English,47.wav,data/Emotify\electronic\47.wav
247,electronic,1,0,0,0,1,0,0,0,0,4,0,0,51,0,English,47.wav,data/Emotify\electronic\47.wav
247,electronic,1,1,0,0,0,0,0,0,0,3,1,0,23,1,Russian,47.wav,data/Emotify\electronic\47.wav
247,electronic,0,1,0,0,0,0,0,0,0,4,0,0,41,0,Dutch,47.wav,data/Emotify\electronic\47.wav
247,electronic,0,0,0,1,0,0,0,1,1,5,1,0,17,1,Finnish,47.wav,data/Emotify\electronic\47.wav
247,electronic,0,0,0,0,0,0,0,1,1,3,0,1,52,1,Dutch,47.wav,data/Emotify\electronic\47.wav
247,electronic,0,1,0,1,1,0,0,0,0,1,0,0,26,1,Russian,47.wav,data/Emotify\electronic\47.wav
247,electronic,0,1,0,0,1,0,0,0,0,3,1,0,55,0,German,47.wav,data/Emotify\electronic\47.wav
247,electronic,0,1,0,0,1,1,0,0,0,3,0,0,16,1,Russian,47.wav,data/Emotify\electronic\47.wav
247,electronic,0,0,0,0,1,0,0,1,0,4,1,0,18,0,English,47.wav,data/Emotify\electronic\47.wav
248,electronic,0,1,0,0,0,1,0,0,0,3,0,0,27,0,English,48.wav,data/Emotify\electronic\48.wav
248,electronic,0,1,0,0,0,1,0,1,0,4,0,0,10,1,English,48.wav,data/Emotify\electronic\48.wav
248,electronic,0,0,0,0,0,1,0,0,1,1,0,0,26,1,Russian,48.wav,data/Emotify\electronic\48.wav
248,electronic,0,0,0,0,0,1,0,1,0,5,0,1,17,1,Finnish,48.wav,data/Emotify\electronic\48.wav
248,electronic,0,0,0,0,0,1,0,1,0,5,0,0,31,0,English,48.wav,data/Emotify\electronic\48.wav
248,electronic,0,0,0,0,0,1,1,0,0,3,1,0,22,0,Malay,48.wav,data/Emotify\electronic\48.wav
248,electronic,1,0,0,0,0,1,1,0,0,3,1,0,55,0,German,48.wav,data/Emotify\electronic\48.wav
248,electronic,0,1,0,0,0,1,0,1,0,3,0,0,16,1,Russian,48.wav,data/Emotify\electronic\48.wav
248,electronic,0,0,0,0,1,1,0,0,0,3,1,0,21,0,Russian,48.wav,data/Emotify\electronic\48.wav
248,electronic,0,0,0,0,0,1,0,1,0,4,0,1,31,0,English,48.wav,data/Emotify\electronic\48.wav
248,electronic,0,0,0,0,0,1,0,1,0,4,0,1,41,0,Dutch,48.wav,data/Emotify\electronic\48.wav
249,electronic,0,1,0,0,1,0,0,0,0,5,0,0,41,1,Russian,49.wav,data/Emotify\electronic\49.wav
249,electronic,0,1,0,1,1,0,0,0,0,2,1,0,16,1,Chinese,49.wav,data/Emotify\electronic\49.wav
249,electronic,0,0,1,0,1,0,1,0,0,1,1,0,26,1,Russian,49.wav,data/Emotify\electronic\49.wav
249,electronic,0,0,1,1,0,1,0,0,0,1,1,0,20,1,English,49.wav,data/Emotify\electronic\49.wav
249,electronic,0,1,0,0,0,0,0,0,0,3,0,0,22,0,Malay,49.wav,data/Emotify\electronic\49.wav
249,electronic,0,0,0,0,1,0,0,0,0,4,1,0,48,0,Dutch,49.wav,data/Emotify\electronic\49.wav
249,electronic,0,1,1,0,0,0,0,0,0,5,1,0,30,0,Greek,49.wav,data/Emotify\electronic\49.wav
249,electronic,0,0,0,0,1,0,0,0,0,3,0,1,55,0,German,49.wav,data/Emotify\electronic\49.wav
249,electronic,0,1,0,1,1,0,0,0,0,3,0,0,16,1,Russian,49.wav,data/Emotify\electronic\49.wav
249,electronic,1,1,0,0,0,0,0,0,0,3,1,0,28,1,English,49.wav,data/Emotify\electronic\49.wav
249,electronic,0,0,1,1,1,0,0,0,0,4,1,0,54,0,Italian,49.wav,data/Emotify\electronic\49.wav
250,electronic,0,0,0,0,0,0,1,0,0,3,0,0,22,0,Malay,50.wav,data/Emotify\electronic\50.wav
250,electronic,0,0,0,0,0,1,1,0,0,1,0,1,20,1,English,50.wav,data/Emotify\electronic\50.wav
250,electronic,0,0,0,0,0,1,1,0,0,3,1,0,28,1,English,50.wav,data/Emotify\electronic\50.wav
250,electronic,0,0,0,0,0,0,0,1,0,2,0,0,31,1,Finnish,50.wav,data/Emotify\electronic\50.wav
250,electronic,0,0,1,0,0,0,1,1,0,5,1,0,30,0,Greek,50.wav,data/Emotify\electronic\50.wav
250,electronic,0,0,0,0,0,0,0,1,0,2,0,0,31,1,Finnish,50.wav,data/Emotify\electronic\50.wav
250,electronic,0,0,0,0,0,1,0,1,0,3,0,0,55,0,German,50.wav,data/Emotify\electronic\50.wav
250,electronic,0,1,0,0,0,1,1,0,0,3,0,0,16,1,Russian,50.wav,data/Emotify\electronic\50.wav
250,electronic,0,0,0,0,0,1,1,0,0,3,0,0,28,0,Russian,50.wav,data/Emotify\electronic\50.wav
250,electronic,0,0,0,0,0,0,0,0,0,4,0,1,54,0,Italian,50.wav,data/Emotify\electronic\50.wav
250,electronic,0,0,0,0,0,1,0,1,0,1,0,0,26,1,Russian,50.wav,data/Emotify\electronic\50.wav
250,electronic,0,1,0,0,0,0,1,1,0,5,0,0,41,1,Russian,50.wav,data/Emotify\electronic\50.wav
251,electronic,0,0,0,0,0,0,1,0,1,4,0,0,31,1,French,51.wav,data/Emotify\electronic\51.wav
251,electronic,0,1,0,0,0,1,1,0,0,4,0,0,44,1,Dutch,51.wav,data/Emotify\electronic\51.wav
251,electronic,0,1,0,1,0,0,0,0,1,1,0,0,26,1,Russian,51.wav,data/Emotify\electronic\51.wav
251,electronic,1,0,0,0,0,0,0,1,0,3,0,1,28,1,English,51.wav,data/Emotify\electronic\51.wav
251,electronic,0,0,0,0,0,1,0,1,1,1,1,0,20,1,English,51.wav,data/Emotify\electronic\51.wav
251,electronic,1,0,0,0,0,1,1,0,0,5,1,0,30,0,Greek,51.wav,data/Emotify\electronic\51.wav
251,electronic,0,0,0,0,0,1,0,1,0,3,0,1,55,0,German,51.wav,data/Emotify\electronic\51.wav
251,electronic,0,1,0,0,0,1,1,0,0,3,0,0,16,1,Russian,51.wav,data/Emotify\electronic\51.wav
251,electronic,0,0,0,0,0,0,0,0,0,4,0,1,54,0,Italian,51.wav,data/Emotify\electronic\51.wav
251,electronic,1,1,1,0,0,0,0,0,0,5,1,0,41,1,Russian,51.wav,data/Emotify\electronic\51.wav
251,electronic,1,0,0,0,0,1,0,0,1,5,1,0,23,0,Bengali,51.wav,data/Emotify\electronic\51.wav
252,electronic,0,1,0,1,0,0,0,0,1,4,0,0,44,1,Dutch,52.wav,data/Emotify\electronic\52.wav
252,electronic,0,0,0,1,1,0,0,0,1,1,0,0,26,1,Russian,52.wav,data/Emotify\electronic\52.wav
252,electronic,0,0,0,0,0,0,0,0,1,2,0,0,29,0,English,52.wav,data/Emotify\electronic\52.wav
252,electronic,0,0,0,0,0,0,0,1,1,1,1,0,20,1,English,52.wav,data/Emotify\electronic\52.wav
252,electronic,0,1,0,1,0,1,0,0,0,5,1,0,30,0,Greek,52.wav,data/Emotify\electronic\52.wav
252,electronic,0,0,0,0,0,0,0,0,1,3,0,1,55,0,German,52.wav,data/Emotify\electronic\52.wav
252,electronic,0,0,0,0,0,0,0,0,0,4,0,1,54,0,Italian,52.wav,data/Emotify\electronic\52.wav
252,electronic,0,1,0,1,0,0,0,1,0,5,1,0,23,0,English,52.wav,data/Emotify\electronic\52.wav
252,electronic,0,0,1,0,1,0,0,0,1,4,1,0,48,0,Dutch,52.wav,data/Emotify\electronic\52.wav
252,electronic,1,0,1,0,1,0,0,0,0,5,1,0,23,0,Bengali,52.wav,data/Emotify\electronic\52.wav
252,electronic,0,1,0,0,0,1,0,1,0,4,0,0,31,1,French,52.wav,data/Emotify\electronic\52.wav
253,electronic,0,1,0,0,0,0,0,0,0,2,0,0,29,0,English,53.wav,data/Emotify\electronic\53.wav
253,electronic,0,0,1,0,0,1,0,1,0,5,1,0,30,0,Greek,53.wav,data/Emotify\electronic\53.wav
253,electronic,0,1,0,0,0,0,0,1,1,1,0,0,26,1,Russian,53.wav,data/Emotify\electronic\53.wav
253,electronic,0,0,0,0,1,0,0,0,0,5,0,0,31,0,English,53.wav,data/Emotify\electronic\53.wav
253,electronic,1,0,0,0,0,0,1,0,0,3,1,0,55,0,German,53.wav,data/Emotify\electronic\53.wav
253,electronic,0,0,0,0,0,0,1,0,0,4,0,0,22,1,Dutch,53.wav,data/Emotify\electronic\53.wav
253,electronic,1,0,0,0,0,0,0,1,0,5,1,0,23,0,English,53.wav,data/Emotify\electronic\53.wav
253,electronic,0,1,0,0,0,0,0,1,0,4,1,0,48,0,Dutch,53.wav,data/Emotify\electronic\53.wav
253,electronic,0,0,0,1,0,1,0,1,0,4,0,0,37,1,German,53.wav,data/Emotify\electronic\53.wav
253,electronic,0,0,0,0,0,0,0,1,0,4,0,0,31,0,English,53.wav,data/Emotify\electronic\53.wav
253,electronic,0,0,0,0,1,0,1,0,0,1,1,0,31,0,Dutch,53.wav,data/Emotify\electronic\53.wav
254,electronic,0,0,0,0,0,0,1,1,0,3,1,0,47,0,Italian,54.wav,data/Emotify\electronic\54.wav
254,electronic,0,1,0,0,0,1,0,0,0,5,0,0,25,1,Russian,54.wav,data/Emotify\electronic\54.wav
254,electronic,0,0,0,0,1,1,1,0,0,3,1,0,29,0,Russian,54.wav,data/Emotify\electronic\54.wav
254,electronic,0,0,0,0,0,0,0,1,0,4,0,0,22,1,Dutch,54.wav,data/Emotify\electronic\54.wav
254,electronic,1,1,0,0,1,0,0,0,0,3,1,0,31,0,Dutch,54.wav,data/Emotify\electronic\54.wav
254,electronic,0,1,0,0,0,1,0,1,0,4,0,0,31,1,French,54.wav,data/Emotify\electronic\54.wav
254,electronic,0,0,0,0,0,0,1,1,0,4,0,1,48,0,Dutch,54.wav,data/Emotify\electronic\54.wav
254,electronic,1,1,0,0,1,0,1,1,0,4,0,0,37,1,German,54.wav,data/Emotify\electronic\54.wav
254,electronic,0,0,0,0,0,0,0,1,1,4,0,0,25,1,Russian,54.wav,data/Emotify\electronic\54.wav
254,electronic,0,1,0,0,0,0,1,1,0,4,0,0,43,0,Dutch,54.wav,data/Emotify\electronic\54.wav
254,electronic,0,0,0,0,0,0,1,1,0,1,0,0,26,1,Russian,54.wav,data/Emotify\electronic\54.wav
255,electronic,0,0,0,0,0,1,1,0,0,4,1,0,31,0,English,55.wav,data/Emotify\electronic\55.wav
255,electronic,0,0,0,0,0,1,1,0,0,3,1,0,47,0,Italian,55.wav,data/Emotify\electronic\55.wav
255,electronic,0,0,0,0,0,0,0,1,0,4,0,1,54,0,Italian,55.wav,data/Emotify\electronic\55.wav
255,electronic,0,0,0,0,0,0,0,1,0,5,0,1,25,1,Russian,55.wav,data/Emotify\electronic\55.wav
255,electronic,0,1,0,0,1,0,1,0,0,2,0,0,23,0,Russian,55.wav,data/Emotify\electronic\55.wav
255,electronic,0,0,0,1,0,0,0,1,1,5,0,1,40,1,Dutch,55.wav,data/Emotify\electronic\55.wav
255,electronic,0,1,0,0,1,0,1,0,0,2,0,0,23,0,Russian,55.wav,data/Emotify\electronic\55.wav
255,electronic,0,0,0,0,0,1,0,1,0,4,0,0,34,1,English,55.wav,data/Emotify\electronic\55.wav
255,electronic,0,0,0,0,0,0,0,1,0,3,0,1,31,0,Dutch,55.wav,data/Emotify\electronic\55.wav
255,electronic,0,0,0,0,0,1,1,1,0,4,0,0,37,1,German,55.wav,data/Emotify\electronic\55.wav
255,electronic,1,0,0,0,0,1,1,0,0,4,1,0,48,0,Dutch,55.wav,data/Emotify\electronic\55.wav
255,electronic,0,0,0,0,0,1,1,1,0,4,0,0,43,0,Dutch,55.wav,data/Emotify\electronic\55.wav
256,electronic,1,0,0,0,0,0,0,1,0,4,0,0,25,1,Dutch,56.wav,data/Emotify\electronic\56.wav
256,electronic,0,0,0,0,0,1,0,1,0,3,0,0,47,0,Italian,56.wav,data/Emotify\electronic\56.wav
256,electronic,0,0,0,0,0,0,1,0,0,4,0,0,16,0,Russian,56.wav,data/Emotify\electronic\56.wav
256,electronic,0,0,0,0,0,0,0,1,1,4,0,1,54,0,Italian,56.wav,data/Emotify\electronic\56.wav
256,electronic,0,0,0,0,0,0,0,1,0,2,0,1,40,0,Dutch,56.wav,data/Emotify\electronic\56.wav
256,electronic,0,0,1,0,1,1,0,0,0,1,1,0,33,0,Dutch,56.wav,data/Emotify\electronic\56.wav
256,electronic,0,0,0,0,0,0,0,0,1,3,0,1,31,0,Dutch,56.wav,data/Emotify\electronic\56.wav
256,electronic,0,0,0,0,0,1,0,1,0,4,0,0,34,1,English,56.wav,data/Emotify\electronic\56.wav
256,electronic,0,0,0,0,0,0,0,1,0,5,0,0,54,0,Estonian,56.wav,data/Emotify\electronic\56.wav
256,electronic,1,0,0,0,0,1,0,1,0,4,1,0,48,0,Dutch,56.wav,data/Emotify\electronic\56.wav
256,electronic,0,0,0,0,0,1,0,1,1,1,0,0,26,1,Russian,56.wav,data/Emotify\electronic\56.wav
257,electronic,0,1,0,0,0,0,0,1,1,2,0,0,24,0,Russian,57.wav,data/Emotify\electronic\57.wav
257,electronic,0,0,0,0,1,0,1,0,0,1,0,0,26,1,Russian,57.wav,data/Emotify\electronic\57.wav
257,electronic,0,0,0,0,0,0,0,1,0,4,0,1,54,0,Italian,57.wav,data/Emotify\electronic\57.wav
257,electronic,1,0,0,1,0,0,1,0,0,3,1,0,31,0,Dutch,57.wav,data/Emotify\electronic\57.wav
257,electronic,0,0,0,0,0,0,0,0,0,4,0,1,49,0,Dutch,57.wav,data/Emotify\electronic\57.wav
257,electronic,1,0,0,0,0,0,1,0,0,4,0,0,34,1,English,57.wav,data/Emotify\electronic\57.wav
257,electronic,1,0,0,1,0,0,1,0,0,4,1,0,48,0,Dutch,57.wav,data/Emotify\electronic\57.wav
257,electronic,0,0,0,1,0,0,0,0,0,4,0,1,43,0,Russian,57.wav,data/Emotify\electronic\57.wav
257,electronic,0,0,0,0,0,0,0,0,0,4,1,0,41,0,Dutch,57.wav,data/Emotify\electronic\57.wav
257,electronic,0,0,0,0,0,0,1,0,0,3,0,0,30,0,Russian,57.wav,data/Emotify\electronic\57.wav
257,electronic,0,0,0,0,0,0,0,1,0,4,0,1,31,0,English,57.wav,data/Emotify\electronic\57.wav
258,electronic,0,1,0,0,0,0,0,1,0,1,0,0,26,1,Russian,58.wav,data/Emotify\electronic\58.wav
258,electronic,0,0,0,0,0,0,1,0,0,3,1,0,41,0,Dutch,58.wav,data/Emotify\electronic\58.wav
258,electronic,0,0,0,0,1,0,0,0,0,4,0,0,54,0,Italian,58.wav,data/Emotify\electronic\58.wav
258,electronic,0,0,0,0,0,0,0,1,0,5,0,1,14,1,English,58.wav,data/Emotify\electronic\58.wav
258,electronic,0,0,1,1,1,0,0,0,0,4,0,1,32,1,Dutch,58.wav,data/Emotify\electronic\58.wav
258,electronic,0,0,0,0,1,0,0,0,0,3,0,0,30,0,Russian,58.wav,data/Emotify\electronic\58.wav
258,electronic,1,1,0,0,0,0,0,0,0,4,1,0,48,0,Dutch,58.wav,data/Emotify\electronic\58.wav
258,electronic,0,0,0,0,1,0,0,0,0,2,1,0,40,0,Dutch,58.wav,data/Emotify\electronic\58.wav
258,electronic,0,0,0,1,0,0,0,0,0,4,0,0,25,1,Dutch,58.wav,data/Emotify\electronic\58.wav
258,electronic,0,0,0,0,0,0,0,1,0,4,0,1,47,0,Russian,58.wav,data/Emotify\electronic\58.wav
258,electronic,0,0,0,0,1,0,0,0,0,5,0,0,22,0,English,58.wav,data/Emotify\electronic\58.wav
259,electronic,0,0,0,0,0,0,0,0,0,4,0,1,54,0,Italian,59.wav,data/Emotify\electronic\59.wav
259,electronic,0,0,0,0,0,0,1,0,0,3,0,0,30,0,Russian,59.wav,data/Emotify\electronic\59.wav
259,electronic,0,0,1,0,1,0,1,0,0,4,0,0,32,1,Dutch,59.wav,data/Emotify\electronic\59.wav
259,electronic,0,1,1,0,1,0,0,0,0,4,1,0,30,0,Dutch,59.wav,data/Emotify\electronic\59.wav
259,electronic,0,0,0,0,0,1,1,1,0,4,1,0,48,0,Dutch,59.wav,data/Emotify\electronic\59.wav
259,electronic,0,0,0,0,0,1,0,0,0,4,0,1,26,0,Russian,59.wav,data/Emotify\electronic\59.wav
259,electronic,0,0,0,0,1,0,0,1,1,3,1,0,16,0,English,59.wav,data/Emotify\electronic\59.wav
259,electronic,0,0,0,0,1,0,0,0,0,2,1,0,25,1,Ucrainian,59.wav,data/Emotify\electronic\59.wav
259,electronic,0,0,0,0,1,0,1,0,0,2,0,1,31,1,Slovenian,59.wav,data/Emotify\electronic\59.wav
259,electronic,0,0,1,0,0,0,1,1,0,5,0,0,33,0,Russian,59.wav,data/Emotify\electronic\59.wav
259,electronic,0,0,0,0,1,0,0,0,0,4,0,1,23,1,English,59.wav,data/Emotify\electronic\59.wav
260,electronic,0,1,0,0,0,0,0,1,0,5,0,0,38,1,Dutch,60.wav,data/Emotify\electronic\60.wav
260,electronic,1,0,0,0,0,1,0,1,0,3,1,0,38,0,Danish,60.wav,data/Emotify\electronic\60.wav
260,electronic,0,0,0,0,0,0,0,1,1,4,0,1,48,0,Dutch,60.wav,data/Emotify\electronic\60.wav
260,electronic,1,0,0,0,0,1,0,1,0,4,0,0,23,0,English,60.wav,data/Emotify\electronic\60.wav
260,electronic,1,0,1,0,0,0,0,1,0,5,1,0,55,0,Dutch,60.wav,data/Emotify\electronic\60.wav
260,electronic,0,1,0,0,0,1,0,1,0,4,0,0,23,0,Dutch,60.wav,data/Emotify\electronic\60.wav
260,electronic,0,0,0,0,0,1,1,0,0,5,1,0,54,0,Estonian,60.wav,data/Emotify\electronic\60.wav
260,electronic,0,0,0,0,0,1,0,1,0,2,1,0,25,1,Ucrainian,60.wav,data/Emotify\electronic\60.wav
260,electronic,0,0,0,1,0,0,0,1,0,3,0,1,27,0,English,60.wav,data/Emotify\electronic\60.wav
260,electronic,0,1,0,0,0,1,0,1,0,5,1,0,33,0,Russian,60.wav,data/Emotify\electronic\60.wav
260,electronic,1,1,0,0,0,1,0,0,0,4,1,0,23,1,English,60.wav,data/Emotify\electronic\60.wav
261,electronic,1,0,0,0,1,0,0,1,0,4,0,0,49,0,Dutch,61.wav,data/Emotify\electronic\61.wav
261,electronic,0,0,0,0,0,0,0,1,0,4,0,0,11,0,English,61.wav,data/Emotify\electronic\61.wav
261,electronic,0,0,0,1,0,1,0,1,0,4,1,0,27,1,German,61.wav,data/Emotify\electronic\61.wav
261,electronic,0,1,1,0,0,0,0,0,1,4,1,0,48,0,Dutch,61.wav,data/Emotify\electronic\61.wav
261,electronic,0,0,0,0,1,0,0,0,0,3,0,0,18,1,Dutch,61.wav,data/Emotify\electronic\61.wav
261,electronic,0,1,0,0,0,0,0,1,0,4,0,0,23,1,English,61.wav,data/Emotify\electronic\61.wav
261,electronic,0,0,0,0,1,0,0,0,0,3,0,0,18,1,Dutch,61.wav,data/Emotify\electronic\61.wav
261,electronic,0,1,0,0,0,0,0,1,1,5,1,0,33,0,Russian,61.wav,data/Emotify\electronic\61.wav
261,electronic,1,1,0,0,0,0,0,0,0,5,0,1,42,1,Dutch,61.wav,data/Emotify\electronic\61.wav
261,electronic,0,0,0,0,0,0,0,1,0,3,0,1,27,0,English,61.wav,data/Emotify\electronic\61.wav
261,electronic,0,1,0,0,0,0,0,1,0,4,0,0,18,0,English,61.wav,data/Emotify\electronic\61.wav
261,electronic,0,0,0,1,0,0,0,1,1,4,0,1,27,0,German,61.wav,data/Emotify\electronic\61.wav
262,electronic,0,0,0,0,0,1,0,1,0,4,1,0,17,0,Dutch,62.wav,data/Emotify\electronic\62.wav
262,electronic,0,0,0,0,0,0,0,1,0,1,0,0,26,1,Russian,62.wav,data/Emotify\electronic\62.wav
262,electronic,0,0,0,0,1,0,0,0,0,3,0,0,24,0,Estonian,62.wav,data/Emotify\electronic\62.wav
262,electronic,0,0,0,0,0,0,0,1,1,3,0,1,25,1,Russian,62.wav,data/Emotify\electronic\62.wav
262,electronic,0,0,0,0,0,0,0,1,1,3,0,0,21,1,English,62.wav,data/Emotify\electronic\62.wav
262,electronic,0,0,0,0,0,0,0,1,0,4,0,1,26,1,Dutch,62.wav,data/Emotify\electronic\62.wav
262,electronic,0,0,0,0,0,0,0,1,0,3,1,0,24,0,French,62.wav,data/Emotify\electronic\62.wav
262,electronic,0,0,0,0,0,0,0,0,1,4,0,1,30,1,German,62.wav,data/Emotify\electronic\62.wav
262,electronic,0,0,0,0,0,0,0,1,0,4,0,0,25,1,Russian,62.wav,data/Emotify\electronic\62.wav
262,electronic,0,1,0,0,0,0,0,1,0,3,0,0,60,0,Dutch,62.wav,data/Emotify\electronic\62.wav
262,electronic,0,1,0,0,0,0,0,1,1,5,0,1,25,1,English,62.wav,data/Emotify\electronic\62.wav
263,electronic,0,0,0,0,1,0,0,0,0,3,0,1,22,1,Russian,63.wav,data/Emotify\electronic\63.wav
263,electronic,0,0,0,0,1,0,0,0,1,3,0,1,43,1,Dutch,63.wav,data/Emotify\electronic\63.wav
263,electronic,0,0,0,0,1,0,0,0,0,5,0,0,46,0,Dutch,63.wav,data/Emotify\electronic\63.wav
263,electronic,1,0,0,1,0,0,0,0,1,5,0,0,29,0,English,63.wav,data/Emotify\electronic\63.wav
263,electronic,0,0,1,0,0,0,0,0,1,4,1,0,65,0,French,63.wav,data/Emotify\electronic\63.wav
263,electronic,0,0,0,0,1,0,0,1,0,4,0,1,44,0,French,63.wav,data/Emotify\electronic\63.wav
263,electronic,0,1,0,0,0,0,0,1,1,4,0,0,23,0,Dutch,63.wav,data/Emotify\electronic\63.wav
263,electronic,0,0,0,1,0,0,0,1,1,1,0,0,26,1,Russian,63.wav,data/Emotify\electronic\63.wav
263,electronic,0,1,0,0,0,0,0,1,1,5,0,1,25,1,English,63.wav,data/Emotify\electronic\63.wav
263,electronic,1,1,0,0,1,0,0,0,0,5,1,0,33,0,English,63.wav,data/Emotify\electronic\63.wav
263,electronic,0,0,0,0,0,0,0,1,0,4,0,1,21,0,Russian,63.wav,data/Emotify\electronic\63.wav
264,electronic,0,1,0,0,0,1,0,0,0,1,0,0,26,1,Russian,64.wav,data/Emotify\electronic\64.wav
264,electronic,0,0,0,0,0,0,1,0,0,5,0,0,29,1,Russian,64.wav,data/Emotify\electronic\64.wav
264,electronic,0,0,0,0,1,1,0,1,0,3,1,0,17,0,Dutch,64.wav,data/Emotify\electronic\64.wav
264,electronic,0,0,0,0,0,0,1,1,0,4,0,1,44,0,French,64.wav,data/Emotify\electronic\64.wav
264,electronic,0,0,0,0,0,0,0,1,0,4,0,0,23,1,English,64.wav,data/Emotify\electronic\64.wav
264,electronic,1,0,0,0,0,0,0,0,0,4,1,0,26,1,Dutch,64.wav,data/Emotify\electronic\64.wav
264,electronic,0,0,0,0,0,1,0,0,0,5,0,0,53,1,English,64.wav,data/Emotify\electronic\64.wav
264,electronic,0,0,0,0,0,1,1,1,0,5,0,1,33,0,Russian,64.wav,data/Emotify\electronic\64.wav
264,electronic,0,0,0,0,0,0,1,1,0,2,0,0,33,0,Russian,64.wav,data/Emotify\electronic\64.wav
264,electronic,0,0,0,0,0,0,1,0,0,5,0,0,25,1,English,64.wav,data/Emotify\electronic\64.wav
264,electronic,1,0,0,0,0,0,1,1,0,4,0,0,49,0,Dutch,64.wav,data/Emotify\electronic\64.wav
265,electronic,0,1,0,1,1,0,0,0,0,3,0,0,48,0,English,65.wav,data/Emotify\electronic\65.wav
265,electronic,0,1,0,0,0,0,0,0,1,4,0,0,25,1,Estonian,65.wav,data/Emotify\electronic\65.wav
265,electronic,0,0,1,1,1,0,0,0,0,3,1,0,33,0,Russian,65.wav,data/Emotify\electronic\65.wav
265,electronic,0,0,0,0,0,0,0,1,1,1,0,0,26,1,Russian,65.wav,data/Emotify\electronic\65.wav
265,electronic,0,1,0,0,1,1,0,0,0,5,0,0,31,0,English,65.wav,data/Emotify\electronic\65.wav
265,electronic,0,1,0,0,0,0,0,1,0,3,1,1,26,1,Dutch,65.wav,data/Emotify\electronic\65.wav
265,electronic,1,0,0,0,0,1,0,0,0,5,0,0,25,1,English,65.wav,data/Emotify\electronic\65.wav
265,electronic,1,0,0,0,0,0,0,1,0,3,0,1,21,0,Russian,65.wav,data/Emotify\electronic\65.wav
265,electronic,0,1,0,0,1,1,0,0,0,4,0,1,31,0,English,65.wav,data/Emotify\electronic\65.wav
265,electronic,0,0,0,0,1,0,1,0,0,4,0,0,41,0,English,65.wav,data/Emotify\electronic\65.wav
265,electronic,0,0,1,1,0,0,0,0,0,4,1,0,65,0,French,65.wav,data/Emotify\electronic\65.wav
266,electronic,1,1,0,0,0,0,1,0,0,3,1,0,35,1,English,66.wav,data/Emotify\electronic\66.wav
266,electronic,0,0,1,0,0,1,0,1,0,5,0,1,23,0,English,66.wav,data/Emotify\electronic\66.wav
266,electronic,0,0,0,1,0,0,1,0,0,4,1,0,65,0,French,66.wav,data/Emotify\electronic\66.wav
266,electronic,0,1,0,0,0,0,0,0,0,4,0,1,14,0,Dutch,66.wav,data/Emotify\electronic\66.wav
266,electronic,0,0,0,0,0,0,0,1,1,4,1,0,15,0,English,66.wav,data/Emotify\electronic\66.wav
266,electronic,0,0,0,1,0,1,0,1,0,5,0,0,29,0,English,66.wav,data/Emotify\electronic\66.wav
266,electronic,0,0,0,0,0,0,0,1,0,4,1,0,37,0,English,66.wav,data/Emotify\electronic\66.wav
266,electronic,0,0,0,0,0,1,1,0,0,3,1,0,26,1,Dutch,66.wav,data/Emotify\electronic\66.wav
266,electronic,0,0,0,0,1,0,1,1,0,4,1,0,27,0,Dutch,66.wav,data/Emotify\electronic\66.wav
266,electronic,1,0,0,0,0,1,0,1,0,4,0,0,41,0,Dutch,66.wav,data/Emotify\electronic\66.wav
266,electronic,0,1,0,0,0,0,0,1,1,1,0,0,26,1,Russian,66.wav,data/Emotify\electronic\66.wav
267,electronic,0,0,0,0,0,0,0,1,0,3,0,0,61,1,Dutch,67.wav,data/Emotify\electronic\67.wav
267,electronic,0,1,0,0,1,0,0,1,0,4,0,0,16,0,Russian,67.wav,data/Emotify\electronic\67.wav
267,electronic,1,0,1,1,0,0,0,0,0,4,1,0,26,0,Dutch,67.wav,data/Emotify\electronic\67.wav
267,electronic,0,1,0,0,0,0,0,0,1,1,0,0,26,1,Russian,67.wav,data/Emotify\electronic\67.wav
267,electronic,0,0,0,0,0,0,0,0,1,3,0,0,25,1,Russian,67.wav,data/Emotify\electronic\67.wav
267,electronic,0,0,1,0,1,0,0,0,0,4,1,0,30,1,German,67.wav,data/Emotify\electronic\67.wav
267,electronic,0,1,0,0,0,0,0,1,1,4,0,0,25,1,Russian,67.wav,data/Emotify\electronic\67.wav
267,electronic,0,0,0,0,1,1,0,0,1,4,1,0,65,0,French,67.wav,data/Emotify\electronic\67.wav
267,electronic,0,1,0,1,1,0,0,0,0,4,1,0,22,1,English,67.wav,data/Emotify\electronic\67.wav
267,electronic,0,1,0,0,1,0,0,0,0,4,1,0,27,1,English,67.wav,data/Emotify\electronic\67.wav
267,electronic,0,0,0,1,0,1,0,1,0,4,0,0,17,0,Dutch,67.wav,data/Emotify\electronic\67.wav
268,electronic,0,0,0,0,0,0,0,1,0,4,0,1,14,0,Dutch,68.wav,data/Emotify\electronic\68.wav
268,electronic,0,0,0,0,0,0,0,1,0,5,0,1,29,1,Russian,68.wav,data/Emotify\electronic\68.wav
268,electronic,0,1,0,0,0,0,1,1,0,4,0,0,25,0,English,68.wav,data/Emotify\electronic\68.wav
268,electronic,0,0,0,0,0,1,0,0,0,5,1,0,53,1,English,68.wav,data/Emotify\electronic\68.wav
268,electronic,0,0,0,1,0,0,1,0,0,4,1,0,27,0,Dutch,68.wav,data/Emotify\electronic\68.wav
268,electronic,1,0,0,0,0,0,1,0,0,3,0,1,37,1,Chinese,68.wav,data/Emotify\electronic\68.wav
268,electronic,0,0,0,0,0,1,1,0,0,4,0,0,22,1,English,68.wav,data/Emotify\electronic\68.wav
268,electronic,0,0,0,0,0,0,0,1,0,3,0,1,28,0,Russian,68.wav,data/Emotify\electronic\68.wav
268,electronic,0,0,0,0,0,0,0,1,0,1,0,0,26,1,Russian,68.wav,data/Emotify\electronic\68.wav
268,electronic,0,0,0,0,0,0,1,0,0,4,0,0,25,1,Russian,68.wav,data/Emotify\electronic\68.wav
268,electronic,0,0,0,0,0,0,0,1,0,4,0,1,23,1,English,68.wav,data/Emotify\electronic\68.wav
269,electronic,0,0,0,0,0,1,0,0,0,4,1,0,14,0,Dutch,69.wav,data/Emotify\electronic\69.wav
269,electronic,0,0,0,0,0,0,1,0,0,3,0,0,61,0,Dutch,69.wav,data/Emotify\electronic\69.wav
269,electronic,0,0,0,0,0,0,1,0,0,1,0,0,26,1,Russian,69.wav,data/Emotify\electronic\69.wav
269,electronic,0,0,0,1,0,1,1,0,0,4,0,0,47,1,English,69.wav,data/Emotify\electronic\69.wav
269,electronic,0,0,0,0,0,0,1,0,0,4,0,0,27,0,Dutch,69.wav,data/Emotify\electronic\69.wav
269,electronic,1,1,0,0,0,0,1,0,0,4,1,0,43,1,English,69.wav,data/Emotify\electronic\69.wav
269,electronic,0,0,0,0,0,1,1,0,0,3,1,0,37,1,Chinese,69.wav,data/Emotify\electronic\69.wav
269,electronic,0,0,0,0,0,0,1,0,0,4,0,0,22,1,English,69.wav,data/Emotify\electronic\69.wav
269,electronic,1,0,0,0,1,0,0,0,0,5,1,0,23,1,Russian,69.wav,data/Emotify\electronic\69.wav
269,electronic,1,0,0,0,0,0,1,0,0,4,0,0,25,1,Russian,69.wav,data/Emotify\electronic\69.wav
269,electronic,0,0,0,0,0,0,0,1,0,4,0,0,23,1,English,69.wav,data/Emotify\electronic\69.wav
270,electronic,0,0,0,0,1,0,0,0,0,5,0,0,30,1,Russian,70.wav,data/Emotify\electronic\70.wav
270,electronic,1,0,1,0,1,0,0,0,0,4,1,0,25,1,Dutch,70.wav,data/Emotify\electronic\70.wav
270,electronic,0,1,1,0,1,0,0,0,0,4,0,0,30,0,Dutch,70.wav,data/Emotify\electronic\70.wav
270,electronic,0,0,0,0,0,0,0,1,0,3,0,1,26,0,Dutch,70.wav,data/Emotify\electronic\70.wav
270,electronic,0,0,0,0,0,0,1,0,0,4,0,0,27,0,Dutch,70.wav,data/Emotify\electronic\70.wav
270,electronic,0,1,0,0,1,0,0,0,0,1,0,0,26,1,Russian,70.wav,data/Emotify\electronic\70.wav
270,electronic,0,0,0,1,1,0,0,0,1,4,0,0,23,0,English,70.wav,data/Emotify\electronic\70.wav
270,electronic,0,0,0,0,1,0,0,0,0,4,0,1,23,1,English,70.wav,data/Emotify\electronic\70.wav
270,electronic,0,0,0,1,1,0,0,0,0,3,0,1,47,0,Dutch,70.wav,data/Emotify\electronic\70.wav
270,electronic,0,0,0,1,0,0,0,0,0,4,0,0,21,0,Dutch,70.wav,data/Emotify\electronic\70.wav
270,electronic,0,0,0,0,1,0,0,0,0,4,0,1,14,0,Dutch,70.wav,data/Emotify\electronic\70.wav
271,electronic,0,0,0,0,0,0,1,1,0,1,0,0,26,1,Russian,71.wav,data/Emotify\electronic\71.wav
271,electronic,0,0,0,0,0,0,1,0,0,5,0,0,30,1,Russian,71.wav,data/Emotify\electronic\71.wav
271,electronic,0,0,0,0,0,0,0,0,1,3,0,1,26,0,Dutch,71.wav,data/Emotify\electronic\71.wav
271,electronic,0,1,0,1,0,1,0,0,0,4,1,0,25,0,Dutch,71.wav,data/Emotify\electronic\71.wav
271,electronic,0,0,0,0,0,1,1,0,0,3,0,0,47,0,Dutch,71.wav,data/Emotify\electronic\71.wav
271,electronic,0,0,0,0,0,0,0,1,0,3,0,1,25,1,Russian,71.wav,data/Emotify\electronic\71.wav
271,electronic,0,0,0,0,0,1,0,0,0,2,0,0,47,1,English,71.wav,data/Emotify\electronic\71.wav
271,electronic,0,0,0,1,0,1,1,0,0,4,1,0,30,0,Dutch,71.wav,data/Emotify\electronic\71.wav
271,electronic,0,0,0,0,0,1,0,1,0,4,0,1,25,1,Russian,71.wav,data/Emotify\electronic\71.wav
271,electronic,0,0,0,0,0,0,1,1,1,3,0,1,17,1,Russian,71.wav,data/Emotify\electronic\71.wav
271,electronic,0,0,0,0,0,0,0,1,0,4,0,1,31,0,English,71.wav,data/Emotify\electronic\71.wav
272,electronic,0,0,0,0,0,0,1,0,0,5,0,0,30,1,Russian,72.wav,data/Emotify\electronic\72.wav
272,electronic,0,0,0,0,0,0,1,0,0,3,1,0,26,0,Dutch,72.wav,data/Emotify\electronic\72.wav
272,electronic,0,0,0,0,0,0,0,1,0,3,0,1,23,0,Russian,72.wav,data/Emotify\electronic\72.wav
272,electronic,0,0,0,0,0,0,0,1,0,3,0,0,51,0,English,72.wav,data/Emotify\electronic\72.wav
272,electronic,0,0,0,0,1,0,1,0,0,1,0,0,26,1,Russian,72.wav,data/Emotify\electronic\72.wav
272,electronic,1,0,0,0,0,0,1,0,0,3,0,0,47,0,Dutch,72.wav,data/Emotify\electronic\72.wav
272,electronic,0,1,0,0,0,0,1,0,0,4,0,0,25,0,English,72.wav,data/Emotify\electronic\72.wav
272,electronic,0,0,0,1,0,1,1,0,0,4,1,0,30,0,Dutch,72.wav,data/Emotify\electronic\72.wav
272,electronic,0,0,0,0,0,0,1,0,0,2,1,0,56,0,Dutch,72.wav,data/Emotify\electronic\72.wav
272,electronic,0,0,0,0,0,0,0,1,0,4,0,1,14,0,Dutch,72.wav,data/Emotify\electronic\72.wav
272,electronic,0,0,0,0,0,0,0,1,0,3,0,1,45,1,Polish,72.wav,data/Emotify\electronic\72.wav
273,electronic,1,0,1,0,0,1,0,0,0,4,1,0,14,1,Russian,73.wav,data/Emotify\electronic\73.wav
273,electronic,0,0,0,0,0,0,1,0,0,3,1,0,27,1,Korean,73.wav,data/Emotify\electronic\73.wav
273,electronic,0,0,0,0,0,1,0,0,0,4,0,0,41,0,Dutch,73.wav,data/Emotify\electronic\73.wav
273,electronic,0,1,0,0,0,0,1,0,1,1,0,0,26,1,Russian,73.wav,data/Emotify\electronic\73.wav
273,electronic,0,1,0,0,0,1,0,0,0,2,0,0,47,1,English,73.wav,data/Emotify\electronic\73.wav
273,electronic,0,1,0,0,0,1,0,1,0,3,1,0,22,0,Dutch,73.wav,data/Emotify\electronic\73.wav
273,electronic,0,1,0,0,0,1,1,0,0,5,0,0,31,0,English,73.wav,data/Emotify\electronic\73.wav
273,electronic,0,0,0,0,0,0,1,1,0,3,1,0,37,0,English,73.wav,data/Emotify\electronic\73.wav
273,electronic,0,0,0,0,0,0,0,0,0,3,0,0,47,0,Dutch,73.wav,data/Emotify\electronic\73.wav
273,electronic,0,0,0,0,0,1,1,0,0,4,0,1,31,0,English,73.wav,data/Emotify\electronic\73.wav
273,electronic,0,1,0,0,0,1,1,0,0,4,1,0,15,0,English,73.wav,data/Emotify\electronic\73.wav
274,electronic,0,0,1,0,0,0,0,1,0,4,0,1,14,1,Russian,74.wav,data/Emotify\electronic\74.wav
274,electronic,0,1,0,0,0,0,0,0,0,3,0,0,23,0,French,74.wav,data/Emotify\electronic\74.wav
274,electronic,0,0,0,0,1,0,0,0,0,4,1,0,21,1,Chinese,74.wav,data/Emotify\electronic\74.wav
274,electronic,0,0,0,0,1,0,0,0,0,3,1,0,38,0,Danish,74.wav,data/Emotify\electronic\74.wav
274,electronic,1,0,0,0,1,0,0,0,0,1,0,1,33,0,Dutch,74.wav,data/Emotify\electronic\74.wav
274,electronic,1,0,0,0,1,0,0,0,0,1,0,1,33,0,Dutch,74.wav,data/Emotify\electronic\74.wav
274,electronic,0,0,0,0,1,0,0,0,0,4,0,0,41,0,Dutch,74.wav,data/Emotify\electronic\74.wav
274,electronic,0,0,1,0,1,0,1,0,0,4,0,0,25,1,Russian,74.wav,data/Emotify\electronic\74.wav
274,electronic,0,0,0,1,0,0,0,1,1,4,0,0,34,0,Italian,74.wav,data/Emotify\electronic\74.wav
274,electronic,0,0,0,0,0,0,0,1,0,4,0,1,21,0,Spanish,74.wav,data/Emotify\electronic\74.wav
274,electronic,0,1,0,0,1,0,0,0,0,1,0,0,26,1,Russian,74.wav,data/Emotify\electronic\74.wav
275,electronic,0,0,0,0,0,0,0,1,1,1,0,0,26,1,Russian,75.wav,data/Emotify\electronic\75.wav
275,electronic,0,1,0,0,1,0,0,0,0,3,1,0,18,0,English,75.wav,data/Emotify\electronic\75.wav
275,electronic,0,0,0,1,0,0,0,0,0,4,0,1,17,1,Dutch,75.wav,data/Emotify\electronic\75.wav
275,electronic,0,0,0,0,0,0,0,1,0,4,0,0,41,0,Dutch,75.wav,data/Emotify\electronic\75.wav
275,electronic,0,1,0,1,0,1,0,0,0,5,1,0,29,0,English,75.wav,data/Emotify\electronic\75.wav
275,electronic,0,0,0,0,0,0,0,1,0,3,0,1,26,1,Russian,75.wav,data/Emotify\electronic\75.wav
275,electronic,0,1,0,0,0,0,0,0,0,5,1,0,54,0,Estonian,75.wav,data/Emotify\electronic\75.wav
275,electronic,0,1,0,0,0,0,0,1,0,4,0,0,65,0,French,75.wav,data/Emotify\electronic\75.wav
275,electronic,0,0,0,0,0,0,0,1,0,4,0,1,21,0,Spanish,75.wav,data/Emotify\electronic\75.wav
275,electronic,1,0,0,0,0,1,0,0,1,4,1,0,14,1,Russian,75.wav,data/Emotify\electronic\75.wav
275,electronic,1,0,0,0,0,1,0,1,0,3,1,0,30,0,Dutch,75.wav,data/Emotify\electronic\75.wav
276,electronic,0,0,0,0,0,0,1,0,0,4,1,0,17,1,Dutch,76.wav,data/Emotify\electronic\76.wav
276,electronic,0,1,0,1,0,0,1,0,0,5,1,0,29,0,English,76.wav,data/Emotify\electronic\76.wav
276,electronic,0,0,0,0,0,1,0,0,0,4,0,0,23,0,French,76.wav,data/Emotify\electronic\76.wav
276,electronic,0,0,0,0,0,0,0,1,0,3,0,1,25,1,Greek,76.wav,data/Emotify\electronic\76.wav
276,electronic,0,1,0,1,0,0,1,0,0,5,0,0,29,0,English,76.wav,data/Emotify\electronic\76.wav
276,electronic,0,0,0,0,0,0,1,1,0,4,1,0,18,0,English,76.wav,data/Emotify\electronic\76.wav
276,electronic,0,0,0,0,0,1,0,1,1,4,0,1,34,0,Italian,76.wav,data/Emotify\electronic\76.wav
276,electronic,0,0,0,0,0,0,0,1,0,4,0,0,47,1,English,76.wav,data/Emotify\electronic\76.wav
276,electronic,0,0,0,0,0,0,1,0,0,4,1,0,14,0,Dutch,76.wav,data/Emotify\electronic\76.wav
276,electronic,0,0,0,0,0,1,1,1,0,5,0,1,39,0,Spanish,76.wav,data/Emotify\electronic\76.wav
276,electronic,0,0,0,0,0,0,1,0,0,3,0,0,18,0,English,76.wav,data/Emotify\electronic\76.wav
277,electronic,0,0,0,0,0,1,0,0,0,3,1,0,23,1,Czech,77.wav,data/Emotify\electronic\77.wav
277,electronic,1,0,0,0,0,0,0,1,0,4,0,1,17,1,Dutch,77.wav,data/Emotify\electronic\77.wav
277,electronic,0,0,0,0,0,1,1,1,0,4,1,0,25,1,Dutch,77.wav,data/Emotify\electronic\77.wav
277,electronic,0,0,0,0,0,0,1,1,0,1,0,0,26,1,Russian,77.wav,data/Emotify\electronic\77.wav
277,electronic,0,1,0,0,0,1,1,0,0,4,0,0,18,0,Norwegian,77.wav,data/Emotify\electronic\77.wav
277,electronic,0,0,0,0,0,0,0,1,0,3,0,1,25,1,English,77.wav,data/Emotify\electronic\77.wav
277,electronic,0,0,0,0,0,0,1,0,0,3,0,0,24,0,Russian,77.wav,data/Emotify\electronic\77.wav
277,electronic,0,0,0,0,0,1,1,1,0,4,1,0,43,1,English,77.wav,data/Emotify\electronic\77.wav
277,electronic,0,1,0,0,0,1,0,0,0,4,0,0,23,0,French,77.wav,data/Emotify\electronic\77.wav
277,electronic,0,0,0,0,0,1,0,0,0,4,1,0,14,0,Dutch,77.wav,data/Emotify\electronic\77.wav
277,electronic,0,1,0,0,0,0,0,0,0,3,0,1,18,0,English,77.wav,data/Emotify\electronic\77.wav
278,electronic,0,0,0,0,0,0,1,0,0,3,1,0,25,1,English,78.wav,data/Emotify\electronic\78.wav
278,electronic,0,0,0,1,0,0,0,0,0,3,0,0,32,0,English,78.wav,data/Emotify\electronic\78.wav
278,electronic,0,0,0,0,0,0,1,0,0,3,0,1,24,0,Russian,78.wav,data/Emotify\electronic\78.wav
278,electronic,0,1,0,0,0,1,0,0,0,4,0,0,23,0,French,78.wav,data/Emotify\electronic\78.wav
278,electronic,1,0,0,0,0,0,1,0,0,4,0,0,19,1,Dutch,78.wav,data/Emotify\electronic\78.wav
278,electronic,0,0,0,1,0,1,1,0,0,3,1,0,25,0,Dutch,78.wav,data/Emotify\electronic\78.wav
278,electronic,0,0,0,1,0,0,0,0,0,4,0,1,14,0,Dutch,78.wav,data/Emotify\electronic\78.wav
278,electronic,0,0,0,1,0,0,0,0,0,3,0,0,18,0,English,78.wav,data/Emotify\electronic\78.wav
278,electronic,0,0,0,0,0,0,1,0,0,4,0,0,29,1,English,78.wav,data/Emotify\electronic\78.wav
278,electronic,0,0,0,0,0,1,1,0,0,3,0,0,23,1,Czech,78.wav,data/Emotify\electronic\78.wav
278,electronic,0,0,0,0,0,0,0,1,0,4,0,1,17,1,Dutch,78.wav,data/Emotify\electronic\78.wav
279,electronic,0,1,0,0,1,0,0,1,0,1,0,0,26,1,Russian,79.wav,data/Emotify\electronic\79.wav
279,electronic,0,1,0,0,1,0,0,0,0,4,1,0,23,0,French,79.wav,data/Emotify\electronic\79.wav
279,electronic,0,0,0,1,0,0,0,1,1,3,0,0,40,0,Dutch,79.wav,data/Emotify\electronic\79.wav
279,electronic,0,1,0,0,0,1,0,1,0,5,0,1,14,1,English,79.wav,data/Emotify\electronic\79.wav
279,electronic,0,0,0,0,0,1,0,0,0,4,1,0,47,0,Dutch,79.wav,data/Emotify\electronic\79.wav
279,electronic,0,0,0,1,1,0,0,0,1,3,1,0,25,0,Dutch,79.wav,data/Emotify\electronic\79.wav
279,electronic,0,1,0,1,0,0,0,0,0,3,1,0,18,0,English,79.wav,data/Emotify\electronic\79.wav
279,electronic,0,0,0,0,0,0,0,1,0,4,0,1,14,0,Dutch,79.wav,data/Emotify\electronic\79.wav
279,electronic,0,1,0,0,0,0,0,0,0,3,1,0,23,1,Czech,79.wav,data/Emotify\electronic\79.wav
279,electronic,0,0,0,0,1,0,0,1,0,4,0,0,18,0,Norwegian,79.wav,data/Emotify\electronic\79.wav
279,electronic,0,1,0,1,1,0,0,0,0,3,1,0,32,0,English,79.wav,data/Emotify\electronic\79.wav
280,electronic,0,0,0,0,0,1,1,0,0,3,1,0,24,1,English,80.wav,data/Emotify\electronic\80.wav
280,electronic,0,0,0,1,0,0,0,0,0,2,0,0,31,1,Finnish,80.wav,data/Emotify\electronic\80.wav
280,electronic,0,1,0,1,0,0,0,1,0,4,0,0,19,0,English,80.wav,data/Emotify\electronic\80.wav
280,electronic,0,0,0,0,0,0,0,1,0,4,0,1,47,0,Dutch,80.wav,data/Emotify\electronic\80.wav
280,electronic,0,0,0,0,0,0,0,1,0,3,0,1,53,1,Dutch,80.wav,data/Emotify\electronic\80.wav
280,electronic,0,1,0,0,1,0,0,0,0,3,1,0,18,0,English,80.wav,data/Emotify\electronic\80.wav
280,electronic,0,1,0,0,0,0,0,0,0,4,1,0,14,0,Dutch,80.wav,data/Emotify\electronic\80.wav
280,electronic,0,1,0,0,1,0,0,0,0,3,0,0,23,1,Czech,80.wav,data/Emotify\electronic\80.wav
280,electronic,0,0,0,0,0,0,0,1,0,4,0,0,18,0,Norwegian,80.wav,data/Emotify\electronic\80.wav
280,electronic,1,0,0,0,1,1,0,0,0,3,1,0,17,1,Russian,80.wav,data/Emotify\electronic\80.wav
280,electronic,0,0,0,1,0,1,1,0,0,3,1,0,32,0,English,80.wav,data/Emotify\electronic\80.wav
281,electronic,1,0,0,0,0,1,1,0,0,5,1,0,23,0,English,81.wav,data/Emotify\electronic\81.wav
281,electronic,1,0,0,0,1,0,1,0,0,1,0,0,26,1,Russian,81.wav,data/Emotify\electronic\81.wav
281,electronic,0,0,0,0,0,1,1,1,0,4,0,1,26,0,Dutch,81.wav,data/Emotify\electronic\81.wav
281,electronic,0,0,0,0,0,0,0,1,0,3,0,0,46,1,Dutch,81.wav,data/Emotify\electronic\81.wav
281,electronic,0,0,0,0,0,0,1,0,0,3,0,1,25,1,Russian,81.wav,data/Emotify\electronic\81.wav
281,electronic,0,0,0,0,0,1,1,1,0,3,0,0,60,0,Dutch,81.wav,data/Emotify\electronic\81.wav
281,electronic,0,0,0,0,1,0,0,0,0,3,0,1,26,1,Russian,81.wav,data/Emotify\electronic\81.wav
281,electronic,0,0,0,0,0,1,1,0,0,4,0,0,65,0,French,81.wav,data/Emotify\electronic\81.wav
281,electronic,1,0,0,0,0,0,1,0,0,4,0,0,19,1,English,81.wav,data/Emotify\electronic\81.wav
281,electronic,0,0,0,0,1,0,0,0,0,4,1,0,27,1,English,81.wav,data/Emotify\electronic\81.wav
281,electronic,0,0,0,0,0,0,1,0,0,5,0,0,29,1,Russian,81.wav,data/Emotify\electronic\81.wav
282,electronic,0,0,0,0,0,0,1,1,0,3,0,1,19,1,Dutch,82.wav,data/Emotify\electronic\82.wav
282,electronic,0,1,0,0,1,0,0,0,0,4,0,0,19,0,English,82.wav,data/Emotify\electronic\82.wav
282,electronic,0,0,0,1,0,0,1,0,0,4,0,0,47,0,Dutch,82.wav,data/Emotify\electronic\82.wav
282,electronic,1,0,0,0,0,1,1,0,0,4,0,0,56,0,Dutch,82.wav,data/Emotify\electronic\82.wav
282,electronic,1,0,0,0,0,0,1,0,0,3,1,0,18,0,English,82.wav,data/Emotify\electronic\82.wav
282,electronic,0,1,0,0,0,1,0,0,0,3,0,0,23,1,Czech,82.wav,data/Emotify\electronic\82.wav
282,electronic,0,1,0,0,1,0,0,1,0,3,0,1,17,1,Russian,82.wav,data/Emotify\electronic\82.wav
282,electronic,0,0,0,1,0,0,0,0,0,3,1,0,32,0,English,82.wav,data/Emotify\electronic\82.wav
282,electronic,0,0,0,0,0,0,0,1,0,3,0,1,31,0,Dutch,82.wav,data/Emotify\electronic\82.wav
282,electronic,1,0,0,0,0,1,0,1,0,4,1,0,49,0,English,82.wav,data/Emotify\electronic\82.wav
282,electronic,0,0,0,0,0,0,1,1,0,4,0,0,27,0,English,82.wav,data/Emotify\electronic\82.wav
283,electronic,0,1,1,0,1,0,0,0,0,4,1,0,47,0,Dutch,83.wav,data/Emotify\electronic\83.wav
283,electronic,0,0,0,0,1,0,0,1,1,4,0,1,56,0,Dutch,83.wav,data/Emotify\electronic\83.wav
283,electronic,1,1,0,0,1,0,0,0,0,3,1,0,18,0,English,83.wav,data/Emotify\electronic\83.wav
283,electronic,0,1,0,0,1,0,1,0,0,3,0,0,23,1,Czech,83.wav,data/Emotify\electronic\83.wav
283,electronic,0,0,1,1,1,0,0,0,0,3,0,0,17,1,Russian,83.wav,data/Emotify\electronic\83.wav
283,electronic,0,1,0,0,0,1,0,1,0,4,0,1,49,0,English,83.wav,data/Emotify\electronic\83.wav
283,electronic,0,0,0,1,1,0,0,0,0,4,0,0,27,0,English,83.wav,data/Emotify\electronic\83.wav
283,electronic,0,0,0,0,1,0,0,1,0,3,0,1,25,1,Russian,83.wav,data/Emotify\electronic\83.wav
283,electronic,0,1,0,0,0,0,0,1,0,3,1,0,31,0,Dutch,83.wav,data/Emotify\electronic\83.wav
283,electronic,0,1,0,0,0,0,0,1,0,4,0,0,19,0,English,83.wav,data/Emotify\electronic\83.wav
283,electronic,0,0,0,0,1,0,0,0,0,3,1,0,24,1,English,83.wav,data/Emotify\electronic\83.wav
283,electronic,0,1,0,0,1,0,0,0,0,3,0,0,19,1,Dutch,83.wav,data/Emotify\electronic\83.wav
284,electronic,0,0,0,0,0,0,0,1,0,4,0,1,21,0,Russian,84.wav,data/Emotify\electronic\84.wav
284,electronic,0,0,0,0,0,0,1,0,0,2,1,0,26,1,Czech,84.wav,data/Emotify\electronic\84.wav
284,electronic,0,0,1,0,1,0,0,0,0,4,1,0,47,0,Dutch,84.wav,data/Emotify\electronic\84.wav
284,electronic,0,1,0,0,0,0,0,0,0,3,0,0,18,0,English,84.wav,data/Emotify\electronic\84.wav
284,electronic,0,1,0,0,1,0,0,0,0,3,0,0,23,1,Czech,84.wav,data/Emotify\electronic\84.wav
284,electronic,0,0,0,0,0,0,0,1,0,4,0,1,34,1,Polish,84.wav,data/Emotify\electronic\84.wav
284,electronic,0,0,0,0,1,0,0,0,0,3,0,1,31,0,Dutch,84.wav,data/Emotify\electronic\84.wav
284,electronic,0,1,0,0,1,0,0,0,0,3,1,0,32,0,English,84.wav,data/Emotify\electronic\84.wav
284,electronic,0,1,0,0,1,0,1,0,0,3,0,0,24,1,English,84.wav,data/Emotify\electronic\84.wav
284,electronic,1,0,0,0,0,0,1,1,0,4,1,0,25,1,Dutch,84.wav,data/Emotify\electronic\84.wav
284,electronic,0,0,0,0,1,0,0,0,0,1,0,0,26,1,Russian,84.wav,data/Emotify\electronic\84.wav
285,electronic,0,0,0,0,1,0,0,0,1,1,0,0,26,1,Russian,85.wav,data/Emotify\electronic\85.wav
285,electronic,0,1,0,0,1,0,0,0,0,3,1,0,23,0,French,85.wav,data/Emotify\electronic\85.wav
285,electronic,0,1,0,0,1,0,1,0,0,3,1,0,35,1,English,85.wav,data/Emotify\electronic\85.wav
285,electronic,0,0,0,1,1,0,0,0,0,4,0,0,25,1,Russian,85.wav,data/Emotify\electronic\85.wav
285,electronic,1,0,0,1,0,0,0,0,1,3,0,0,25,1,Russian,85.wav,data/Emotify\electronic\85.wav
285,electronic,0,0,0,0,1,1,1,0,0,4,1,0,26,0,Dutch,85.wav,data/Emotify\electronic\85.wav
285,electronic,0,0,0,0,0,0,0,1,0,5,0,0,37,1,Serbian,85.wav,data/Emotify\electronic\85.wav
285,electronic,0,1,0,1,0,0,0,0,1,4,0,0,25,1,Russian,85.wav,data/Emotify\electronic\85.wav
285,electronic,0,0,0,1,0,0,0,0,0,4,1,0,23,1,Russian,85.wav,data/Emotify\electronic\85.wav
285,electronic,0,0,0,0,0,0,0,1,0,3,0,1,32,1,English,85.wav,data/Emotify\electronic\85.wav
285,electronic,0,1,0,1,1,0,0,0,0,4,0,0,25,1,Russian,85.wav,data/Emotify\electronic\85.wav
286,electronic,0,1,0,0,1,0,0,0,1,1,0,0,26,1,Russian,86.wav,data/Emotify\electronic\86.wav
286,electronic,0,0,0,0,0,0,0,1,0,3,0,1,21,0,Portuguese,86.wav,data/Emotify\electronic\86.wav
286,electronic,0,0,0,0,0,0,0,1,0,4,0,1,33,0,Hungarian,86.wav,data/Emotify\electronic\86.wav
286,electronic,0,0,0,0,0,1,1,1,0,4,0,1,26,0,Dutch,86.wav,data/Emotify\electronic\86.wav
286,electronic,0,0,0,0,0,0,0,1,0,3,0,0,46,1,Dutch,86.wav,data/Emotify\electronic\86.wav
286,electronic,0,0,0,1,0,0,0,1,0,3,0,0,60,0,Dutch,86.wav,data/Emotify\electronic\86.wav
286,electronic,0,0,0,0,0,1,0,0,0,4,0,0,22,1,Dutch,86.wav,data/Emotify\electronic\86.wav
286,electronic,0,1,0,0,0,0,0,1,0,5,1,0,37,0,Arabic,86.wav,data/Emotify\electronic\86.wav
286,electronic,0,0,0,0,0,1,1,0,0,2,1,0,35,1,English,86.wav,data/Emotify\electronic\86.wav
286,electronic,0,0,0,0,1,0,0,0,0,4,0,0,25,1,Russian,86.wav,data/Emotify\electronic\86.wav
286,electronic,0,0,0,0,0,1,1,1,0,5,0,0,23,0,English,86.wav,data/Emotify\electronic\86.wav
287,electronic,0,0,0,0,1,0,0,1,0,4,0,1,26,0,English,87.wav,data/Emotify\electronic\87.wav
287,electronic,0,0,0,0,0,0,1,0,0,4,1,0,25,1,Dutch,87.wav,data/Emotify\electronic\87.wav
287,electronic,0,0,1,0,0,0,0,0,0,2,1,0,26,1,Czech,87.wav,data/Emotify\electronic\87.wav
287,electronic,0,0,0,0,1,0,0,0,1,4,0,1,45,0,English,87.wav,data/Emotify\electronic\87.wav
287,electronic,1,1,0,0,0,1,0,0,0,5,0,0,31,0,English,87.wav,data/Emotify\electronic\87.wav
287,electronic,0,0,0,1,0,0,0,0,0,4,0,0,47,0,Dutch,87.wav,data/Emotify\electronic\87.wav
287,electronic,0,0,0,0,0,0,1,0,0,3,0,1,18,0,English,87.wav,data/Emotify\electronic\87.wav
287,electronic,0,0,0,0,0,1,1,0,0,2,0,1,35,1,English,87.wav,data/Emotify\electronic\87.wav
287,electronic,0,0,0,0,1,0,1,0,0,1,0,0,26,1,Russian,87.wav,data/Emotify\electronic\87.wav
287,electronic,1,0,0,0,1,0,1,0,0,5,0,0,39,0,Spanish,87.wav,data/Emotify\electronic\87.wav
287,electronic,0,0,1,0,1,0,1,0,0,4,0,0,45,0,Dutch,87.wav,data/Emotify\electronic\87.wav
288,electronic,1,1,0,0,0,0,0,0,0,4,1,0,45,0,English,88.wav,data/Emotify\electronic\88.wav
288,electronic,1,1,0,0,0,1,0,0,0,4,0,0,45,0,Dutch,88.wav,data/Emotify\electronic\88.wav
288,electronic,0,0,0,0,1,0,1,0,0,4,0,0,47,0,Dutch,88.wav,data/Emotify\electronic\88.wav
288,electronic,0,1,0,0,1,0,1,0,0,3,0,0,23,1,Czech,88.wav,data/Emotify\electronic\88.wav
288,electronic,0,0,0,1,1,0,1,0,0,4,0,0,30,0,Dutch,88.wav,data/Emotify\electronic\88.wav
288,electronic,0,1,0,0,1,0,1,0,0,2,1,0,35,1,English,88.wav,data/Emotify\electronic\88.wav
288,electronic,0,0,0,1,0,0,0,0,1,3,1,1,31,0,Chinese,88.wav,data/Emotify\electronic\88.wav
288,electronic,1,0,0,0,0,0,1,1,0,4,1,1,24,1,Slovenian,88.wav,data/Emotify\electronic\88.wav
288,electronic,0,0,0,1,1,0,0,1,0,4,0,0,47,0,Italian,88.wav,data/Emotify\electronic\88.wav
288,electronic,0,1,0,0,1,0,0,0,0,1,0,0,26,1,Russian,88.wav,data/Emotify\electronic\88.wav
288,electronic,0,0,0,0,1,0,0,0,0,4,1,0,23,1,Russian,88.wav,data/Emotify\electronic\88.wav
289,electronic,0,0,0,0,1,0,0,0,1,4,0,1,31,0,English,89.wav,data/Emotify\electronic\89.wav
289,electronic,0,0,0,0,1,0,0,0,0,3,1,0,20,1,Spanish,89.wav,data/Emotify\electronic\89.wav
289,electronic,0,1,1,0,0,1,0,0,0,5,1,0,18,0,Swedish,89.wav,data/Emotify\electronic\89.wav
289,electronic,0,1,0,0,0,0,1,0,0,5,1,0,54,0,Estonian,89.wav,data/Emotify\electronic\89.wav
289,electronic,0,1,0,0,1,0,0,0,1,1,0,0,26,1,Russian,89.wav,data/Emotify\electronic\89.wav
289,electronic,0,1,0,0,0,0,0,1,1,4,0,0,25,1,Russian,89.wav,data/Emotify\electronic\89.wav
289,electronic,1,0,0,0,0,1,1,0,0,3,1,0,21,1,Estonian,89.wav,data/Emotify\electronic\89.wav
289,electronic,1,1,0,0,1,0,0,0,0,5,1,0,33,0,English,89.wav,data/Emotify\electronic\89.wav
289,electronic,0,0,0,1,1,0,0,0,1,4,0,0,25,1,Russian,89.wav,data/Emotify\electronic\89.wav
289,electronic,0,0,0,0,0,0,0,0,1,3,0,0,39,0,Dutch,89.wav,data/Emotify\electronic\89.wav
289,electronic,0,1,0,0,1,0,0,0,0,4,1,0,25,0,English,89.wav,data/Emotify\electronic\89.wav
290,electronic,0,0,0,0,0,1,0,1,0,4,0,1,45,0,English,90.wav,data/Emotify\electronic\90.wav
290,electronic,0,0,0,0,0,0,0,1,0,3,0,1,62,0,Dutch,90.wav,data/Emotify\electronic\90.wav
290,electronic,0,0,0,0,0,0,0,1,0,2,0,1,32,0,English,90.wav,data/Emotify\electronic\90.wav
290,electronic,0,0,0,1,1,1,0,0,0,4,1,0,47,0,Dutch,90.wav,data/Emotify\electronic\90.wav
290,electronic,1,0,0,0,1,0,1,0,0,5,0,0,18,0,Swedish,90.wav,data/Emotify\electronic\90.wav
290,electronic,0,0,0,1,1,1,0,0,0,3,1,0,14,0,Dutch,90.wav,data/Emotify\electronic\90.wav
290,electronic,0,1,0,0,0,1,0,1,0,5,1,0,18,0,Russian,90.wav,data/Emotify\electronic\90.wav
290,electronic,0,1,0,0,1,0,1,0,0,3,1,0,26,1,Russian,90.wav,data/Emotify\electronic\90.wav
290,electronic,0,0,0,1,0,0,0,0,0,3,0,1,21,1,Estonian,90.wav,data/Emotify\electronic\90.wav
290,electronic,0,0,0,0,1,1,1,0,0,4,1,0,25,0,English,90.wav,data/Emotify\electronic\90.wav
290,electronic,0,0,0,0,0,0,1,0,0,4,1,0,63,0,Dutch,90.wav,data/Emotify\electronic\90.wav
291,electronic,0,1,0,0,1,0,0,0,0,3,0,0,33,0,Dutch,91.wav,data/Emotify\electronic\91.wav
291,electronic,0,1,1,0,1,0,0,0,0,2,1,0,32,0,Dutch,91.wav,data/Emotify\electronic\91.wav
291,electronic,0,0,0,0,1,0,0,0,0,2,0,1,32,0,English,91.wav,data/Emotify\electronic\91.wav
291,electronic,0,0,0,1,0,0,1,0,0,4,1,0,47,0,Dutch,91.wav,data/Emotify\electronic\91.wav
291,electronic,0,1,0,0,0,1,0,1,0,5,1,0,18,0,Swedish,91.wav,data/Emotify\electronic\91.wav
291,electronic,0,0,0,1,1,0,0,0,0,3,0,0,28,0,Russian,91.wav,data/Emotify\electronic\91.wav
291,electronic,0,1,0,0,0,0,0,1,1,3,0,1,14,0,Dutch,91.wav,data/Emotify\electronic\91.wav
291,electronic,0,1,0,0,1,1,0,0,0,2,1,0,47,1,Dutch,91.wav,data/Emotify\electronic\91.wav
291,electronic,0,1,1,1,0,0,0,0,0,4,1,0,25,0,English,91.wav,data/Emotify\electronic\91.wav
291,electronic,0,0,0,0,1,0,0,0,0,4,1,0,25,0,English,91.wav,data/Emotify\electronic\91.wav
291,electronic,0,0,0,0,0,0,0,1,0,4,0,1,63,0,Dutch,91.wav,data/Emotify\electronic\91.wav
292,electronic,0,0,0,0,1,0,0,0,0,3,0,0,33,0,Dutch,92.wav,data/Emotify\electronic\92.wav
292,electronic,1,1,0,0,1,0,0,0,0,3,0,1,14,0,Dutch,92.wav,data/Emotify\electronic\92.wav
292,electronic,0,0,0,0,0,0,0,1,0,2,0,1,32,0,English,92.wav,data/Emotify\electronic\92.wav
292,electronic,1,0,0,0,0,0,1,0,0,4,1,0,47,0,Dutch,92.wav,data/Emotify\electronic\92.wav
292,electronic,0,0,0,0,0,0,0,1,0,2,0,0,31,1,Finnish,92.wav,data/Emotify\electronic\92.wav
292,electronic,0,0,0,0,0,1,1,1,0,2,0,1,47,1,Dutch,92.wav,data/Emotify\electronic\92.wav
292,electronic,0,0,0,0,0,0,1,0,0,3,1,0,23,0,English,92.wav,data/Emotify\electronic\92.wav
292,electronic,0,0,0,0,0,1,0,0,0,4,0,1,63,0,Dutch,92.wav,data/Emotify\electronic\92.wav
292,electronic,0,1,0,0,0,1,1,0,0,4,1,0,11,1,Estonian,92.wav,data/Emotify\electronic\92.wav
292,electronic,0,0,0,0,0,0,1,1,0,1,0,0,26,1,Russian,92.wav,data/Emotify\electronic\92.wav
292,electronic,0,0,0,0,1,1,1,0,0,2,1,0,32,0,Dutch,92.wav,data/Emotify\electronic\92.wav
293,electronic,0,0,0,0,0,0,0,1,0,2,0,1,16,1,Chinese,93.wav,data/Emotify\electronic\93.wav
293,electronic,0,0,0,0,0,0,0,1,0,2,0,1,32,0,English,93.wav,data/Emotify\electronic\93.wav
293,electronic,0,1,0,0,0,1,1,0,0,4,0,0,30,0,Dutch,93.wav,data/Emotify\electronic\93.wav
293,electronic,0,0,0,0,0,1,0,1,0,1,0,0,26,1,Russian,93.wav,data/Emotify\electronic\93.wav
293,electronic,0,0,0,0,0,0,1,0,0,4,1,0,26,1,Dutch,93.wav,data/Emotify\electronic\93.wav
293,electronic,0,0,0,0,0,1,0,0,0,3,1,0,21,1,Estonian,93.wav,data/Emotify\electronic\93.wav
293,electronic,0,0,0,0,0,1,0,0,0,3,1,0,21,1,Estonian,93.wav,data/Emotify\electronic\93.wav
293,electronic,0,0,1,0,0,1,0,1,0,4,0,1,11,1,Estonian,93.wav,data/Emotify\electronic\93.wav
293,electronic,0,1,0,0,1,0,1,0,0,2,1,0,32,0,Dutch,93.wav,data/Emotify\electronic\93.wav
293,electronic,1,0,0,1,0,1,0,0,0,3,0,0,14,0,Dutch,93.wav,data/Emotify\electronic\93.wav
293,electronic,0,0,0,0,0,1,1,0,0,3,1,0,18,1,Dutch,93.wav,data/Emotify\electronic\93.wav
294,electronic,0,0,0,0,1,0,0,0,0,5,0,0,29,1,Russian,94.wav,data/Emotify\electronic\94.wav
294,electronic,0,0,0,0,1,0,0,0,1,4,0,0,16,0,Russian,94.wav,data/Emotify\electronic\94.wav
294,electronic,1,0,0,0,1,0,1,0,0,5,1,0,24,0,Russian,94.wav,data/Emotify\electronic\94.wav
294,electronic,0,0,1,0,0,0,0,1,0,2,0,1,35,0,Dutch,94.wav,data/Emotify\electronic\94.wav
294,electronic,1,0,1,0,1,0,0,0,0,1,1,0,33,0,Dutch,94.wav,data/Emotify\electronic\94.wav
294,electronic,0,0,0,0,0,0,0,0,0,3,0,1,21,1,Estonian,94.wav,data/Emotify\electronic\94.wav
294,electronic,0,0,0,0,0,0,0,0,0,4,0,1,41,0,Dutch,94.wav,data/Emotify\electronic\94.wav
294,electronic,1,1,0,0,0,0,1,0,0,5,0,0,54,0,Estonian,94.wav,data/Emotify\electronic\94.wav
294,electronic,0,1,0,0,0,0,0,0,0,4,0,0,27,0,French,94.wav,data/Emotify\electronic\94.wav
294,electronic,0,0,0,1,0,0,0,0,0,3,0,0,21,1,English,94.wav,data/Emotify\electronic\94.wav
294,electronic,0,0,0,0,0,1,0,0,0,4,1,0,27,1,English,94.wav,data/Emotify\electronic\94.wav
295,electronic,0,0,1,0,1,0,0,0,0,1,1,0,31,0,Dutch,95.wav,data/Emotify\electronic\95.wav
295,electronic,0,0,0,0,1,0,0,0,0,4,0,1,54,1,English,95.wav,data/Emotify\electronic\95.wav
295,electronic,0,1,0,0,1,0,0,0,0,5,0,0,31,0,English,95.wav,data/Emotify\electronic\95.wav
295,electronic,0,0,0,1,1,0,0,0,0,3,0,0,28,0,Russian,95.wav,data/Emotify\electronic\95.wav
295,electronic,0,0,0,1,0,0,0,0,0,3,1,0,21,1,Estonian,95.wav,data/Emotify\electronic\95.wav
295,electronic,0,0,0,0,1,0,0,0,0,4,0,0,22,1,Dutch,95.wav,data/Emotify\electronic\95.wav
295,electronic,0,1,0,0,1,0,0,0,1,4,1,0,11,1,Estonian,95.wav,data/Emotify\electronic\95.wav
295,electronic,0,0,0,0,0,0,0,0,1,4,1,0,23,1,Russian,95.wav,data/Emotify\electronic\95.wav
295,electronic,1,0,0,0,0,0,0,1,0,4,0,0,29,0,Spanish,95.wav,data/Emotify\electronic\95.wav
295,electronic,0,0,0,0,0,0,0,0,1,4,1,0,23,1,Russian,95.wav,data/Emotify\electronic\95.wav
295,electronic,0,0,0,0,0,0,0,1,0,3,1,0,18,1,Dutch,95.wav,data/Emotify\electronic\95.wav
296,electronic,0,0,0,0,1,0,0,1,0,4,1,0,22,0,English,96.wav,data/Emotify\electronic\96.wav
296,electronic,0,0,1,0,0,0,1,0,0,4,0,0,41,0,English,96.wav,data/Emotify\electronic\96.wav
296,electronic,0,0,1,0,0,0,0,0,0,4,1,0,24,0,Russian,96.wav,data/Emotify\electronic\96.wav
296,electronic,0,0,0,0,0,0,0,1,0,5,0,0,46,0,Dutch,96.wav,data/Emotify\electronic\96.wav
296,electronic,0,0,0,0,1,1,1,0,0,5,0,0,29,0,English,96.wav,data/Emotify\electronic\96.wav
296,electronic,0,0,0,0,1,0,1,0,0,2,1,0,35,0,Dutch,96.wav,data/Emotify\electronic\96.wav
296,electronic,0,0,0,1,0,0,1,1,0,4,0,0,30,0,Hebrew,96.wav,data/Emotify\electronic\96.wav
296,electronic,0,0,0,0,1,0,1,0,1,1,0,0,26,1,Russian,96.wav,data/Emotify\electronic\96.wav
296,electronic,0,1,0,0,0,1,1,0,0,5,1,0,33,0,English,96.wav,data/Emotify\electronic\96.wav
296,electronic,0,0,0,1,0,0,0,0,0,4,0,0,23,1,Russian,96.wav,data/Emotify\electronic\96.wav
296,electronic,0,0,1,1,1,0,0,0,0,3,1,1,18,0,Dutch,96.wav,data/Emotify\electronic\96.wav
297,electronic,0,0,0,0,1,1,1,0,0,3,1,0,28,0,Russian,97.wav,data/Emotify\electronic\97.wav
297,electronic,0,0,0,0,0,0,0,1,0,4,0,0,33,1,Greek,97.wav,data/Emotify\electronic\97.wav
297,electronic,0,1,0,0,0,1,0,0,0,5,1,0,54,0,Estonian,97.wav,data/Emotify\electronic\97.wav
297,electronic,0,1,0,0,0,0,0,0,0,2,0,0,31,1,Finnish,97.wav,data/Emotify\electronic\97.wav
297,electronic,0,1,0,0,0,0,0,1,1,1,0,0,26,1,Russian,97.wav,data/Emotify\electronic\97.wav
297,electronic,0,1,0,0,1,0,0,0,0,3,1,0,50,1,English,97.wav,data/Emotify\electronic\97.wav
297,electronic,0,1,0,0,0,1,0,0,1,4,0,0,25,1,Russian,97.wav,data/Emotify\electronic\97.wav
297,electronic,0,0,0,0,0,0,0,0,0,4,0,1,41,0,Dutch,97.wav,data/Emotify\electronic\97.wav
297,electronic,0,0,0,0,0,1,0,1,1,4,0,0,65,0,French,97.wav,data/Emotify\electronic\97.wav
297,electronic,0,0,0,0,0,0,0,0,0,5,0,1,26,1,English,97.wav,data/Emotify\electronic\97.wav
297,electronic,0,0,0,0,0,1,0,1,1,4,0,0,25,1,Russian,97.wav,data/Emotify\electronic\97.wav
298,electronic,0,0,0,0,0,0,0,0,1,3,0,1,28,0,Russian,98.wav,data/Emotify\electronic\98.wav
298,electronic,1,0,0,0,0,1,1,0,0,5,0,0,39,0,Spanish,98.wav,data/Emotify\electronic\98.wav
298,electronic,0,0,0,0,1,0,0,0,0,4,0,1,23,0,Dutch,98.wav,data/Emotify\electronic\98.wav
298,electronic,1,0,0,0,0,0,1,0,0,5,1,0,54,0,Estonian,98.wav,data/Emotify\electronic\98.wav
298,electronic,0,0,0,1,1,0,0,0,0,3,1,0,50,1,English,98.wav,data/Emotify\electronic\98.wav
298,electronic,0,0,1,1,1,0,0,0,0,1,1,0,25,1,Russian,98.wav,data/Emotify\electronic\98.wav
298,electronic,0,1,0,0,1,0,1,0,0,4,1,0,19,0,English,98.wav,data/Emotify\electronic\98.wav
298,electronic,0,0,0,0,0,0,1,0,0,4,1,0,65,0,French,98.wav,data/Emotify\electronic\98.wav
298,electronic,0,0,0,0,0,0,1,0,1,3,0,0,21,1,English,98.wav,data/Emotify\electronic\98.wav
298,electronic,0,0,0,0,0,0,0,1,1,1,0,0,26,1,Russian,98.wav,data/Emotify\electronic\98.wav
298,electronic,0,1,0,0,0,1,1,0,0,2,0,1,19,1,English,98.wav,data/Emotify\electronic\98.wav
299,electronic,0,0,0,0,0,0,0,0,1,3,0,1,28,0,Russian,99.wav,data/Emotify\electronic\99.wav
299,electronic,0,1,0,0,0,0,0,0,1,3,0,0,25,1,Russian,99.wav,data/Emotify\electronic\99.wav
299,electronic,0,0,0,0,1,1,0,1,0,4,0,0,25,0,Dutch,99.wav,data/Emotify\electronic\99.wav
299,electronic,0,0,0,0,0,0,0,1,0,3,0,1,20,1,Spanish,99.wav,data/Emotify\electronic\99.wav
299,electronic,1,1,0,0,0,0,1,0,0,5,1,0,54,0,Estonian,99.wav,data/Emotify\electronic\99.wav
299,electronic,0,0,0,0,0,0,0,0,1,2,0,0,34,0,Dutch,99.wav,data/Emotify\electronic\99.wav
299,electronic,0,0,0,0,0,0,0,1,0,2,0,1,23,1,Dutch,99.wav,data/Emotify\electronic\99.wav
299,electronic,0,1,1,0,1,0,0,0,0,5,1,0,37,0,Arabic,99.wav,data/Emotify\electronic\99.wav
299,electronic,0,1,0,0,0,0,0,0,0,4,1,0,34,0,English,99.wav,data/Emotify\electronic\99.wav
299,electronic,0,1,0,0,0,0,0,1,0,4,0,0,23,0,Dutch,99.wav,data/Emotify\electronic\99.wav
299,electronic,0,1,0,1,1,0,0,0,0,3,1,0,50,1,English,99.wav,data/Emotify\electronic\99.wav
300,electronic,0,0,0,0,0,0,1,0,0,3,0,1,25,1,Russian,100.wav,data/Emotify\electronic\100.wav
300,electronic,0,0,0,0,0,0,1,1,1,4,0,1,26,0,Dutch,100.wav,data/Emotify\electronic\100.wav
300,electronic,0,0,0,0,0,1,1,0,0,5,1,0,54,0,Estonian,100.wav,data/Emotify\electronic\100.wav
300,electronic,0,0,0,1,0,1,1,0,0,4,1,0,30,0,Dutch,100.wav,data/Emotify\electronic\100.wav
300,electronic,0,0,0,0,0,0,0,1,0,2,0,1,23,1,Dutch,100.wav,data/Emotify\electronic\100.wav
300,electronic,1,0,1,0,1,0,0,0,0,5,1,0,37,0,Arabic,100.wav,data/Emotify\electronic\100.wav
300,electronic,0,0,0,0,0,0,0,1,0,3,0,1,25,1,Russian,100.wav,data/Emotify\electronic\100.wav
300,electronic,0,0,0,0,0,0,1,0,0,3,0,1,50,1,English,100.wav,data/Emotify\electronic\100.wav
300,electronic,0,0,0,0,0,1,0,1,0,1,0,0,26,1,Russian,100.wav,data/Emotify\electronic\100.wav
300,electronic,0,0,0,0,0,1,0,0,0,4,0,0,34,0,English,100.wav,data/Emotify\electronic\100.wav
300,electronic,0,0,0,0,0,1,0,0,0,3,1,0,28,0,Russian,100.wav,data/Emotify\electronic\100.wav
301,pop,1,0,0,0,1,0,1,0,0,3,1,0,16,0,English,1.wav,data/Emotify\pop\1.wav
301,pop,0,0,1,0,1,0,1,0,0,3,1,0,22,0,Spanish,1.wav,data/Emotify\pop\1.wav
301,pop,0,0,0,0,1,0,0,0,0,5,0,0,20,0,English,1.wav,data/Emotify\pop\1.wav
301,pop,0,0,1,0,0,0,0,0,0,5,0,1,23,1,English,1.wav,data/Emotify\pop\1.wav
301,pop,0,1,0,1,0,0,0,1,0,3,0,1,37,0,Dutch,1.wav,data/Emotify\pop\1.wav
301,pop,0,0,1,0,0,0,0,0,0,5,1,0,44,0,English,1.wav,data/Emotify\pop\1.wav
301,pop,0,0,0,1,0,0,0,0,0,4,0,1,37,0,German,1.wav,data/Emotify\pop\1.wav
301,pop,0,0,0,1,0,1,1,0,0,4,1,0,17,1,French,1.wav,data/Emotify\pop\1.wav
301,pop,0,0,0,0,1,0,0,0,0,3,0,0,22,0,Russian,1.wav,data/Emotify\pop\1.wav
301,pop,1,0,0,1,1,0,0,0,0,2,0,1,25,1,Russian,1.wav,data/Emotify\pop\1.wav
301,pop,0,0,0,0,0,0,0,1,0,5,0,1,25,1,English,1.wav,data/Emotify\pop\1.wav
301,pop,0,0,1,1,1,0,0,0,0,4,1,0,32,0,Hindi,1.wav,data/Emotify\pop\1.wav
301,pop,0,0,0,0,0,0,1,0,0,3,1,0,16,0,Chinese,1.wav,data/Emotify\pop\1.wav
301,pop,0,0,1,1,0,0,1,0,0,3,0,0,34,0,Latvian,1.wav,data/Emotify\pop\1.wav
301,pop,0,0,0,0,0,0,0,0,1,3,0,1,21,0,Dutch,1.wav,data/Emotify\pop\1.wav
301,pop,0,0,1,1,1,0,0,0,0,3,1,0,27,0,Spanish,1.wav,data/Emotify\pop\1.wav
301,pop,0,0,0,0,1,0,1,1,0,3,0,0,26,1,Russian,1.wav,data/Emotify\pop\1.wav
301,pop,1,0,1,0,0,0,1,0,0,5,0,0,25,1,Russian,1.wav,data/Emotify\pop\1.wav
301,pop,1,0,1,0,0,0,0,0,0,4,0,0,36,0,Italian,1.wav,data/Emotify\pop\1.wav
301,pop,0,0,0,0,0,0,0,1,0,3,0,0,33,1,English,1.wav,data/Emotify\pop\1.wav
301,pop,0,0,1,0,0,0,0,0,0,3,1,0,20,0,Romanian,1.wav,data/Emotify\pop\1.wav
301,pop,0,0,0,0,0,0,0,1,0,4,0,0,32,1,Spanish,1.wav,data/Emotify\pop\1.wav
301,pop,0,0,1,0,1,0,1,0,0,5,1,0,40,0,French,1.wav,data/Emotify\pop\1.wav
301,pop,0,0,0,1,0,0,0,0,0,4,1,0,34,1,Polish,1.wav,data/Emotify\pop\1.wav
301,pop,0,0,1,1,1,0,0,0,0,3,0,1,25,1,English,1.wav,data/Emotify\pop\1.wav
301,pop,0,0,0,1,0,0,0,0,0,2,0,1,56,0,Dutch,1.wav,data/Emotify\pop\1.wav
301,pop,0,0,0,0,0,0,1,0,0,3,0,0,22,0,Dutch,1.wav,data/Emotify\pop\1.wav
301,pop,0,0,1,1,0,0,0,0,0,4,0,1,32,0,English,1.wav,data/Emotify\pop\1.wav
301,pop,0,0,0,1,0,0,0,0,0,3,0,0,36,1,Spanish,1.wav,data/Emotify\pop\1.wav
301,pop,1,0,0,0,0,1,1,0,0,3,1,0,18,1,English,1.wav,data/Emotify\pop\1.wav
301,pop,0,0,0,0,0,0,1,0,1,4,0,0,20,0,English,1.wav,data/Emotify\pop\1.wav
301,pop,1,0,1,0,0,0,1,0,0,5,0,0,39,1,French,1.wav,data/Emotify\pop\1.wav
301,pop,0,0,1,1,0,0,0,0,1,4,0,0,22,0,English,1.wav,data/Emotify\pop\1.wav
301,pop,0,0,0,1,0,0,0,0,0,3,1,0,19,0,English,1.wav,data/Emotify\pop\1.wav
301,pop,1,0,1,0,1,0,0,0,0,2,0,1,15,1,English,1.wav,data/Emotify\pop\1.wav
301,pop,0,0,0,0,1,0,0,0,0,3,1,0,20,0,Italian,1.wav,data/Emotify\pop\1.wav
301,pop,0,0,0,0,0,0,1,0,0,3,0,1,21,0,English,1.wav,data/Emotify\pop\1.wav
301,pop,0,0,0,0,0,0,0,1,0,3,0,1,43,0,English,1.wav,data/Emotify\pop\1.wav
301,pop,1,0,1,1,0,0,0,0,0,4,0,0,19,0,Dutch,1.wav,data/Emotify\pop\1.wav
301,pop,1,0,0,1,0,0,1,0,0,4,1,0,18,1,Russian,1.wav,data/Emotify\pop\1.wav
301,pop,0,0,0,0,0,0,0,0,0,2,0,1,17,0,English,1.wav,data/Emotify\pop\1.wav
301,pop,1,0,1,0,1,0,0,0,0,4,1,0,42,0,Russian,1.wav,data/Emotify\pop\1.wav
301,pop,0,0,1,0,0,0,0,0,0,4,1,0,42,0,Dutch,1.wav,data/Emotify\pop\1.wav
301,pop,1,0,0,1,0,0,0,0,0,3,0,0,46,1,Dutch,1.wav,data/Emotify\pop\1.wav
301,pop,0,0,0,1,0,0,1,0,1,1,0,0,25,1,Russian,1.wav,data/Emotify\pop\1.wav
301,pop,0,0,1,1,0,0,0,0,0,5,0,0,21,0,English,1.wav,data/Emotify\pop\1.wav
301,pop,0,0,1,0,0,0,1,0,0,4,0,1,26,1,Dutch,1.wav,data/Emotify\pop\1.wav
301,pop,1,0,0,1,0,0,0,0,0,3,0,0,46,1,Dutch,1.wav,data/Emotify\pop\1.wav
301,pop,0,0,1,0,0,0,1,0,0,4,0,0,42,0,English,1.wav,data/Emotify\pop\1.wav
301,pop,0,0,1,0,0,0,0,0,0,4,0,1,19,0,English,1.wav,data/Emotify\pop\1.wav
301,pop,0,0,0,0,1,0,0,0,0,3,0,0,24,0,Russian,1.wav,data/Emotify\pop\1.wav
301,pop,0,0,0,0,0,0,0,1,1,5,0,1,23,0,English,1.wav,data/Emotify\pop\1.wav
301,pop,1,0,0,1,1,0,0,0,0,5,1,0,20,1,English,1.wav,data/Emotify\pop\1.wav
302,pop,0,0,1,0,1,0,1,0,0,3,1,0,37,0,Dutch,2.wav,data/Emotify\pop\2.wav
302,pop,0,0,1,1,0,0,0,0,0,3,1,0,27,0,Spanish,2.wav,data/Emotify\pop\2.wav
302,pop,0,0,0,1,0,0,0,0,0,5,0,0,44,0,English,2.wav,data/Emotify\pop\2.wav
302,pop,0,0,1,1,0,0,0,0,0,4,0,1,37,0,German,2.wav,data/Emotify\pop\2.wav
302,pop,0,0,0,1,1,0,1,0,0,4,1,0,17,1,French,2.wav,data/Emotify\pop\2.wav
302,pop,0,0,0,0,1,0,0,0,0,3,0,0,22,0,Russian,2.wav,data/Emotify\pop\2.wav
302,pop,0,0,1,0,0,0,1,0,0,4,0,0,21,0,English,2.wav,data/Emotify\pop\2.wav
302,pop,0,0,0,0,1,0,0,0,0,3,0,0,34,0,Latvian,2.wav,data/Emotify\pop\2.wav
302,pop,0,0,1,0,1,0,0,0,1,2,0,1,25,1,Russian,2.wav,data/Emotify\pop\2.wav
302,pop,1,0,0,1,0,0,1,0,0,4,1,0,47,1,Dutch,2.wav,data/Emotify\pop\2.wav
302,pop,0,0,0,1,1,0,1,0,0,4,1,0,32,0,Hindi,2.wav,data/Emotify\pop\2.wav
302,pop,0,0,0,0,0,0,1,0,0,4,1,0,35,0,English,2.wav,data/Emotify\pop\2.wav
302,pop,0,1,0,0,0,0,0,0,0,2,0,1,15,1,English,2.wav,data/Emotify\pop\2.wav
302,pop,0,1,0,0,0,1,1,0,0,3,0,0,26,1,Russian,2.wav,data/Emotify\pop\2.wav
302,pop,0,0,1,1,0,0,1,0,0,4,1,0,23,1,Swedish,2.wav,data/Emotify\pop\2.wav
302,pop,0,1,0,0,0,0,0,0,0,5,0,1,22,0,English,2.wav,data/Emotify\pop\2.wav
302,pop,0,0,1,0,1,0,0,0,0,3,1,0,25,1,English,2.wav,data/Emotify\pop\2.wav
302,pop,0,0,1,0,0,0,0,0,0,3,0,0,33,1,English,2.wav,data/Emotify\pop\2.wav
302,pop,0,0,0,1,1,0,0,0,0,3,1,0,20,0,Romanian,2.wav,data/Emotify\pop\2.wav
302,pop,0,0,0,0,1,0,0,0,1,4,1,0,32,0,English,2.wav,data/Emotify\pop\2.wav
302,pop,0,0,1,0,1,0,1,0,0,5,0,1,40,0,French,2.wav,data/Emotify\pop\2.wav
302,pop,0,1,0,1,0,0,0,0,1,3,1,0,34,0,English,2.wav,data/Emotify\pop\2.wav
302,pop,0,0,0,0,1,0,0,0,0,3,0,0,22,0,Dutch,2.wav,data/Emotify\pop\2.wav
302,pop,1,0,0,1,1,0,0,0,0,3,1,0,19,0,English,2.wav,data/Emotify\pop\2.wav
302,pop,0,0,0,0,1,0,0,0,0,3,0,0,36,1,Spanish,2.wav,data/Emotify\pop\2.wav
302,pop,0,0,0,0,0,0,0,1,0,4,0,0,33,0,English,2.wav,data/Emotify\pop\2.wav
302,pop,0,0,0,1,0,0,0,0,0,3,1,0,43,0,English,2.wav,data/Emotify\pop\2.wav
302,pop,0,0,1,0,0,0,0,1,1,4,0,1,22,0,English,2.wav,data/Emotify\pop\2.wav
302,pop,0,0,1,1,1,0,0,0,0,4,1,0,16,1,Swedish,2.wav,data/Emotify\pop\2.wav
302,pop,0,0,1,0,0,0,1,0,0,4,0,0,42,0,English,2.wav,data/Emotify\pop\2.wav
302,pop,0,0,0,0,0,0,1,0,0,4,1,0,19,0,English,2.wav,data/Emotify\pop\2.wav
302,pop,0,0,1,1,0,0,1,0,0,5,1,0,56,0,English,2.wav,data/Emotify\pop\2.wav
302,pop,0,0,1,0,1,0,1,0,0,3,0,0,27,1,Russian,2.wav,data/Emotify\pop\2.wav
302,pop,0,0,1,0,1,0,0,0,0,1,0,0,25,1,Russian,2.wav,data/Emotify\pop\2.wav
302,pop,1,0,1,0,0,0,0,0,0,4,1,0,42,0,Dutch,2.wav,data/Emotify\pop\2.wav
302,pop,0,0,0,1,0,0,1,0,0,5,1,0,61,0,English,2.wav,data/Emotify\pop\2.wav
302,pop,0,0,0,0,0,0,0,1,1,5,0,0,23,0,English,2.wav,data/Emotify\pop\2.wav
302,pop,0,0,0,0,1,0,0,0,0,3,0,1,23,0,Russian,2.wav,data/Emotify\pop\2.wav
302,pop,0,0,1,0,1,0,0,0,0,5,0,1,25,1,Russian,2.wav,data/Emotify\pop\2.wav
302,pop,0,0,1,1,1,0,0,0,0,3,0,0,35,0,Italian,2.wav,data/Emotify\pop\2.wav
302,pop,0,0,0,0,0,0,0,1,0,2,0,1,45,0,Dutch,2.wav,data/Emotify\pop\2.wav
302,pop,0,1,0,1,1,0,0,0,0,3,0,1,29,1,Spanish,2.wav,data/Emotify\pop\2.wav
302,pop,0,0,0,0,1,0,0,0,1,5,0,1,20,1,English,2.wav,data/Emotify\pop\2.wav
302,pop,0,0,0,0,1,0,0,0,0,3,0,0,58,0,English,2.wav,data/Emotify\pop\2.wav
302,pop,0,0,1,0,0,0,0,0,0,5,0,0,23,1,English,2.wav,data/Emotify\pop\2.wav
303,pop,0,1,0,0,1,0,0,0,0,4,1,0,16,1,Swedish,3.wav,data/Emotify\pop\3.wav
303,pop,0,0,0,0,0,0,0,0,1,5,0,1,44,0,English,3.wav,data/Emotify\pop\3.wav
303,pop,0,0,0,0,0,0,0,0,1,4,1,0,41,1,Russian,3.wav,data/Emotify\pop\3.wav
303,pop,0,0,0,0,0,0,0,1,0,4,0,1,17,1,French,3.wav,data/Emotify\pop\3.wav
303,pop,0,0,0,0,0,0,0,0,0,3,1,0,99,0,English,3.wav,data/Emotify\pop\3.wav
303,pop,0,0,0,0,0,0,0,1,0,4,0,0,29,0,English,3.wav,data/Emotify\pop\3.wav
303,pop,0,0,0,0,0,0,0,1,0,4,0,1,21,0,English,3.wav,data/Emotify\pop\3.wav
303,pop,0,0,1,0,1,0,0,0,0,5,1,0,30,1,English,3.wav,data/Emotify\pop\3.wav
303,pop,0,0,0,0,0,0,0,0,0,4,0,1,23,0,English,3.wav,data/Emotify\pop\3.wav
303,pop,0,1,1,0,1,0,0,0,0,5,0,0,25,1,English,3.wav,data/Emotify\pop\3.wav
303,pop,1,1,0,1,0,0,0,0,0,4,1,0,47,1,Dutch,3.wav,data/Emotify\pop\3.wav
303,pop,0,0,0,0,0,0,0,1,1,4,0,1,18,0,English,3.wav,data/Emotify\pop\3.wav
303,pop,0,0,0,0,0,0,0,1,1,3,0,1,19,0,English,3.wav,data/Emotify\pop\3.wav
303,pop,0,0,0,0,0,0,0,0,1,3,0,0,28,0,Russian,3.wav,data/Emotify\pop\3.wav
303,pop,0,0,0,0,0,0,0,0,1,3,0,1,21,0,Dutch,3.wav,data/Emotify\pop\3.wav
303,pop,0,0,1,0,0,0,0,0,0,5,0,1,22,0,English,3.wav,data/Emotify\pop\3.wav
303,pop,0,0,1,1,0,0,0,0,1,3,0,0,26,1,Russian,3.wav,data/Emotify\pop\3.wav
303,pop,0,0,0,0,0,0,0,1,0,4,0,0,30,0,English,3.wav,data/Emotify\pop\3.wav
303,pop,0,1,0,0,1,0,0,0,0,3,1,0,38,0,Croatian,3.wav,data/Emotify\pop\3.wav
303,pop,0,0,1,0,1,0,0,0,1,4,1,0,23,1,Swedish,3.wav,data/Emotify\pop\3.wav
303,pop,0,0,0,1,0,0,0,0,0,4,0,0,23,0,Spanish,3.wav,data/Emotify\pop\3.wav
303,pop,0,1,0,1,0,0,0,0,1,4,0,0,43,0,French,3.wav,data/Emotify\pop\3.wav
303,pop,0,0,1,1,0,0,0,0,0,4,0,0,36,0,Dutch,3.wav,data/Emotify\pop\3.wav
303,pop,0,0,1,1,0,0,0,0,0,4,0,0,32,0,English,3.wav,data/Emotify\pop\3.wav
303,pop,0,0,1,0,1,0,0,0,0,3,1,0,34,0,English,3.wav,data/Emotify\pop\3.wav
303,pop,0,1,0,0,0,0,0,1,0,3,0,0,33,1,English,3.wav,data/Emotify\pop\3.wav
303,pop,0,0,1,0,0,0,0,0,1,3,1,0,20,0,Romanian,3.wav,data/Emotify\pop\3.wav
303,pop,0,0,0,1,0,0,0,1,1,5,0,1,40,0,French,3.wav,data/Emotify\pop\3.wav
303,pop,0,0,1,1,0,0,0,0,0,3,1,0,43,0,English,3.wav,data/Emotify\pop\3.wav
303,pop,0,0,0,1,0,0,0,0,1,4,0,0,29,1,Romanian,3.wav,data/Emotify\pop\3.wav
303,pop,0,1,1,0,0,0,0,0,1,3,0,1,44,0,English,3.wav,data/Emotify\pop\3.wav
303,pop,0,1,0,1,0,0,0,1,0,3,0,1,34,0,English,3.wav,data/Emotify\pop\3.wav
303,pop,0,0,0,1,0,0,0,1,0,3,0,0,33,0,Russian,3.wav,data/Emotify\pop\3.wav
303,pop,0,0,0,0,1,0,0,0,1,4,0,1,22,0,English,3.wav,data/Emotify\pop\3.wav
303,pop,0,1,0,0,1,0,0,0,0,5,1,0,61,0,English,3.wav,data/Emotify\pop\3.wav
303,pop,0,0,1,0,1,0,0,0,0,3,0,0,30,1,English,3.wav,data/Emotify\pop\3.wav
303,pop,0,0,0,0,1,0,0,1,1,3,0,1,22,0,Dutch,3.wav,data/Emotify\pop\3.wav
303,pop,0,0,1,1,0,0,0,0,1,3,0,0,27,1,Russian,3.wav,data/Emotify\pop\3.wav
303,pop,0,0,0,1,0,0,0,0,1,5,1,0,29,1,Russian,3.wav,data/Emotify\pop\3.wav
303,pop,0,1,0,0,1,0,0,0,1,4,0,0,45,0,Dutch,3.wav,data/Emotify\pop\3.wav
303,pop,0,0,0,0,0,0,0,1,1,3,0,0,35,0,Italian,3.wav,data/Emotify\pop\3.wav
303,pop,0,0,0,0,1,0,0,0,0,4,0,1,35,1,English,3.wav,data/Emotify\pop\3.wav
303,pop,0,0,0,0,0,0,0,1,0,4,0,1,15,1,English,3.wav,data/Emotify\pop\3.wav
303,pop,0,0,0,1,0,0,0,1,1,5,0,1,40,1,Dutch,3.wav,data/Emotify\pop\3.wav
303,pop,0,0,0,0,1,0,0,0,0,3,0,1,23,0,Russian,3.wav,data/Emotify\pop\3.wav
303,pop,0,0,0,0,1,0,0,0,0,5,0,1,20,1,English,3.wav,data/Emotify\pop\3.wav
303,pop,0,0,0,1,1,0,0,0,0,2,0,0,25,1,Russian,3.wav,data/Emotify\pop\3.wav
303,pop,0,0,0,0,1,0,0,0,0,3,0,0,58,0,English,3.wav,data/Emotify\pop\3.wav
303,pop,0,0,1,0,0,0,0,0,0,3,0,0,24,0,English,3.wav,data/Emotify\pop\3.wav
303,pop,0,1,0,0,0,0,0,1,1,3,0,0,28,1,Russian,3.wav,data/Emotify\pop\3.wav
304,pop,0,0,0,1,0,1,0,1,0,4,0,1,23,1,English,4.wav,data/Emotify\pop\4.wav
304,pop,0,0,0,0,0,1,0,0,0,2,0,0,29,1,Russian,4.wav,data/Emotify\pop\4.wav
304,pop,0,1,0,0,0,0,1,0,0,4,1,0,18,0,English,4.wav,data/Emotify\pop\4.wav
304,pop,0,1,0,0,0,0,0,0,0,3,0,1,26,1,Chinese,4.wav,data/Emotify\pop\4.wav
304,pop,1,1,0,0,0,1,0,0,0,3,1,0,34,0,English,4.wav,data/Emotify\pop\4.wav
304,pop,0,0,0,0,0,1,0,0,0,4,1,0,30,0,English,4.wav,data/Emotify\pop\4.wav
304,pop,0,0,0,0,0,0,0,1,0,4,0,1,19,1,Dutch,4.wav,data/Emotify\pop\4.wav
304,pop,1,1,1,0,0,0,0,0,0,4,1,0,47,1,Dutch,4.wav,data/Emotify\pop\4.wav
304,pop,0,0,1,0,1,0,0,0,0,4,1,0,25,0,Russian,4.wav,data/Emotify\pop\4.wav
304,pop,0,0,0,0,0,0,0,0,1,3,0,1,41,1,Dutch,4.wav,data/Emotify\pop\4.wav
304,pop,0,1,0,1,0,0,0,0,1,2,0,1,54,1,English,4.wav,data/Emotify\pop\4.wav
304,pop,0,0,1,1,0,0,0,0,1,3,0,1,56,0,English,4.wav,data/Emotify\pop\4.wav
304,pop,0,0,1,0,0,0,0,1,1,3,0,1,26,1,Russian,4.wav,data/Emotify\pop\4.wav
304,pop,0,1,0,0,1,0,0,1,0,4,0,1,32,0,English,4.wav,data/Emotify\pop\4.wav
304,pop,1,1,0,0,0,1,0,0,0,4,0,1,53,0,English,4.wav,data/Emotify\pop\4.wav
304,pop,1,0,1,0,0,0,0,1,0,4,0,0,43,0,French,4.wav,data/Emotify\pop\4.wav
304,pop,0,0,0,0,0,1,0,0,0,4,0,0,36,0,Dutch,4.wav,data/Emotify\pop\4.wav
304,pop,0,0,0,0,1,0,0,1,1,3,0,1,26,0,German,4.wav,data/Emotify\pop\4.wav
304,pop,0,1,0,0,0,1,0,0,0,3,1,0,43,0,English,4.wav,data/Emotify\pop\4.wav
304,pop,0,0,0,1,0,0,0,1,1,5,0,1,40,1,Dutch,4.wav,data/Emotify\pop\4.wav
304,pop,0,0,0,0,0,1,0,0,0,4,0,1,29,1,Romanian,4.wav,data/Emotify\pop\4.wav
304,pop,0,0,0,0,0,0,0,1,0,2,0,1,23,0,Russian,4.wav,data/Emotify\pop\4.wav
304,pop,0,0,0,0,0,1,0,0,0,3,0,1,44,0,English,4.wav,data/Emotify\pop\4.wav
304,pop,0,1,0,0,0,0,0,1,0,3,0,0,33,0,Russian,4.wav,data/Emotify\pop\4.wav
304,pop,0,0,1,0,0,0,0,0,1,5,1,0,61,0,English,4.wav,data/Emotify\pop\4.wav
304,pop,0,0,0,0,0,0,0,0,1,3,0,1,22,0,Dutch,4.wav,data/Emotify\pop\4.wav
304,pop,1,0,0,1,0,0,0,0,1,1,0,0,25,1,Russian,4.wav,data/Emotify\pop\4.wav
304,pop,1,0,0,0,1,0,1,0,0,2,1,0,22,0,Dutch,4.wav,data/Emotify\pop\4.wav
304,pop,0,1,0,0,1,0,0,0,0,2,0,1,31,1,German,4.wav,data/Emotify\pop\4.wav
304,pop,1,0,0,0,0,0,0,1,0,3,1,0,30,1,English,4.wav,data/Emotify\pop\4.wav
304,pop,1,1,0,0,0,1,0,0,0,4,0,0,45,0,Dutch,4.wav,data/Emotify\pop\4.wav
304,pop,0,0,0,1,0,1,0,0,0,4,1,0,21,0,English,4.wav,data/Emotify\pop\4.wav
304,pop,0,1,0,0,0,0,0,0,0,3,0,1,35,0,Italian,4.wav,data/Emotify\pop\4.wav
304,pop,0,1,0,0,0,0,0,0,0,4,0,0,35,1,English,4.wav,data/Emotify\pop\4.wav
304,pop,1,1,0,0,0,0,0,0,0,4,0,0,16,1,Swedish,4.wav,data/Emotify\pop\4.wav
304,pop,1,0,0,1,0,0,1,0,0,3,0,1,50,0,English,4.wav,data/Emotify\pop\4.wav
304,pop,0,0,0,0,0,0,0,0,0,3,0,1,99,0,English,4.wav,data/Emotify\pop\4.wav
304,pop,0,1,0,1,0,0,1,0,0,3,1,0,29,1,Spanish,4.wav,data/Emotify\pop\4.wav
304,pop,0,0,0,0,0,0,0,0,1,3,0,0,24,0,English,4.wav,data/Emotify\pop\4.wav
304,pop,0,0,0,0,0,0,0,1,1,3,0,1,30,1,German,4.wav,data/Emotify\pop\4.wav
304,pop,0,0,0,0,1,0,0,1,1,3,0,1,28,1,Russian,4.wav,data/Emotify\pop\4.wav
304,pop,0,1,0,1,1,0,0,0,0,5,1,0,30,1,English,4.wav,data/Emotify\pop\4.wav
304,pop,0,0,0,1,1,0,0,0,0,3,0,1,22,0,Polish,4.wav,data/Emotify\pop\4.wav
304,pop,0,0,0,0,0,0,0,1,0,3,0,1,32,1,Russian,4.wav,data/Emotify\pop\4.wav
304,pop,0,0,0,0,0,1,0,0,0,5,0,0,44,0,English,4.wav,data/Emotify\pop\4.wav
304,pop,0,1,0,0,0,1,0,0,0,4,1,0,21,0,English,4.wav,data/Emotify\pop\4.wav
305,pop,1,0,0,1,0,0,1,0,0,4,1,0,23,1,English,5.wav,data/Emotify\pop\5.wav
305,pop,0,0,1,0,0,0,0,0,0,2,0,0,29,1,Russian,5.wav,data/Emotify\pop\5.wav
305,pop,0,0,1,0,1,0,1,0,0,2,1,0,54,1,English,5.wav,data/Emotify\pop\5.wav
305,pop,0,0,0,0,0,1,0,0,0,3,0,1,41,1,Dutch,5.wav,data/Emotify\pop\5.wav
305,pop,0,0,0,0,0,0,1,0,0,2,1,0,23,0,English,5.wav,data/Emotify\pop\5.wav
305,pop,1,0,0,0,0,0,0,0,0,4,0,0,29,0,English,5.wav,data/Emotify\pop\5.wav
305,pop,0,0,0,0,0,0,0,0,0,5,0,1,24,1,Russian,5.wav,data/Emotify\pop\5.wav
305,pop,0,1,0,0,0,0,1,0,0,4,1,0,25,0,Russian,5.wav,data/Emotify\pop\5.wav
305,pop,0,0,0,0,1,0,1,0,0,4,1,0,42,0,English,5.wav,data/Emotify\pop\5.wav
305,pop,0,0,0,1,0,0,0,0,0,2,0,1,37,0,German,5.wav,data/Emotify\pop\5.wav
305,pop,0,0,1,1,0,0,0,0,0,3,1,1,24,0,English,5.wav,data/Emotify\pop\5.wav
305,pop,1,0,1,0,0,0,1,0,0,3,0,0,26,1,Russian,5.wav,data/Emotify\pop\5.wav
305,pop,0,0,0,1,1,0,0,0,1,3,0,1,26,0,German,5.wav,data/Emotify\pop\5.wav
305,pop,0,0,0,0,0,0,1,0,0,4,1,0,24,0,Russian,5.wav,data/Emotify\pop\5.wav
305,pop,0,0,0,0,1,0,0,0,0,4,0,0,23,0,Spanish,5.wav,data/Emotify\pop\5.wav
305,pop,0,0,1,1,0,0,1,0,0,3,0,1,21,0,Dutch,5.wav,data/Emotify\pop\5.wav
305,pop,0,0,0,1,0,0,1,0,0,3,0,0,33,1,English,5.wav,data/Emotify\pop\5.wav
305,pop,0,0,1,0,0,0,0,1,0,3,0,0,33,0,Russian,5.wav,data/Emotify\pop\5.wav
305,pop,1,0,0,0,0,0,0,0,0,5,0,0,27,1,Russian,5.wav,data/Emotify\pop\5.wav
305,pop,0,0,0,1,0,0,0,0,0,3,1,0,20,0,Romanian,5.wav,data/Emotify\pop\5.wav
305,pop,0,0,0,1,0,0,0,0,0,3,0,1,44,0,English,5.wav,data/Emotify\pop\5.wav
305,pop,0,0,0,0,1,0,0,0,1,3,0,1,22,0,Dutch,5.wav,data/Emotify\pop\5.wav
305,pop,0,0,1,0,1,0,1,0,0,4,1,0,63,0,Dutch,5.wav,data/Emotify\pop\5.wav
305,pop,0,0,0,1,0,0,1,0,0,4,0,1,59,0,English,5.wav,data/Emotify\pop\5.wav
305,pop,0,0,0,0,0,0,0,0,0,3,0,1,99,0,English,5.wav,data/Emotify\pop\5.wav
305,pop,0,0,1,1,0,0,0,1,0,4,0,0,45,0,Dutch,5.wav,data/Emotify\pop\5.wav
305,pop,1,0,1,0,0,0,0,0,0,1,0,0,25,1,Russian,5.wav,data/Emotify\pop\5.wav
305,pop,0,0,0,1,0,0,0,0,0,4,0,1,25,0,Hungarian,5.wav,data/Emotify\pop\5.wav
305,pop,0,1,0,0,0,0,0,0,1,3,0,1,50,0,English,5.wav,data/Emotify\pop\5.wav
305,pop,0,0,0,1,1,0,0,0,0,2,0,1,22,0,Dutch,5.wav,data/Emotify\pop\5.wav
305,pop,0,0,0,0,1,0,0,0,0,3,0,0,17,0,English,5.wav,data/Emotify\pop\5.wav
305,pop,0,0,0,1,0,0,0,0,1,2,0,0,31,1,Greek,5.wav,data/Emotify\pop\5.wav
305,pop,1,1,0,0,0,0,1,0,0,5,1,0,19,1,English,5.wav,data/Emotify\pop\5.wav
305,pop,0,0,0,1,0,0,0,0,0,3,1,0,14,1,Russian,5.wav,data/Emotify\pop\5.wav
305,pop,0,0,0,0,1,0,0,0,0,3,0,0,26,0,Russian,5.wav,data/Emotify\pop\5.wav
305,pop,0,0,0,1,0,0,1,0,0,3,0,0,35,0,Italian,5.wav,data/Emotify\pop\5.wav
305,pop,0,0,0,0,0,0,0,1,0,2,0,0,33,0,Russian,5.wav,data/Emotify\pop\5.wav
305,pop,0,0,0,1,0,0,0,0,0,4,1,0,35,1,English,5.wav,data/Emotify\pop\5.wav
305,pop,0,0,0,1,1,0,0,0,0,3,1,0,26,1,Chinese,5.wav,data/Emotify\pop\5.wav
305,pop,0,0,0,0,1,0,0,0,0,2,1,0,39,1,Italian,5.wav,data/Emotify\pop\5.wav
305,pop,0,0,0,0,0,0,0,1,0,4,0,1,15,1,English,5.wav,data/Emotify\pop\5.wav
305,pop,0,0,0,0,0,0,0,0,1,4,0,1,18,1,Russian,5.wav,data/Emotify\pop\5.wav
305,pop,1,0,1,0,0,0,1,0,0,2,1,0,25,1,Russian,5.wav,data/Emotify\pop\5.wav
305,pop,0,1,0,1,1,0,0,0,0,4,0,0,25,1,Dutch,5.wav,data/Emotify\pop\5.wav
305,pop,0,0,0,1,0,0,0,0,0,4,0,1,25,1,English,5.wav,data/Emotify\pop\5.wav
305,pop,0,0,0,0,1,0,0,0,0,4,1,0,31,1,English,5.wav,data/Emotify\pop\5.wav
305,pop,0,0,1,1,0,0,0,0,0,3,1,0,43,0,English,5.wav,data/Emotify\pop\5.wav
305,pop,0,0,1,1,1,0,0,0,0,3,1,0,30,1,German,5.wav,data/Emotify\pop\5.wav
305,pop,0,0,1,0,1,0,1,0,0,2,0,0,26,1,Russian,5.wav,data/Emotify\pop\5.wav
305,pop,0,0,0,1,0,0,0,0,0,3,0,0,32,1,Russian,5.wav,data/Emotify\pop\5.wav
305,pop,0,0,0,1,0,0,0,0,0,5,0,0,44,0,English,5.wav,data/Emotify\pop\5.wav
305,pop,0,0,1,0,1,0,1,0,0,5,1,0,67,0,English,5.wav,data/Emotify\pop\5.wav
305,pop,0,0,1,1,0,0,0,0,0,3,0,0,33,0,Dutch,5.wav,data/Emotify\pop\5.wav
305,pop,0,0,0,1,0,0,0,0,0,3,0,1,24,1,Dutch,5.wav,data/Emotify\pop\5.wav
306,pop,0,0,0,1,1,0,0,0,0,4,0,0,17,1,English,6.wav,data/Emotify\pop\6.wav
306,pop,0,0,0,1,0,0,0,0,0,4,1,0,25,0,Russian,6.wav,data/Emotify\pop\6.wav
306,pop,0,1,0,0,0,0,0,0,1,4,0,1,42,0,English,6.wav,data/Emotify\pop\6.wav
306,pop,0,0,0,0,0,0,1,0,0,4,1,0,26,1,Russian,6.wav,data/Emotify\pop\6.wav
306,pop,0,0,1,1,0,0,0,0,1,3,0,1,26,1,Russian,6.wav,data/Emotify\pop\6.wav
306,pop,0,0,0,1,0,0,0,0,0,4,1,0,25,0,Russian,6.wav,data/Emotify\pop\6.wav
306,pop,0,0,0,0,0,0,1,0,0,2,1,0,30,0,Italian,6.wav,data/Emotify\pop\6.wav
306,pop,0,0,1,0,0,0,0,0,0,4,0,1,23,0,Spanish,6.wav,data/Emotify\pop\6.wav
306,pop,0,1,0,0,0,0,0,0,0,4,1,0,24,0,Russian,6.wav,data/Emotify\pop\6.wav
306,pop,0,0,0,0,0,0,0,0,0,3,0,1,99,0,English,6.wav,data/Emotify\pop\6.wav
306,pop,0,0,0,1,0,0,0,1,0,3,0,0,33,0,Russian,6.wav,data/Emotify\pop\6.wav
306,pop,0,0,0,1,1,0,0,0,0,4,0,1,26,1,English,6.wav,data/Emotify\pop\6.wav
306,pop,0,0,1,0,0,0,1,0,0,5,1,0,27,1,Russian,6.wav,data/Emotify\pop\6.wav
306,pop,0,0,0,1,0,0,0,0,0,3,0,0,33,1,English,6.wav,data/Emotify\pop\6.wav
306,pop,0,0,1,0,0,0,0,0,0,3,1,0,26,1,Chinese,6.wav,data/Emotify\pop\6.wav
306,pop,0,0,1,0,1,0,0,0,0,3,1,0,22,0,Dutch,6.wav,data/Emotify\pop\6.wav
306,pop,0,0,1,0,1,0,1,0,0,4,0,0,45,0,Dutch,6.wav,data/Emotify\pop\6.wav
306,pop,0,0,0,0,0,0,1,0,0,5,0,0,30,1,English,6.wav,data/Emotify\pop\6.wav
306,pop,0,0,0,1,0,0,0,0,1,3,1,0,35,1,Danish,6.wav,data/Emotify\pop\6.wav
306,pop,0,0,1,1,0,0,0,0,1,3,1,0,68,0,English,6.wav,data/Emotify\pop\6.wav
306,pop,0,0,1,1,0,0,0,0,1,1,0,0,25,1,Russian,6.wav,data/Emotify\pop\6.wav
306,pop,0,0,0,1,0,0,0,0,0,4,0,0,27,0,English,6.wav,data/Emotify\pop\6.wav
306,pop,0,0,1,0,1,0,1,0,0,1,0,0,30,1,English,6.wav,data/Emotify\pop\6.wav
306,pop,1,0,1,0,0,1,0,0,0,5,1,0,19,1,English,6.wav,data/Emotify\pop\6.wav
306,pop,0,0,0,0,0,0,0,1,1,2,0,0,31,1,Greek,6.wav,data/Emotify\pop\6.wav
306,pop,0,0,0,1,0,0,0,0,1,2,0,0,31,1,German,6.wav,data/Emotify\pop\6.wav
306,pop,0,0,0,1,0,0,0,1,0,4,0,1,30,1,English,6.wav,data/Emotify\pop\6.wav
306,pop,0,0,1,0,0,0,0,0,0,3,0,1,14,1,Russian,6.wav,data/Emotify\pop\6.wav
306,pop,0,1,0,1,0,0,0,0,1,4,0,0,18,1,Russian,6.wav,data/Emotify\pop\6.wav
306,pop,0,0,1,0,0,0,1,0,0,3,0,0,35,0,Italian,6.wav,data/Emotify\pop\6.wav
306,pop,0,0,0,0,0,0,0,0,0,2,0,0,33,0,Russian,6.wav,data/Emotify\pop\6.wav
306,pop,0,0,0,1,1,0,0,0,0,4,1,0,35,1,English,6.wav,data/Emotify\pop\6.wav
306,pop,0,0,0,0,1,0,0,0,0,3,1,0,27,0,Catalan,6.wav,data/Emotify\pop\6.wav
306,pop,0,0,1,0,0,0,1,0,0,4,0,1,20,0,Dutch,6.wav,data/Emotify\pop\6.wav
306,pop,1,0,1,1,0,0,0,0,0,2,0,0,25,1,Russian,6.wav,data/Emotify\pop\6.wav
306,pop,0,0,1,0,1,0,0,0,1,3,1,0,30,1,German,6.wav,data/Emotify\pop\6.wav
306,pop,1,0,0,1,1,0,0,0,0,2,0,0,54,1,English,6.wav,data/Emotify\pop\6.wav
306,pop,0,0,0,1,0,0,0,1,0,3,0,1,41,1,Dutch,6.wav,data/Emotify\pop\6.wav
306,pop,1,0,0,0,0,1,1,0,0,2,0,0,26,1,Russian,6.wav,data/Emotify\pop\6.wav
306,pop,1,0,1,0,0,0,1,0,0,4,0,0,28,0,English,6.wav,data/Emotify\pop\6.wav
306,pop,0,0,0,0,1,0,0,0,1,2,0,1,23,0,English,6.wav,data/Emotify\pop\6.wav
306,pop,0,0,0,1,0,0,1,0,0,3,1,0,35,0,Spanish,6.wav,data/Emotify\pop\6.wav
306,pop,1,0,0,1,0,0,0,0,1,5,0,0,44,0,English,6.wav,data/Emotify\pop\6.wav
306,pop,0,0,0,0,0,0,0,1,0,3,0,1,24,0,English,6.wav,data/Emotify\pop\6.wav
306,pop,0,0,1,0,1,0,0,0,0,4,1,0,23,1,English,6.wav,data/Emotify\pop\6.wav
306,pop,0,0,1,0,0,0,0,0,0,2,0,0,29,1,Russian,6.wav,data/Emotify\pop\6.wav
306,pop,0,0,1,1,0,0,0,0,1,3,0,1,30,0,English,6.wav,data/Emotify\pop\6.wav
306,pop,0,0,1,0,1,0,0,0,0,4,0,0,21,0,Dutch,6.wav,data/Emotify\pop\6.wav
307,pop,0,0,0,1,1,0,0,0,1,4,1,0,19,1,Dutch,7.wav,data/Emotify\pop\7.wav
307,pop,0,0,1,0,0,0,0,0,1,4,0,1,30,1,Dutch,7.wav,data/Emotify\pop\7.wav
307,pop,0,0,0,0,0,0,0,0,0,3,0,1,99,0,English,7.wav,data/Emotify\pop\7.wav
307,pop,0,0,1,1,0,0,0,0,1,4,1,0,26,1,English,7.wav,data/Emotify\pop\7.wav
307,pop,0,0,0,0,1,0,0,0,0,3,0,0,29,0,English,7.wav,data/Emotify\pop\7.wav
307,pop,0,0,0,0,0,1,0,0,0,4,1,0,24,0,Russian,7.wav,data/Emotify\pop\7.wav
307,pop,0,0,1,1,1,0,0,0,0,3,0,0,33,0,Russian,7.wav,data/Emotify\pop\7.wav
307,pop,1,0,0,0,0,0,0,0,0,4,0,1,25,1,English,7.wav,data/Emotify\pop\7.wav
307,pop,0,0,0,1,1,0,0,0,0,3,1,0,22,0,English,7.wav,data/Emotify\pop\7.wav
307,pop,0,0,0,1,1,0,0,0,1,4,1,0,30,1,English,7.wav,data/Emotify\pop\7.wav
307,pop,0,1,0,1,0,0,0,0,1,4,1,0,39,0,English,7.wav,data/Emotify\pop\7.wav
307,pop,0,0,1,1,0,0,0,0,0,3,0,0,32,0,Spanish,7.wav,data/Emotify\pop\7.wav
307,pop,0,0,0,0,0,0,0,1,1,2,0,0,31,1,Greek,7.wav,data/Emotify\pop\7.wav
307,pop,0,1,1,1,0,0,0,0,0,3,1,0,27,0,Catalan,7.wav,data/Emotify\pop\7.wav
307,pop,0,0,1,1,0,0,0,0,1,3,0,0,26,0,English,7.wav,data/Emotify\pop\7.wav
307,pop,0,0,1,1,0,0,0,0,1,5,1,1,19,1,English,7.wav,data/Emotify\pop\7.wav
307,pop,0,1,0,1,0,0,0,0,1,5,1,0,45,0,Korean,7.wav,data/Emotify\pop\7.wav
307,pop,0,0,0,0,0,0,0,0,0,4,0,1,48,1,German,7.wav,data/Emotify\pop\7.wav
307,pop,0,0,0,0,0,0,0,0,1,3,0,1,35,1,Danish,7.wav,data/Emotify\pop\7.wav
307,pop,0,0,1,0,1,0,0,0,0,4,1,0,24,1,Dutch,7.wav,data/Emotify\pop\7.wav
307,pop,1,0,0,0,1,0,0,0,0,1,0,0,25,1,Russian,7.wav,data/Emotify\pop\7.wav
307,pop,0,1,0,1,1,0,0,0,0,4,0,1,24,0,English,7.wav,data/Emotify\pop\7.wav
307,pop,0,1,1,0,1,0,0,0,0,4,0,0,41,0,English,7.wav,data/Emotify\pop\7.wav
307,pop,0,0,0,1,0,0,0,0,1,3,0,0,46,0,English,7.wav,data/Emotify\pop\7.wav
307,pop,0,0,1,1,0,0,1,0,0,4,1,0,20,1,Dutch,7.wav,data/Emotify\pop\7.wav
307,pop,0,0,0,0,0,0,0,0,1,3,0,0,14,1,Russian,7.wav,data/Emotify\pop\7.wav
307,pop,0,0,0,1,0,0,0,1,1,2,0,1,54,1,English,7.wav,data/Emotify\pop\7.wav
307,pop,0,0,0,0,1,0,0,0,1,4,0,0,28,0,English,7.wav,data/Emotify\pop\7.wav
307,pop,0,0,0,1,0,0,0,0,0,3,0,0,35,0,Arabic,7.wav,data/Emotify\pop\7.wav
307,pop,0,0,1,0,0,0,0,0,1,3,1,0,30,1,German,7.wav,data/Emotify\pop\7.wav
307,pop,0,0,0,0,1,0,0,0,0,3,1,0,35,0,Spanish,7.wav,data/Emotify\pop\7.wav
307,pop,0,1,0,1,0,0,0,0,1,5,0,0,44,0,English,7.wav,data/Emotify\pop\7.wav
307,pop,0,0,1,1,0,0,0,0,1,5,0,1,56,0,English,7.wav,data/Emotify\pop\7.wav
307,pop,0,0,0,1,1,0,0,0,0,4,1,0,20,0,English,7.wav,data/Emotify\pop\7.wav
307,pop,0,1,1,1,0,0,0,0,0,4,1,0,17,0,English,7.wav,data/Emotify\pop\7.wav
307,pop,0,1,1,0,1,0,0,0,0,3,1,0,23,0,English,7.wav,data/Emotify\pop\7.wav
307,pop,0,0,0,1,1,0,0,0,1,3,1,0,26,0,English,7.wav,data/Emotify\pop\7.wav
307,pop,0,0,1,0,1,0,0,0,0,4,0,0,17,1,English,7.wav,data/Emotify\pop\7.wav
307,pop,0,0,0,0,1,0,0,0,0,3,1,0,24,0,Portuguese,7.wav,data/Emotify\pop\7.wav
307,pop,0,0,0,0,1,0,0,0,1,3,0,0,30,0,English,7.wav,data/Emotify\pop\7.wav
307,pop,0,0,1,0,1,0,0,0,0,4,0,0,17,1,English,7.wav,data/Emotify\pop\7.wav
307,pop,0,0,1,1,1,0,0,0,0,4,1,0,25,0,Russian,7.wav,data/Emotify\pop\7.wav
308,pop,0,0,0,1,0,0,0,0,0,3,0,0,32,0,Spanish,8.wav,data/Emotify\pop\8.wav
308,pop,0,0,0,1,0,0,0,0,0,4,0,0,26,1,Russian,8.wav,data/Emotify\pop\8.wav
308,pop,0,0,1,0,1,0,0,0,0,4,0,0,30,1,Dutch,8.wav,data/Emotify\pop\8.wav
308,pop,0,0,1,0,0,0,0,0,0,3,0,0,33,0,Russian,8.wav,data/Emotify\pop\8.wav
308,pop,0,0,1,0,0,0,0,0,0,3,0,1,29,0,English,8.wav,data/Emotify\pop\8.wav
308,pop,0,0,0,1,1,0,0,0,1,3,1,0,19,1,English,8.wav,data/Emotify\pop\8.wav
308,pop,0,0,0,1,0,0,0,0,0,4,0,1,48,1,German,8.wav,data/Emotify\pop\8.wav
308,pop,0,0,0,0,0,0,0,1,0,4,0,1,45,0,English,8.wav,data/Emotify\pop\8.wav
308,pop,0,0,1,0,0,0,0,0,0,3,1,0,22,0,English,8.wav,data/Emotify\pop\8.wav
308,pop,0,0,0,0,0,0,0,0,0,3,0,1,25,0,English,8.wav,data/Emotify\pop\8.wav
308,pop,0,1,0,1,0,0,0,0,1,4,1,0,39,0,English,8.wav,data/Emotify\pop\8.wav
308,pop,0,0,1,0,1,0,0,0,1,5,0,1,19,1,English,8.wav,data/Emotify\pop\8.wav
308,pop,0,0,1,1,0,0,0,0,0,3,1,0,68,0,English,8.wav,data/Emotify\pop\8.wav
308,pop,0,1,0,0,1,0,0,0,0,3,0,0,26,0,English,8.wav,data/Emotify\pop\8.wav
308,pop,0,1,0,1,0,0,0,0,1,5,0,0,45,0,Korean,8.wav,data/Emotify\pop\8.wav
308,pop,0,0,1,1,1,0,0,0,0,5,0,0,55,0,Dutch,8.wav,data/Emotify\pop\8.wav
308,pop,0,0,0,0,1,0,0,0,1,4,0,1,40,1,Dutch,8.wav,data/Emotify\pop\8.wav
308,pop,0,0,0,0,0,0,0,1,0,4,0,1,24,1,Dutch,8.wav,data/Emotify\pop\8.wav
308,pop,0,0,1,0,1,0,0,0,0,1,0,0,25,1,Russian,8.wav,data/Emotify\pop\8.wav
308,pop,0,1,1,0,0,0,0,0,0,4,1,0,36,1,English,8.wav,data/Emotify\pop\8.wav
308,pop,0,0,1,0,1,0,0,0,1,2,1,0,20,0,Estonian,8.wav,data/Emotify\pop\8.wav
308,pop,0,0,1,0,0,0,0,0,0,3,0,0,46,0,English,8.wav,data/Emotify\pop\8.wav
308,pop,0,0,1,0,1,0,0,0,0,4,0,1,20,1,Dutch,8.wav,data/Emotify\pop\8.wav
308,pop,0,0,0,0,0,0,0,0,1,3,0,1,14,1,Russian,8.wav,data/Emotify\pop\8.wav
308,pop,0,0,1,1,0,0,0,0,1,4,1,0,25,0,English,8.wav,data/Emotify\pop\8.wav
308,pop,0,0,0,1,1,0,0,0,1,2,0,0,54,1,English,8.wav,data/Emotify\pop\8.wav
308,pop,0,0,0,0,1,0,0,0,0,4,1,0,25,1,English,8.wav,data/Emotify\pop\8.wav
308,pop,0,0,0,0,1,0,0,0,0,4,0,1,35,1,English,8.wav,data/Emotify\pop\8.wav
308,pop,0,0,1,0,0,0,0,0,0,3,0,1,35,0,Arabic,8.wav,data/Emotify\pop\8.wav
308,pop,0,0,0,0,0,0,0,0,1,5,0,1,44,0,English,8.wav,data/Emotify\pop\8.wav
308,pop,0,0,1,1,1,0,0,0,0,3,0,1,26,0,English,8.wav,data/Emotify\pop\8.wav
308,pop,0,1,1,0,1,0,0,0,0,3,0,0,30,1,German,8.wav,data/Emotify\pop\8.wav
308,pop,0,0,0,1,1,0,0,0,1,2,0,0,26,1,Russian,8.wav,data/Emotify\pop\8.wav
308,pop,0,0,1,0,1,0,0,0,0,5,0,1,69,1,German,8.wav,data/Emotify\pop\8.wav
308,pop,0,0,0,0,0,0,0,0,1,4,0,1,17,0,English,8.wav,data/Emotify\pop\8.wav
308,pop,0,0,1,0,0,0,0,0,1,4,0,0,17,1,English,8.wav,data/Emotify\pop\8.wav
308,pop,0,1,0,0,1,0,0,0,1,2,0,0,27,1,English,8.wav,data/Emotify\pop\8.wav
308,pop,0,0,1,1,1,0,0,0,0,3,1,0,23,0,English,8.wav,data/Emotify\pop\8.wav
308,pop,0,0,0,0,1,0,0,0,1,2,0,1,23,0,English,8.wav,data/Emotify\pop\8.wav
308,pop,0,0,0,1,0,0,0,0,0,3,0,1,24,0,Portuguese,8.wav,data/Emotify\pop\8.wav
308,pop,0,0,0,0,0,0,0,0,0,3,0,1,99,0,English,8.wav,data/Emotify\pop\8.wav
308,pop,0,0,0,1,1,0,0,0,0,3,0,1,30,0,English,8.wav,data/Emotify\pop\8.wav
308,pop,0,0,0,0,0,0,0,1,0,5,0,1,46,1,Dutch,8.wav,data/Emotify\pop\8.wav
308,pop,0,0,1,1,1,0,0,0,0,4,1,0,19,1,Dutch,8.wav,data/Emotify\pop\8.wav
308,pop,0,0,0,1,0,0,0,0,0,2,1,0,29,1,Russian,8.wav,data/Emotify\pop\8.wav
308,pop,0,0,0,0,1,0,0,0,0,4,0,1,25,0,Russian,8.wav,data/Emotify\pop\8.wav
308,pop,0,0,0,1,1,0,0,0,0,4,0,0,25,1,Dutch,8.wav,data/Emotify\pop\8.wav
308,pop,0,0,0,0,1,0,0,0,0,4,0,1,26,0,English,8.wav,data/Emotify\pop\8.wav
308,pop,0,0,1,0,0,0,0,0,0,3,0,0,33,0,Dutch,8.wav,data/Emotify\pop\8.wav
308,pop,0,0,0,0,0,0,0,1,0,4,0,0,24,0,Russian,8.wav,data/Emotify\pop\8.wav
308,pop,0,0,1,1,0,0,0,0,1,3,0,0,26,1,Russian,8.wav,data/Emotify\pop\8.wav
309,pop,1,1,0,0,0,1,0,0,0,3,0,0,24,1,English,9.wav,data/Emotify\pop\9.wav
309,pop,0,0,0,1,0,0,0,0,0,3,0,0,25,0,English,9.wav,data/Emotify\pop\9.wav
309,pop,0,0,1,0,1,0,0,0,1,3,1,0,68,0,English,9.wav,data/Emotify\pop\9.wav
309,pop,0,0,0,0,0,0,0,0,1,3,0,0,24,1,Russian,9.wav,data/Emotify\pop\9.wav
309,pop,0,0,0,1,1,0,0,0,1,2,0,1,32,0,Polish,9.wav,data/Emotify\pop\9.wav
309,pop,0,1,1,0,0,0,0,0,0,2,1,0,31,0,English,9.wav,data/Emotify\pop\9.wav
309,pop,0,1,0,0,0,0,0,0,1,4,0,1,36,1,English,9.wav,data/Emotify\pop\9.wav
309,pop,0,0,0,1,1,0,0,0,1,4,0,0,15,1,English,9.wav,data/Emotify\pop\9.wav
309,pop,0,0,0,0,0,0,0,0,1,4,0,1,24,1,Dutch,9.wav,data/Emotify\pop\9.wav
309,pop,0,0,0,1,0,0,0,0,1,2,0,1,20,0,Estonian,9.wav,data/Emotify\pop\9.wav
309,pop,0,0,0,0,0,0,0,1,0,4,0,1,35,0,Russian,9.wav,data/Emotify\pop\9.wav
309,pop,0,0,0,0,1,0,0,0,1,4,0,1,40,1,Dutch,9.wav,data/Emotify\pop\9.wav
309,pop,0,0,0,0,1,0,0,0,0,1,0,0,25,1,Russian,9.wav,data/Emotify\pop\9.wav
309,pop,0,1,0,1,0,0,0,0,1,2,0,0,54,1,English,9.wav,data/Emotify\pop\9.wav
309,pop,0,1,0,0,0,0,0,0,0,3,0,0,46,0,English,9.wav,data/Emotify\pop\9.wav
309,pop,0,1,1,0,0,1,0,0,0,3,1,0,22,1,English,9.wav,data/Emotify\pop\9.wav
309,pop,0,0,1,1,1,0,0,0,0,4,1,0,25,0,English,9.wav,data/Emotify\pop\9.wav
309,pop,0,0,0,0,1,0,0,0,0,1,0,1,30,1,English,9.wav,data/Emotify\pop\9.wav
309,pop,0,0,1,0,0,0,0,0,0,3,0,0,14,1,Russian,9.wav,data/Emotify\pop\9.wav
309,pop,0,0,0,0,0,0,0,0,1,3,0,1,23,0,English,9.wav,data/Emotify\pop\9.wav
309,pop,0,1,0,1,0,0,0,0,0,4,1,0,19,1,English,9.wav,data/Emotify\pop\9.wav
309,pop,0,0,0,0,1,0,0,0,1,2,0,0,31,1,German,9.wav,data/Emotify\pop\9.wav
309,pop,0,0,0,0,1,0,0,0,0,4,0,1,35,1,English,9.wav,data/Emotify\pop\9.wav
309,pop,0,0,0,1,1,1,1,1,0,5,1,1,44,1,French,9.wav,data/Emotify\pop\9.wav
309,pop,1,0,0,1,1,0,0,0,0,4,1,0,17,0,English,9.wav,data/Emotify\pop\9.wav
309,pop,0,0,0,0,0,0,0,1,0,5,0,0,44,0,English,9.wav,data/Emotify\pop\9.wav
309,pop,0,0,0,0,0,1,0,0,0,2,1,0,23,0,Russian,9.wav,data/Emotify\pop\9.wav
309,pop,0,0,0,1,0,0,0,0,1,3,0,0,32,0,English,9.wav,data/Emotify\pop\9.wav
309,pop,0,0,0,1,0,0,0,1,1,2,0,1,26,1,Russian,9.wav,data/Emotify\pop\9.wav
309,pop,0,0,0,0,0,0,0,0,0,3,0,1,99,0,English,9.wav,data/Emotify\pop\9.wav
309,pop,0,0,0,0,0,0,0,1,0,3,0,0,30,1,German,9.wav,data/Emotify\pop\9.wav
309,pop,0,0,0,1,0,0,0,0,1,3,0,1,24,0,Portuguese,9.wav,data/Emotify\pop\9.wav
309,pop,0,0,0,1,0,0,0,0,0,5,0,1,69,1,German,9.wav,data/Emotify\pop\9.wav
309,pop,0,0,0,1,1,0,0,0,1,2,0,1,27,1,English,9.wav,data/Emotify\pop\9.wav
309,pop,0,0,0,0,1,0,0,1,1,4,1,0,39,0,English,9.wav,data/Emotify\pop\9.wav
309,pop,0,0,0,0,1,0,0,0,1,2,0,0,23,0,English,9.wav,data/Emotify\pop\9.wav
309,pop,0,1,0,1,1,0,0,0,0,3,0,0,19,1,English,9.wav,data/Emotify\pop\9.wav
309,pop,0,1,0,0,0,0,0,0,0,3,0,0,30,0,English,9.wav,data/Emotify\pop\9.wav
309,pop,0,0,0,1,0,0,0,0,0,4,0,0,24,0,Russian,9.wav,data/Emotify\pop\9.wav
309,pop,0,0,0,1,0,0,0,0,0,5,0,1,46,1,Dutch,9.wav,data/Emotify\pop\9.wav
309,pop,0,1,0,0,0,0,0,0,1,5,0,0,18,1,Dutch,9.wav,data/Emotify\pop\9.wav
309,pop,0,1,0,0,1,0,0,0,0,4,0,0,26,0,English,9.wav,data/Emotify\pop\9.wav
309,pop,0,1,0,0,0,0,1,0,0,4,1,0,45,0,English,9.wav,data/Emotify\pop\9.wav
309,pop,0,0,0,1,1,0,0,1,0,3,0,0,26,1,Russian,9.wav,data/Emotify\pop\9.wav
309,pop,0,0,0,0,1,0,0,0,1,4,0,0,30,1,Dutch,9.wav,data/Emotify\pop\9.wav
309,pop,0,0,0,0,1,0,0,0,0,4,1,0,26,1,Russian,9.wav,data/Emotify\pop\9.wav
309,pop,0,1,0,1,1,0,0,0,0,3,0,0,33,0,Russian,9.wav,data/Emotify\pop\9.wav
310,pop,0,0,0,1,0,0,0,0,0,4,0,0,29,0,English,10.wav,data/Emotify\pop\10.wav
310,pop,0,0,1,0,1,0,0,0,0,1,1,0,30,1,English,10.wav,data/Emotify\pop\10.wav
310,pop,1,0,1,0,0,0,1,0,0,4,1,0,36,1,English,10.wav,data/Emotify\pop\10.wav
310,pop,1,0,1,0,0,0,1,0,0,3,0,0,37,0,German,10.wav,data/Emotify\pop\10.wav
310,pop,0,0,1,1,0,0,0,0,1,4,0,0,15,1,English,10.wav,data/Emotify\pop\10.wav
310,pop,0,0,1,1,0,0,0,0,1,2,1,0,31,0,English,10.wav,data/Emotify\pop\10.wav
310,pop,0,1,0,1,0,0,0,0,0,4,1,0,24,1,Dutch,10.wav,data/Emotify\pop\10.wav
310,pop,0,0,1,0,1,0,0,0,1,2,1,0,20,0,Estonian,10.wav,data/Emotify\pop\10.wav
310,pop,0,0,1,1,0,0,0,0,0,4,1,0,40,1,Dutch,10.wav,data/Emotify\pop\10.wav
310,pop,1,0,1,0,0,0,1,0,0,2,1,0,54,1,English,10.wav,data/Emotify\pop\10.wav
310,pop,0,0,1,1,0,0,0,0,1,3,0,0,33,1,English,10.wav,data/Emotify\pop\10.wav
310,pop,0,0,0,1,0,0,0,0,0,2,0,0,27,1,English,10.wav,data/Emotify\pop\10.wav
310,pop,0,0,1,1,1,0,0,0,0,1,0,0,25,1,Russian,10.wav,data/Emotify\pop\10.wav
310,pop,0,0,1,1,1,0,0,0,0,3,0,0,21,1,English,10.wav,data/Emotify\pop\10.wav
310,pop,0,0,1,1,0,0,0,0,1,4,0,0,25,0,English,10.wav,data/Emotify\pop\10.wav
310,pop,0,0,0,1,0,0,0,0,0,3,0,0,60,1,English,10.wav,data/Emotify\pop\10.wav
310,pop,0,0,1,1,0,0,0,0,0,4,1,0,19,1,English,10.wav,data/Emotify\pop\10.wav
310,pop,0,0,0,0,0,0,0,0,0,3,0,1,99,0,English,10.wav,data/Emotify\pop\10.wav
310,pop,0,0,1,0,0,0,0,0,0,3,1,0,14,1,Russian,10.wav,data/Emotify\pop\10.wav
310,pop,0,0,1,1,1,0,0,0,0,3,1,0,23,0,English,10.wav,data/Emotify\pop\10.wav
310,pop,0,0,1,0,0,0,0,0,0,2,1,0,23,0,Russian,10.wav,data/Emotify\pop\10.wav
310,pop,0,0,0,0,1,0,0,0,1,2,0,1,23,0,English,10.wav,data/Emotify\pop\10.wav
310,pop,0,0,0,0,1,0,0,0,0,4,0,1,35,1,English,10.wav,data/Emotify\pop\10.wav
310,pop,1,0,1,1,0,0,0,0,0,4,1,0,17,0,English,10.wav,data/Emotify\pop\10.wav
310,pop,0,0,1,0,1,0,1,0,0,5,0,1,44,1,French,10.wav,data/Emotify\pop\10.wav
310,pop,0,0,1,1,1,0,0,0,0,3,0,1,20,0,English,10.wav,data/Emotify\pop\10.wav
310,pop,0,0,1,0,1,0,0,0,0,4,1,0,23,1,English,10.wav,data/Emotify\pop\10.wav
310,pop,0,0,0,0,0,0,0,0,1,3,0,0,35,0,Arabic,10.wav,data/Emotify\pop\10.wav
310,pop,1,0,0,0,0,0,0,0,0,5,1,0,69,1,German,10.wav,data/Emotify\pop\10.wav
310,pop,0,1,0,0,0,0,0,1,0,4,0,0,21,0,Dutch,10.wav,data/Emotify\pop\10.wav
310,pop,1,0,0,1,0,0,0,0,1,2,0,0,25,1,Russian,10.wav,data/Emotify\pop\10.wav
310,pop,0,0,1,1,1,0,0,0,0,4,1,0,31,1,English,10.wav,data/Emotify\pop\10.wav
310,pop,0,0,1,1,0,0,0,0,1,3,1,0,19,1,English,10.wav,data/Emotify\pop\10.wav
310,pop,0,0,1,0,0,0,0,0,0,4,0,0,24,0,Russian,10.wav,data/Emotify\pop\10.wav
310,pop,0,0,0,1,0,0,0,0,0,5,1,0,46,1,Dutch,10.wav,data/Emotify\pop\10.wav
310,pop,0,0,0,0,0,0,0,0,1,3,0,0,30,0,English,10.wav,data/Emotify\pop\10.wav
310,pop,0,0,0,0,0,0,0,1,0,4,0,1,45,0,English,10.wav,data/Emotify\pop\10.wav
310,pop,0,0,1,0,0,0,0,0,0,3,0,0,16,0,Russian,10.wav,data/Emotify\pop\10.wav
310,pop,0,0,1,1,1,0,0,0,0,5,0,0,18,1,Dutch,10.wav,data/Emotify\pop\10.wav
310,pop,0,0,0,1,0,0,0,0,0,4,0,0,26,0,English,10.wav,data/Emotify\pop\10.wav
310,pop,0,0,0,0,0,0,1,0,0,3,1,0,24,1,English,10.wav,data/Emotify\pop\10.wav
310,pop,0,0,0,1,0,0,0,0,0,3,0,0,33,0,Russian,10.wav,data/Emotify\pop\10.wav
310,pop,0,0,1,1,0,0,0,0,1,3,1,0,33,0,Dutch,10.wav,data/Emotify\pop\10.wav
310,pop,0,0,1,0,0,0,0,0,1,4,1,0,42,0,English,10.wav,data/Emotify\pop\10.wav
310,pop,0,0,1,1,1,0,0,0,0,3,1,0,43,1,English,10.wav,data/Emotify\pop\10.wav
311,pop,0,0,0,0,0,0,0,1,0,2,0,1,28,0,English,11.wav,data/Emotify\pop\11.wav
311,pop,0,0,1,1,1,0,0,0,0,3,1,0,25,1,Russian,11.wav,data/Emotify\pop\11.wav
311,pop,0,0,0,1,0,0,0,1,1,2,0,0,54,1,English,11.wav,data/Emotify\pop\11.wav
311,pop,1,0,1,0,0,0,0,0,0,3,0,0,37,0,German,11.wav,data/Emotify\pop\11.wav
311,pop,0,0,0,0,0,0,0,1,1,2,0,1,31,0,English,11.wav,data/Emotify\pop\11.wav
311,pop,0,0,0,0,1,0,0,0,1,4,1,0,19,1,English,11.wav,data/Emotify\pop\11.wav
311,pop,0,0,0,0,1,0,0,0,0,4,0,1,40,1,Dutch,11.wav,data/Emotify\pop\11.wav
311,pop,0,0,0,0,1,0,0,0,0,4,1,0,28,1,Italian,11.wav,data/Emotify\pop\11.wav
311,pop,0,1,0,0,0,0,0,0,0,3,0,0,33,1,English,11.wav,data/Emotify\pop\11.wav
311,pop,0,0,0,0,0,0,0,0,0,3,0,1,99,0,English,11.wav,data/Emotify\pop\11.wav
311,pop,0,0,0,1,1,0,0,0,0,2,1,0,39,1,Italian,11.wav,data/Emotify\pop\11.wav
311,pop,0,0,0,1,1,0,0,0,1,3,0,1,22,1,English,11.wav,data/Emotify\pop\11.wav
311,pop,0,0,0,1,0,0,0,0,1,4,0,1,31,0,German,11.wav,data/Emotify\pop\11.wav
311,pop,0,0,1,1,1,0,0,0,0,3,0,1,20,0,English,11.wav,data/Emotify\pop\11.wav
311,pop,0,0,0,1,0,0,0,0,0,4,1,0,28,0,English,11.wav,data/Emotify\pop\11.wav
311,pop,0,0,0,1,1,0,1,0,0,5,0,0,31,0,Dutch,11.wav,data/Emotify\pop\11.wav
311,pop,0,0,0,0,0,0,1,0,0,3,0,0,14,1,Russian,11.wav,data/Emotify\pop\11.wav
311,pop,0,0,0,1,0,0,0,0,1,3,1,0,53,0,English,11.wav,data/Emotify\pop\11.wav
311,pop,0,0,0,1,1,0,0,0,1,5,1,0,26,0,Russian,11.wav,data/Emotify\pop\11.wav
311,pop,0,1,0,0,1,1,0,0,0,5,1,0,44,1,French,11.wav,data/Emotify\pop\11.wav
311,pop,0,0,1,0,1,0,0,0,0,3,1,0,26,1,Hungarian,11.wav,data/Emotify\pop\11.wav
311,pop,0,0,0,0,1,0,0,0,0,4,0,0,35,1,English,11.wav,data/Emotify\pop\11.wav
311,pop,0,0,0,0,1,0,0,1,0,5,0,1,25,1,English,11.wav,data/Emotify\pop\11.wav
311,pop,0,0,0,1,0,0,0,1,1,2,0,0,26,1,Russian,11.wav,data/Emotify\pop\11.wav
311,pop,0,0,0,0,0,1,1,0,0,5,0,1,69,1,German,11.wav,data/Emotify\pop\11.wav
311,pop,0,1,0,0,0,1,0,0,0,4,1,0,31,1,English,11.wav,data/Emotify\pop\11.wav
311,pop,0,1,0,0,0,1,0,1,0,2,0,0,25,1,Russian,11.wav,data/Emotify\pop\11.wav
311,pop,0,0,0,0,1,0,0,0,0,2,0,1,19,0,Russian,11.wav,data/Emotify\pop\11.wav
311,pop,0,0,0,0,0,1,0,1,0,4,0,0,24,0,Russian,11.wav,data/Emotify\pop\11.wav
311,pop,0,1,1,0,0,0,0,0,1,3,1,0,37,0,Dutch,11.wav,data/Emotify\pop\11.wav
311,pop,0,0,1,0,1,0,0,0,1,1,1,0,20,1,French,11.wav,data/Emotify\pop\11.wav
311,pop,1,0,0,0,0,1,1,0,0,3,0,0,29,1,Hindi,11.wav,data/Emotify\pop\11.wav
311,pop,0,0,1,0,1,0,0,0,1,3,1,0,30,0,Russian,11.wav,data/Emotify\pop\11.wav
311,pop,0,0,0,0,1,0,0,0,0,5,1,0,46,1,Dutch,11.wav,data/Emotify\pop\11.wav
311,pop,0,0,0,1,0,0,0,0,1,3,0,1,24,1,English,11.wav,data/Emotify\pop\11.wav
311,pop,0,0,0,0,1,0,0,0,0,2,0,1,25,1,Russian,11.wav,data/Emotify\pop\11.wav
311,pop,0,0,0,1,0,0,0,0,1,5,0,0,25,1,Russian,11.wav,data/Emotify\pop\11.wav
311,pop,0,0,0,0,0,1,0,1,0,4,0,0,25,1,Dutch,11.wav,data/Emotify\pop\11.wav
311,pop,0,0,0,0,1,0,0,0,0,4,1,0,42,0,English,11.wav,data/Emotify\pop\11.wav
311,pop,0,0,0,0,1,0,0,0,0,4,0,1,26,0,English,11.wav,data/Emotify\pop\11.wav
311,pop,0,0,1,1,0,0,0,0,1,3,0,0,26,1,Russian,11.wav,data/Emotify\pop\11.wav
311,pop,0,0,0,1,1,0,0,0,0,4,1,0,32,1,Italian,11.wav,data/Emotify\pop\11.wav
311,pop,0,0,0,0,0,0,0,1,0,3,0,1,33,0,Russian,11.wav,data/Emotify\pop\11.wav
311,pop,0,0,0,0,0,0,0,0,1,3,0,0,33,0,Dutch,11.wav,data/Emotify\pop\11.wav
311,pop,0,1,0,1,1,0,0,0,0,3,1,0,43,1,English,11.wav,data/Emotify\pop\11.wav
311,pop,0,0,0,0,0,0,0,1,0,4,0,1,26,1,Russian,11.wav,data/Emotify\pop\11.wav
311,pop,0,0,0,0,0,1,0,0,0,4,0,0,29,0,English,11.wav,data/Emotify\pop\11.wav
312,pop,0,0,0,0,1,0,0,0,0,4,1,0,28,1,Italian,12.wav,data/Emotify\pop\12.wav
312,pop,0,0,0,0,1,0,0,0,0,2,0,0,28,0,English,12.wav,data/Emotify\pop\12.wav
312,pop,0,1,0,1,0,0,0,1,0,2,1,0,38,1,Romanian,12.wav,data/Emotify\pop\12.wav
312,pop,0,0,0,0,0,0,0,0,0,3,1,1,99,0,English,12.wav,data/Emotify\pop\12.wav
312,pop,1,0,0,0,0,0,0,0,0,4,0,1,26,1,Dutch,12.wav,data/Emotify\pop\12.wav
312,pop,0,0,0,1,1,0,0,0,0,2,1,0,39,1,Italian,12.wav,data/Emotify\pop\12.wav
312,pop,0,0,1,0,1,0,0,0,0,1,0,0,20,1,French,12.wav,data/Emotify\pop\12.wav
312,pop,0,0,1,0,1,0,0,0,1,4,0,1,51,1,Dutch,12.wav,data/Emotify\pop\12.wav
312,pop,0,1,0,1,0,0,0,0,0,4,1,0,40,1,Dutch,12.wav,data/Emotify\pop\12.wav
312,pop,0,0,0,1,0,0,0,0,0,3,0,1,33,1,English,12.wav,data/Emotify\pop\12.wav
312,pop,0,0,0,1,0,0,0,0,1,4,0,1,31,0,German,12.wav,data/Emotify\pop\12.wav
312,pop,1,1,0,1,0,0,0,0,0,3,1,1,20,0,English,12.wav,data/Emotify\pop\12.wav
312,pop,0,0,0,0,1,0,0,0,0,5,1,0,26,0,Russian,12.wav,data/Emotify\pop\12.wav
312,pop,0,1,0,0,0,0,0,0,0,3,0,0,44,1,Russian,12.wav,data/Emotify\pop\12.wav
312,pop,0,0,0,0,0,0,0,1,1,4,0,1,29,0,Russian,12.wav,data/Emotify\pop\12.wav
312,pop,1,0,0,0,0,1,1,0,0,5,1,0,31,0,Dutch,12.wav,data/Emotify\pop\12.wav
312,pop,0,0,0,0,0,1,0,0,1,3,0,1,53,0,English,12.wav,data/Emotify\pop\12.wav
312,pop,0,0,0,1,0,0,0,0,0,4,1,0,28,0,English,12.wav,data/Emotify\pop\12.wav
312,pop,0,0,0,0,1,0,0,0,0,3,0,0,14,1,Russian,12.wav,data/Emotify\pop\12.wav
312,pop,0,0,1,1,0,0,0,0,1,4,1,0,17,0,Norwegian,12.wav,data/Emotify\pop\12.wav
312,pop,0,0,0,0,0,0,0,0,1,3,0,1,26,1,Hungarian,12.wav,data/Emotify\pop\12.wav
312,pop,0,0,0,0,0,0,0,1,0,4,0,1,30,1,Russian,12.wav,data/Emotify\pop\12.wav
312,pop,0,0,1,0,1,0,0,0,1,5,1,0,44,1,French,12.wav,data/Emotify\pop\12.wav
312,pop,0,0,0,0,1,0,0,0,0,4,0,1,35,1,English,12.wav,data/Emotify\pop\12.wav
312,pop,0,0,1,1,0,0,0,0,1,4,1,0,32,1,Italian,12.wav,data/Emotify\pop\12.wav
312,pop,0,1,0,1,0,0,0,0,1,3,0,1,37,0,Dutch,12.wav,data/Emotify\pop\12.wav
312,pop,0,1,0,1,0,0,0,0,0,4,0,0,25,1,Dutch,12.wav,data/Emotify\pop\12.wav
312,pop,0,0,0,0,0,0,1,1,0,5,1,0,69,1,German,12.wav,data/Emotify\pop\12.wav
312,pop,0,0,0,0,1,0,0,0,0,2,1,0,19,0,Russian,12.wav,data/Emotify\pop\12.wav
312,pop,0,0,0,0,0,0,0,0,1,4,0,1,25,1,English,12.wav,data/Emotify\pop\12.wav
312,pop,0,0,0,0,0,0,1,0,0,4,1,0,24,0,Russian,12.wav,data/Emotify\pop\12.wav
312,pop,0,1,0,0,0,1,0,0,0,4,1,0,31,1,English,12.wav,data/Emotify\pop\12.wav
312,pop,0,0,0,0,1,1,0,0,1,2,0,0,25,1,Russian,12.wav,data/Emotify\pop\12.wav
312,pop,0,0,0,1,1,0,0,0,1,3,1,0,33,0,English,12.wav,data/Emotify\pop\12.wav
312,pop,1,1,0,0,0,1,0,0,0,5,1,0,26,1,Russian,12.wav,data/Emotify\pop\12.wav
312,pop,0,1,0,0,0,1,1,0,0,3,0,0,29,1,Hindi,12.wav,data/Emotify\pop\12.wav
312,pop,0,0,0,0,1,0,0,0,1,3,0,1,30,0,Russian,12.wav,data/Emotify\pop\12.wav
312,pop,0,0,0,1,0,1,0,0,1,5,0,0,25,1,Russian,12.wav,data/Emotify\pop\12.wav
312,pop,0,0,1,0,0,0,0,0,0,5,1,0,26,0,Greek,12.wav,data/Emotify\pop\12.wav
312,pop,0,0,0,0,0,0,0,0,1,2,0,1,25,1,Russian,12.wav,data/Emotify\pop\12.wav
312,pop,0,0,0,0,0,0,0,1,0,4,0,1,26,0,English,12.wav,data/Emotify\pop\12.wav
312,pop,0,0,0,1,0,0,0,0,0,3,0,0,21,1,English,12.wav,data/Emotify\pop\12.wav
312,pop,0,0,0,1,0,0,0,0,0,4,1,0,56,0,English,12.wav,data/Emotify\pop\12.wav
312,pop,0,0,0,0,1,0,0,0,1,4,0,0,42,0,English,12.wav,data/Emotify\pop\12.wav
312,pop,0,0,0,1,0,0,0,0,1,3,0,0,33,0,Russian,12.wav,data/Emotify\pop\12.wav
312,pop,0,0,0,1,0,0,0,0,1,3,0,0,33,0,Dutch,12.wav,data/Emotify\pop\12.wav
312,pop,0,0,0,0,0,1,0,0,0,4,0,0,26,1,Russian,12.wav,data/Emotify\pop\12.wav
312,pop,0,0,0,1,0,0,0,0,1,1,0,1,30,0,Swedish,12.wav,data/Emotify\pop\12.wav
312,pop,0,0,0,0,1,0,0,0,0,3,0,1,29,0,Russian,12.wav,data/Emotify\pop\12.wav
312,pop,0,0,0,0,0,0,0,0,0,3,0,1,25,1,Russian,12.wav,data/Emotify\pop\12.wav
312,pop,0,1,1,0,0,0,0,0,0,4,1,0,24,0,Spanish,12.wav,data/Emotify\pop\12.wav
312,pop,0,0,0,1,0,0,0,1,1,2,0,1,54,1,English,12.wav,data/Emotify\pop\12.wav
313,pop,0,0,0,0,0,1,1,0,0,4,0,1,26,1,Dutch,13.wav,data/Emotify\pop\13.wav
313,pop,0,0,0,0,0,1,0,0,0,4,0,1,31,0,German,13.wav,data/Emotify\pop\13.wav
313,pop,0,0,0,0,0,0,0,1,0,1,0,1,20,1,French,13.wav,data/Emotify\pop\13.wav
313,pop,0,0,0,0,0,1,0,1,1,4,0,1,51,1,Dutch,13.wav,data/Emotify\pop\13.wav
313,pop,0,0,0,0,0,1,1,0,0,4,1,0,40,1,Dutch,13.wav,data/Emotify\pop\13.wav
313,pop,0,0,0,0,0,0,1,0,0,3,0,0,33,1,English,13.wav,data/Emotify\pop\13.wav
313,pop,1,0,0,0,0,1,0,1,0,4,0,0,21,0,Italian,13.wav,data/Emotify\pop\13.wav
313,pop,1,0,0,0,0,1,1,0,0,5,1,0,31,0,Dutch,13.wav,data/Emotify\pop\13.wav
313,pop,0,0,1,0,0,0,0,0,1,4,0,1,29,0,Russian,13.wav,data/Emotify\pop\13.wav
313,pop,0,0,0,1,0,0,0,0,0,3,0,1,53,0,English,13.wav,data/Emotify\pop\13.wav
313,pop,1,0,0,0,0,0,0,0,0,4,0,0,30,1,Russian,13.wav,data/Emotify\pop\13.wav
313,pop,0,0,0,0,0,0,0,1,0,5,0,1,28,0,Russian,13.wav,data/Emotify\pop\13.wav
313,pop,0,0,0,0,0,1,0,0,0,4,0,1,31,0,English,13.wav,data/Emotify\pop\13.wav
313,pop,0,0,0,0,0,0,0,1,0,4,0,1,28,0,English,13.wav,data/Emotify\pop\13.wav
313,pop,0,0,0,0,0,1,0,1,1,1,0,1,28,1,Russian,13.wav,data/Emotify\pop\13.wav
313,pop,1,0,0,0,0,0,0,0,0,3,0,0,14,1,Russian,13.wav,data/Emotify\pop\13.wav
313,pop,0,0,0,0,0,1,1,0,0,3,0,0,55,0,Dutch,13.wav,data/Emotify\pop\13.wav
313,pop,0,0,0,0,0,0,0,1,0,3,0,1,26,1,Hungarian,13.wav,data/Emotify\pop\13.wav
313,pop,0,0,0,0,0,0,0,1,0,4,0,1,30,1,Russian,13.wav,data/Emotify\pop\13.wav
313,pop,0,0,0,0,0,1,0,1,1,3,0,1,37,0,Dutch,13.wav,data/Emotify\pop\13.wav
313,pop,0,0,0,0,1,0,0,0,0,4,0,1,35,1,English,13.wav,data/Emotify\pop\13.wav
313,pop,0,0,0,0,0,0,1,0,0,4,0,0,34,1,English,13.wav,data/Emotify\pop\13.wav
313,pop,1,0,0,0,0,0,1,0,0,4,0,0,25,1,Dutch,13.wav,data/Emotify\pop\13.wav
313,pop,0,0,0,0,0,0,0,1,0,4,0,1,24,0,Russian,13.wav,data/Emotify\pop\13.wav
313,pop,0,0,0,0,0,0,1,0,0,2,0,1,19,0,Russian,13.wav,data/Emotify\pop\13.wav
313,pop,0,0,0,0,0,0,0,1,0,4,0,1,25,1,English,13.wav,data/Emotify\pop\13.wav
313,pop,1,0,0,0,0,1,1,0,0,2,0,0,25,1,Russian,13.wav,data/Emotify\pop\13.wav
313,pop,0,0,0,0,0,0,1,0,0,4,1,0,28,1,Italian,13.wav,data/Emotify\pop\13.wav
313,pop,0,0,0,0,0,1,0,1,0,5,0,1,69,1,German,13.wav,data/Emotify\pop\13.wav
313,pop,0,1,0,0,0,0,1,0,0,4,1,0,23,0,Ucrainian,13.wav,data/Emotify\pop\13.wav
313,pop,0,0,0,0,0,0,0,1,0,4,0,1,31,1,English,13.wav,data/Emotify\pop\13.wav
313,pop,0,0,0,0,0,1,1,1,0,3,0,1,33,0,English,13.wav,data/Emotify\pop\13.wav
313,pop,0,0,0,0,0,0,0,1,0,4,0,1,25,0,Turkish,13.wav,data/Emotify\pop\13.wav
313,pop,0,0,0,0,0,0,1,0,0,4,1,0,32,1,Italian,13.wav,data/Emotify\pop\13.wav
313,pop,0,0,0,1,0,0,0,0,0,4,0,0,24,0,Spanish,13.wav,data/Emotify\pop\13.wav
313,pop,0,0,0,0,0,0,1,0,0,2,0,1,25,1,Russian,13.wav,data/Emotify\pop\13.wav
313,pop,0,0,0,0,0,1,1,1,0,5,0,1,25,1,Russian,13.wav,data/Emotify\pop\13.wav
313,pop,0,0,0,0,0,0,0,1,0,4,0,1,42,0,English,13.wav,data/Emotify\pop\13.wav
313,pop,0,0,0,0,0,0,1,0,0,3,0,1,27,0,Spanish,13.wav,data/Emotify\pop\13.wav
313,pop,0,0,0,1,0,0,1,0,1,2,1,0,56,0,Dutch,13.wav,data/Emotify\pop\13.wav
313,pop,1,1,0,0,0,0,1,0,0,4,1,0,17,0,Norwegian,13.wav,data/Emotify\pop\13.wav
313,pop,0,0,1,1,0,0,1,0,0,5,0,1,31,0,English,13.wav,data/Emotify\pop\13.wav
313,pop,0,0,0,0,0,0,1,1,0,3,0,1,33,0,Russian,13.wav,data/Emotify\pop\13.wav
313,pop,0,0,0,1,0,0,0,0,0,3,0,0,33,0,Dutch,13.wav,data/Emotify\pop\13.wav
313,pop,0,0,0,0,0,0,1,0,0,1,0,0,30,0,Swedish,13.wav,data/Emotify\pop\13.wav
313,pop,0,0,0,0,0,0,1,0,0,4,0,0,26,1,Russian,13.wav,data/Emotify\pop\13.wav
313,pop,0,0,0,0,0,1,1,0,0,5,0,1,23,1,English,13.wav,data/Emotify\pop\13.wav
313,pop,0,0,0,0,1,0,0,0,0,3,0,0,21,0,Italian,13.wav,data/Emotify\pop\13.wav
313,pop,1,0,0,0,0,0,0,0,0,3,1,0,29,0,Russian,13.wav,data/Emotify\pop\13.wav
313,pop,0,0,0,0,0,0,1,0,0,2,0,1,28,0,Greek,13.wav,data/Emotify\pop\13.wav
313,pop,0,0,0,0,0,0,0,0,0,3,0,1,25,1,Russian,13.wav,data/Emotify\pop\13.wav
313,pop,0,1,0,0,0,1,0,1,0,5,0,0,25,0,Russian,13.wav,data/Emotify\pop\13.wav
313,pop,0,0,0,0,0,0,1,0,0,5,1,0,26,0,Russian,13.wav,data/Emotify\pop\13.wav
313,pop,0,0,0,0,0,0,0,1,0,2,0,0,28,0,English,13.wav,data/Emotify\pop\13.wav
313,pop,0,1,1,0,0,0,1,0,0,3,0,1,20,0,English,13.wav,data/Emotify\pop\13.wav
313,pop,0,0,0,0,0,1,1,0,0,2,0,1,39,1,Italian,13.wav,data/Emotify\pop\13.wav
313,pop,0,0,0,0,0,1,0,0,0,2,0,0,38,1,Romanian,13.wav,data/Emotify\pop\13.wav
314,pop,1,0,1,0,0,0,0,0,0,4,1,0,26,1,Dutch,14.wav,data/Emotify\pop\14.wav
314,pop,0,0,0,1,0,0,0,1,0,2,1,0,25,1,Russian,14.wav,data/Emotify\pop\14.wav
314,pop,0,0,0,0,1,0,0,0,1,4,1,0,45,1,Dutch,14.wav,data/Emotify\pop\14.wav
314,pop,0,0,0,0,0,1,0,0,0,3,0,0,33,1,English,14.wav,data/Emotify\pop\14.wav
314,pop,0,0,0,0,1,0,0,0,1,5,1,0,28,0,Russian,14.wav,data/Emotify\pop\14.wav
314,pop,0,0,1,1,1,0,0,0,0,5,0,1,31,0,Dutch,14.wav,data/Emotify\pop\14.wav
314,pop,0,0,0,0,1,0,0,0,0,5,0,0,27,0,Russian,14.wav,data/Emotify\pop\14.wav
314,pop,0,1,0,1,0,0,0,0,0,4,0,0,25,1,Dutch,14.wav,data/Emotify\pop\14.wav
314,pop,1,0,0,1,0,0,0,0,0,4,1,0,29,0,Russian,14.wav,data/Emotify\pop\14.wav
314,pop,0,0,0,0,0,0,1,0,0,4,0,1,17,0,English,14.wav,data/Emotify\pop\14.wav
314,pop,0,1,0,0,0,0,0,0,0,4,0,0,30,1,Russian,14.wav,data/Emotify\pop\14.wav
314,pop,0,0,0,0,0,0,1,0,0,4,1,0,31,0,English,14.wav,data/Emotify\pop\14.wav
314,pop,0,0,0,0,1,0,0,0,0,4,1,0,30,1,Russian,14.wav,data/Emotify\pop\14.wav
314,pop,0,0,0,0,1,0,0,0,0,4,1,0,28,0,English,14.wav,data/Emotify\pop\14.wav
314,pop,0,0,0,1,1,0,0,0,1,1,0,0,28,1,Russian,14.wav,data/Emotify\pop\14.wav
314,pop,0,0,0,1,0,0,0,0,0,3,1,0,14,1,Russian,14.wav,data/Emotify\pop\14.wav
314,pop,0,0,1,1,0,0,0,0,0,3,0,0,55,0,Dutch,14.wav,data/Emotify\pop\14.wav
314,pop,0,0,0,1,1,0,0,0,0,3,1,0,26,1,Hungarian,14.wav,data/Emotify\pop\14.wav
314,pop,0,0,0,0,1,0,0,0,1,4,0,0,30,1,Amharic,14.wav,data/Emotify\pop\14.wav
314,pop,0,0,0,0,1,0,0,0,0,4,0,0,24,0,Russian,14.wav,data/Emotify\pop\14.wav
314,pop,0,1,1,0,1,0,0,0,0,3,1,0,37,0,Dutch,14.wav,data/Emotify\pop\14.wav
314,pop,0,0,0,1,0,0,0,0,0,4,1,0,24,0,Spanish,14.wav,data/Emotify\pop\14.wav
314,pop,0,0,0,0,1,0,0,0,0,3,0,0,30,1,English,14.wav,data/Emotify\pop\14.wav
314,pop,1,1,1,0,0,0,0,0,0,3,1,0,33,0,English,14.wav,data/Emotify\pop\14.wav
314,pop,0,0,0,1,1,0,0,0,0,2,0,0,25,1,Russian,14.wav,data/Emotify\pop\14.wav
314,pop,0,0,1,0,0,0,0,1,0,5,1,0,69,1,German,14.wav,data/Emotify\pop\14.wav
314,pop,0,0,0,0,1,0,0,0,0,4,0,0,31,1,English,14.wav,data/Emotify\pop\14.wav
314,pop,0,0,0,0,1,0,0,0,0,4,0,1,25,0,Turkish,14.wav,data/Emotify\pop\14.wav
314,pop,0,0,0,0,1,0,0,0,0,3,1,1,19,0,Russian,14.wav,data/Emotify\pop\14.wav
314,pop,0,0,0,1,1,0,0,0,1,5,0,0,26,1,Russian,14.wav,data/Emotify\pop\14.wav
314,pop,0,0,0,0,1,0,0,0,0,5,0,0,25,1,Russian,14.wav,data/Emotify\pop\14.wav
314,pop,1,0,1,0,1,0,0,0,0,3,0,0,29,1,Hindi,14.wav,data/Emotify\pop\14.wav
314,pop,0,0,0,1,1,0,0,0,0,3,0,0,27,0,Spanish,14.wav,data/Emotify\pop\14.wav
314,pop,0,0,0,1,1,0,0,0,1,2,0,0,56,0,Dutch,14.wav,data/Emotify\pop\14.wav
314,pop,0,0,1,1,0,0,0,0,1,4,0,0,21,0,Italian,14.wav,data/Emotify\pop\14.wav
314,pop,0,0,0,0,1,0,0,0,0,3,0,0,21,0,Italian,14.wav,data/Emotify\pop\14.wav
314,pop,0,0,1,0,1,0,1,0,0,3,1,0,22,0,English,14.wav,data/Emotify\pop\14.wav
314,pop,0,0,0,0,1,0,0,0,0,5,0,0,31,0,English,14.wav,data/Emotify\pop\14.wav
314,pop,0,0,1,1,1,0,0,0,0,3,0,0,33,0,Dutch,14.wav,data/Emotify\pop\14.wav
314,pop,0,1,1,0,0,0,1,0,0,4,0,0,20,1,Italian,14.wav,data/Emotify\pop\14.wav
314,pop,0,1,0,0,0,0,0,0,0,3,0,0,29,0,Russian,14.wav,data/Emotify\pop\14.wav
314,pop,0,0,0,0,0,0,0,0,0,3,0,1,25,1,Russian,14.wav,data/Emotify\pop\14.wav
314,pop,0,0,0,0,1,0,0,0,0,4,0,0,26,1,Russian,14.wav,data/Emotify\pop\14.wav
314,pop,0,0,0,1,1,0,0,0,1,5,0,1,23,1,English,14.wav,data/Emotify\pop\14.wav
314,pop,0,0,0,1,1,0,0,0,0,2,0,0,28,0,Greek,14.wav,data/Emotify\pop\14.wav
314,pop,0,0,1,0,1,0,0,1,0,5,1,0,25,0,Russian,14.wav,data/Emotify\pop\14.wav
314,pop,0,0,0,0,1,0,0,0,0,2,1,0,39,1,Italian,14.wav,data/Emotify\pop\14.wav
314,pop,0,0,0,1,0,1,0,1,0,2,0,0,38,1,Romanian,14.wav,data/Emotify\pop\14.wav
314,pop,0,0,0,1,1,0,0,0,0,4,0,0,34,0,Russian,14.wav,data/Emotify\pop\14.wav
315,pop,0,0,0,0,0,0,0,0,1,5,0,0,25,1,Russian,15.wav,data/Emotify\pop\15.wav
315,pop,0,0,0,0,0,0,0,1,0,3,0,1,24,1,Dutch,15.wav,data/Emotify\pop\15.wav
315,pop,0,0,0,1,0,0,0,0,0,5,0,0,27,0,Russian,15.wav,data/Emotify\pop\15.wav
315,pop,0,0,0,0,1,0,0,0,0,4,0,0,29,0,Russian,15.wav,data/Emotify\pop\15.wav
315,pop,0,0,1,1,0,0,0,0,1,4,1,0,17,0,English,15.wav,data/Emotify\pop\15.wav
315,pop,0,0,0,0,1,0,0,0,0,4,1,0,30,1,Russian,15.wav,data/Emotify\pop\15.wav
315,pop,0,0,0,1,1,0,0,0,1,2,0,0,29,1,Russian,15.wav,data/Emotify\pop\15.wav
315,pop,0,0,1,1,1,0,0,0,0,4,1,0,31,0,English,15.wav,data/Emotify\pop\15.wav
315,pop,1,0,0,0,1,0,1,0,0,3,0,0,30,1,English,15.wav,data/Emotify\pop\15.wav
315,pop,0,0,0,1,0,0,0,0,0,4,1,0,28,0,English,15.wav,data/Emotify\pop\15.wav
315,pop,0,1,0,1,0,1,0,0,0,1,1,0,28,1,Russian,15.wav,data/Emotify\pop\15.wav
315,pop,0,0,0,0,0,0,0,0,1,3,0,0,55,0,Dutch,15.wav,data/Emotify\pop\15.wav
315,pop,0,1,0,1,1,0,0,0,0,3,1,0,26,1,Hungarian,15.wav,data/Emotify\pop\15.wav
315,pop,0,0,0,0,0,1,0,1,0,4,0,0,30,1,Amharic,15.wav,data/Emotify\pop\15.wav
315,pop,0,0,0,1,1,0,0,0,0,3,0,0,29,0,Russian,15.wav,data/Emotify\pop\15.wav
315,pop,0,1,1,0,1,0,0,0,0,3,1,0,37,0,Dutch,15.wav,data/Emotify\pop\15.wav
315,pop,0,0,1,1,1,0,0,0,0,5,0,0,31,0,Dutch,15.wav,data/Emotify\pop\15.wav
315,pop,0,0,0,1,1,0,0,0,0,4,0,0,31,1,English,15.wav,data/Emotify\pop\15.wav
315,pop,0,0,0,1,0,0,0,1,1,2,0,0,25,1,Russian,15.wav,data/Emotify\pop\15.wav
315,pop,0,1,1,1,0,0,0,0,0,3,1,0,33,0,English,15.wav,data/Emotify\pop\15.wav
315,pop,0,0,0,0,1,0,0,0,0,2,0,1,19,0,Russian,15.wav,data/Emotify\pop\15.wav
315,pop,0,0,1,0,1,0,1,0,0,4,0,1,37,0,German,15.wav,data/Emotify\pop\15.wav
315,pop,0,0,0,0,0,0,1,1,0,5,0,1,69,1,German,15.wav,data/Emotify\pop\15.wav
315,pop,0,0,0,1,1,0,0,0,1,5,0,0,25,1,Russian,15.wav,data/Emotify\pop\15.wav
315,pop,0,0,0,1,0,0,0,0,0,4,0,1,25,0,Turkish,15.wav,data/Emotify\pop\15.wav
315,pop,0,0,0,0,1,0,0,0,1,3,0,0,29,1,Russian,15.wav,data/Emotify\pop\15.wav
315,pop,0,0,0,0,1,0,0,0,0,3,1,0,19,0,Russian,15.wav,data/Emotify\pop\15.wav
315,pop,0,0,1,0,0,0,0,1,1,4,1,0,20,1,Italian,15.wav,data/Emotify\pop\15.wav
315,pop,0,0,1,0,1,0,1,0,0,3,0,0,29,1,Hindi,15.wav,data/Emotify\pop\15.wav
315,pop,0,0,1,0,1,0,0,0,0,3,1,0,27,0,Spanish,15.wav,data/Emotify\pop\15.wav
315,pop,0,0,0,1,0,0,0,0,0,3,0,0,21,0,Italian,15.wav,data/Emotify\pop\15.wav
315,pop,0,0,1,0,1,0,0,0,0,2,1,0,56,0,Dutch,15.wav,data/Emotify\pop\15.wav
315,pop,0,0,0,0,0,0,0,0,0,3,0,1,25,1,Russian,15.wav,data/Emotify\pop\15.wav
315,pop,0,0,0,1,0,0,0,0,1,3,0,0,33,0,Dutch,15.wav,data/Emotify\pop\15.wav
315,pop,0,0,0,1,0,0,0,0,0,4,0,0,26,1,Russian,15.wav,data/Emotify\pop\15.wav
315,pop,0,0,0,1,1,0,0,0,1,5,1,0,23,1,English,15.wav,data/Emotify\pop\15.wav
315,pop,0,0,0,1,1,0,0,0,1,2,0,0,28,0,Greek,15.wav,data/Emotify\pop\15.wav
315,pop,0,0,1,0,0,0,0,1,0,2,0,0,38,1,Romanian,15.wav,data/Emotify\pop\15.wav
315,pop,0,0,1,1,1,0,0,0,0,2,0,0,39,1,Italian,15.wav,data/Emotify\pop\15.wav
315,pop,0,1,0,0,1,0,0,1,0,5,1,0,25,0,Russian,15.wav,data/Emotify\pop\15.wav
315,pop,0,0,0,1,0,0,0,0,1,4,0,0,34,0,Russian,15.wav,data/Emotify\pop\15.wav
315,pop,0,0,0,0,1,0,0,0,0,4,1,0,27,0,Russian,15.wav,data/Emotify\pop\15.wav
315,pop,0,0,1,0,1,0,0,0,0,4,0,0,26,1,Dutch,15.wav,data/Emotify\pop\15.wav
315,pop,1,0,0,0,0,0,0,0,0,4,0,1,45,1,Dutch,15.wav,data/Emotify\pop\15.wav
316,pop,0,0,0,0,0,0,0,1,0,4,0,1,29,0,Russian,16.wav,data/Emotify\pop\16.wav
316,pop,0,0,1,0,1,0,0,0,0,4,1,0,30,1,Russian,16.wav,data/Emotify\pop\16.wav
316,pop,0,1,0,0,0,0,0,0,0,4,0,1,17,0,English,16.wav,data/Emotify\pop\16.wav
316,pop,0,0,1,0,1,0,0,0,0,2,0,0,29,1,Russian,16.wav,data/Emotify\pop\16.wav
316,pop,0,1,0,1,0,0,0,0,0,4,1,0,31,0,English,16.wav,data/Emotify\pop\16.wav
316,pop,0,1,0,0,0,0,0,0,0,4,1,0,28,0,English,16.wav,data/Emotify\pop\16.wav
316,pop,0,0,0,0,1,0,0,1,0,1,0,1,28,1,Russian,16.wav,data/Emotify\pop\16.wav
316,pop,0,0,0,0,1,1,0,0,0,3,0,0,55,0,Dutch,16.wav,data/Emotify\pop\16.wav
316,pop,0,0,0,1,0,0,0,0,0,5,0,0,26,1,Russian,16.wav,data/Emotify\pop\16.wav
316,pop,0,1,0,0,1,0,0,0,0,3,1,0,26,1,Hungarian,16.wav,data/Emotify\pop\16.wav
316,pop,0,1,0,1,1,0,0,0,0,5,1,0,24,0,English,16.wav,data/Emotify\pop\16.wav
316,pop,0,0,0,1,0,0,0,0,0,4,1,0,28,1,Dutch,16.wav,data/Emotify\pop\16.wav
316,pop,0,0,0,0,0,0,0,1,0,4,0,0,31,1,English,16.wav,data/Emotify\pop\16.wav
316,pop,0,0,1,1,0,0,0,0,0,2,0,1,19,0,Russian,16.wav,data/Emotify\pop\16.wav
316,pop,0,0,0,0,1,0,1,0,0,2,1,0,28,0,Portuguese,16.wav,data/Emotify\pop\16.wav
316,pop,0,0,1,0,1,0,1,0,0,3,1,0,33,0,English,16.wav,data/Emotify\pop\16.wav
316,pop,0,0,1,0,0,0,0,0,0,4,0,0,27,1,Dutch,16.wav,data/Emotify\pop\16.wav
316,pop,0,0,0,0,0,0,1,0,0,5,0,0,69,1,German,16.wav,data/Emotify\pop\16.wav
316,pop,0,0,1,0,0,0,0,0,0,4,0,0,25,0,Turkish,16.wav,data/Emotify\pop\16.wav
316,pop,0,0,1,1,0,0,0,0,1,3,0,0,29,1,Russian,16.wav,data/Emotify\pop\16.wav
316,pop,0,0,1,0,1,0,0,0,0,3,1,0,19,0,Russian,16.wav,data/Emotify\pop\16.wav
316,pop,0,0,0,0,0,0,0,1,1,4,0,1,35,0,Russian,16.wav,data/Emotify\pop\16.wav
316,pop,0,0,0,0,1,0,0,0,0,4,0,1,29,1,Greek,16.wav,data/Emotify\pop\16.wav
316,pop,0,0,0,0,1,0,0,0,0,4,1,0,34,1,Polish,16.wav,data/Emotify\pop\16.wav
316,pop,0,0,1,0,0,1,1,0,0,3,0,0,29,1,Hindi,16.wav,data/Emotify\pop\16.wav
316,pop,0,0,1,0,1,0,1,0,0,3,1,0,43,1,English,16.wav,data/Emotify\pop\16.wav
316,pop,0,0,0,1,0,0,0,0,0,3,1,0,25,1,Russian,16.wav,data/Emotify\pop\16.wav
316,pop,0,1,0,0,0,1,1,0,0,5,1,0,23,1,English,16.wav,data/Emotify\pop\16.wav
316,pop,0,0,0,0,1,1,1,0,0,5,0,0,39,1,French,16.wav,data/Emotify\pop\16.wav
316,pop,1,0,0,0,0,0,1,0,0,2,0,0,38,1,Romanian,16.wav,data/Emotify\pop\16.wav
316,pop,0,0,0,0,0,0,0,0,1,4,0,0,26,1,Russian,16.wav,data/Emotify\pop\16.wav
316,pop,0,0,1,1,1,0,0,0,0,2,0,0,28,0,Greek,16.wav,data/Emotify\pop\16.wav
316,pop,0,0,0,1,0,0,0,0,0,2,0,1,39,1,Italian,16.wav,data/Emotify\pop\16.wav
316,pop,0,0,0,0,1,1,0,1,0,5,1,0,25,0,Russian,16.wav,data/Emotify\pop\16.wav
316,pop,1,0,0,0,0,0,0,0,0,4,1,0,18,1,Russian,16.wav,data/Emotify\pop\16.wav
316,pop,0,1,0,1,0,0,0,0,0,4,0,0,34,0,Russian,16.wav,data/Emotify\pop\16.wav
316,pop,1,1,0,0,0,0,0,0,0,5,0,0,36,1,Japanese,16.wav,data/Emotify\pop\16.wav
316,pop,0,0,0,1,0,0,0,1,0,3,0,0,24,1,Dutch,16.wav,data/Emotify\pop\16.wav
316,pop,0,1,0,0,1,0,0,0,0,4,1,0,24,0,Dutch,16.wav,data/Emotify\pop\16.wav
316,pop,0,0,0,0,1,0,0,0,0,4,1,0,27,0,Russian,16.wav,data/Emotify\pop\16.wav
316,pop,0,0,0,0,1,0,0,0,0,5,0,1,22,0,English,16.wav,data/Emotify\pop\16.wav
317,pop,0,0,0,0,1,0,0,0,0,2,0,1,30,0,Portuguese,17.wav,data/Emotify\pop\17.wav
317,pop,0,0,0,1,1,0,0,0,0,4,1,0,31,0,English,17.wav,data/Emotify\pop\17.wav
317,pop,0,0,0,0,1,0,0,0,0,1,0,1,28,1,Russian,17.wav,data/Emotify\pop\17.wav
317,pop,0,0,0,0,0,0,0,0,1,5,0,0,26,1,Russian,17.wav,data/Emotify\pop\17.wav
317,pop,0,1,0,0,1,0,0,0,0,3,1,0,26,1,Hungarian,17.wav,data/Emotify\pop\17.wav
317,pop,0,1,0,1,1,0,0,0,0,5,1,0,24,0,English,17.wav,data/Emotify\pop\17.wav
317,pop,0,0,0,1,0,0,0,0,0,4,1,0,28,1,Dutch,17.wav,data/Emotify\pop\17.wav
317,pop,0,1,0,0,1,0,0,0,1,4,1,0,31,1,English,17.wav,data/Emotify\pop\17.wav
317,pop,0,1,1,0,1,0,0,0,0,3,1,0,33,0,English,17.wav,data/Emotify\pop\17.wav
317,pop,0,0,1,1,1,0,0,0,0,2,1,0,28,0,Portuguese,17.wav,data/Emotify\pop\17.wav
317,pop,0,0,0,0,1,0,0,0,0,4,0,0,27,1,Dutch,17.wav,data/Emotify\pop\17.wav
317,pop,0,0,0,0,1,0,0,0,0,5,0,0,69,1,German,17.wav,data/Emotify\pop\17.wav
317,pop,0,1,1,0,1,0,0,0,0,5,0,1,25,1,Russian,17.wav,data/Emotify\pop\17.wav
317,pop,0,0,0,0,1,0,0,0,0,4,1,0,25,0,Turkish,17.wav,data/Emotify\pop\17.wav
317,pop,0,0,0,0,1,0,0,0,0,3,0,0,19,0,Russian,17.wav,data/Emotify\pop\17.wav
317,pop,0,0,1,0,0,0,0,0,1,4,1,0,29,1,Greek,17.wav,data/Emotify\pop\17.wav
317,pop,0,0,1,0,0,0,0,0,1,2,0,1,20,1,Dutch,17.wav,data/Emotify\pop\17.wav
317,pop,0,0,0,1,0,0,0,0,0,4,1,0,34,1,Polish,17.wav,data/Emotify\pop\17.wav
317,pop,0,0,1,0,1,0,0,0,1,3,0,0,29,1,Hindi,17.wav,data/Emotify\pop\17.wav
317,pop,0,0,1,1,1,0,0,0,0,3,1,0,43,1,English,17.wav,data/Emotify\pop\17.wav
317,pop,0,1,0,0,0,0,0,1,1,2,0,0,38,1,Romanian,17.wav,data/Emotify\pop\17.wav
317,pop,0,0,0,0,1,0,0,0,0,3,0,0,25,1,Russian,17.wav,data/Emotify\pop\17.wav
317,pop,0,1,1,0,1,0,0,0,0,5,0,0,39,1,French,17.wav,data/Emotify\pop\17.wav
317,pop,0,0,1,0,0,0,0,0,0,4,0,0,26,1,Russian,17.wav,data/Emotify\pop\17.wav
317,pop,0,0,0,0,1,1,1,0,0,5,1,0,25,0,Russian,17.wav,data/Emotify\pop\17.wav
317,pop,0,0,1,1,1,0,0,0,0,2,0,0,28,0,Greek,17.wav,data/Emotify\pop\17.wav
317,pop,0,0,1,0,0,0,0,0,0,2,0,1,39,1,Italian,17.wav,data/Emotify\pop\17.wav
317,pop,0,0,0,1,1,0,0,0,0,4,0,0,34,0,Russian,17.wav,data/Emotify\pop\17.wav
317,pop,0,0,0,1,0,0,0,0,0,3,0,0,24,1,Dutch,17.wav,data/Emotify\pop\17.wav
317,pop,1,0,1,0,0,0,1,0,0,4,1,0,24,0,Dutch,17.wav,data/Emotify\pop\17.wav
317,pop,0,1,0,0,1,0,0,0,0,3,0,0,47,0,Dutch,17.wav,data/Emotify\pop\17.wav
317,pop,0,0,0,0,0,0,0,0,1,4,0,1,24,1,Dutch,17.wav,data/Emotify\pop\17.wav
317,pop,0,0,0,0,1,0,0,0,1,5,0,1,22,0,English,17.wav,data/Emotify\pop\17.wav
317,pop,0,0,0,0,0,0,0,1,0,4,0,1,29,0,Russian,17.wav,data/Emotify\pop\17.wav
317,pop,0,1,1,0,1,0,0,0,0,4,1,0,17,0,English,17.wav,data/Emotify\pop\17.wav
317,pop,0,0,1,0,1,0,0,0,1,4,1,0,30,1,Russian,17.wav,data/Emotify\pop\17.wav
318,pop,0,1,0,0,0,0,0,0,0,5,1,0,26,1,Russian,18.wav,data/Emotify\pop\18.wav
318,pop,0,0,0,0,0,0,1,0,0,2,0,1,30,0,Portuguese,18.wav,data/Emotify\pop\18.wav
318,pop,0,1,0,1,1,0,0,0,0,5,1,0,24,0,English,18.wav,data/Emotify\pop\18.wav
318,pop,1,0,1,0,0,1,0,0,0,1,1,0,28,1,Russian,18.wav,data/Emotify\pop\18.wav
318,pop,0,1,0,0,0,1,0,0,0,4,1,0,31,1,English,18.wav,data/Emotify\pop\18.wav
318,pop,0,0,1,0,0,0,1,0,0,3,1,0,26,1,Hungarian,18.wav,data/Emotify\pop\18.wav
318,pop,0,0,0,0,0,0,0,0,1,4,1,0,28,1,Dutch,18.wav,data/Emotify\pop\18.wav
318,pop,0,0,0,0,0,1,0,1,1,3,0,1,33,0,English,18.wav,data/Emotify\pop\18.wav
318,pop,0,0,1,0,0,0,0,1,1,4,1,0,29,0,Russian,18.wav,data/Emotify\pop\18.wav
318,pop,0,0,0,0,0,1,0,0,0,5,1,0,29,1,Russian,18.wav,data/Emotify\pop\18.wav
318,pop,0,1,0,0,0,0,0,0,0,4,1,0,34,1,Polish,18.wav,data/Emotify\pop\18.wav
318,pop,0,0,0,0,1,0,0,0,0,4,0,0,27,1,Dutch,18.wav,data/Emotify\pop\18.wav
318,pop,0,1,0,0,0,0,0,0,0,4,1,0,25,0,Turkish,18.wav,data/Emotify\pop\18.wav
318,pop,0,0,0,1,0,1,1,0,0,3,1,0,43,1,English,18.wav,data/Emotify\pop\18.wav
318,pop,0,0,1,0,0,0,0,0,1,2,0,0,20,1,Dutch,18.wav,data/Emotify\pop\18.wav
318,pop,1,1,0,0,0,0,1,0,0,3,0,0,29,1,Hindi,18.wav,data/Emotify\pop\18.wav
318,pop,0,0,0,0,0,0,0,1,0,2,0,1,38,1,Romanian,18.wav,data/Emotify\pop\18.wav
318,pop,0,0,0,0,0,0,0,0,0,3,0,1,25,1,Russian,18.wav,data/Emotify\pop\18.wav
318,pop,0,1,0,1,0,0,0,1,0,5,0,0,39,1,French,18.wav,data/Emotify\pop\18.wav
318,pop,0,0,0,0,1,1,0,1,0,5,1,0,25,0,Russian,18.wav,data/Emotify\pop\18.wav
318,pop,0,0,0,0,0,0,1,1,0,2,1,0,39,1,Italian,18.wav,data/Emotify\pop\18.wav
318,pop,0,0,0,0,0,1,0,0,0,3,0,1,24,1,Dutch,18.wav,data/Emotify\pop\18.wav
318,pop,0,0,0,0,0,1,1,0,0,3,0,0,47,0,Dutch,18.wav,data/Emotify\pop\18.wav
318,pop,1,0,0,0,0,1,0,0,0,4,1,0,24,0,Dutch,18.wav,data/Emotify\pop\18.wav
318,pop,0,0,0,0,0,0,0,1,0,4,0,0,25,0,French,18.wav,data/Emotify\pop\18.wav
318,pop,0,1,0,0,0,0,1,0,0,4,0,0,29,0,Russian,18.wav,data/Emotify\pop\18.wav
318,pop,0,1,0,0,0,0,0,1,1,5,0,1,25,1,Russian,18.wav,data/Emotify\pop\18.wav
318,pop,0,0,0,0,0,1,1,0,0,4,1,0,30,1,Russian,18.wav,data/Emotify\pop\18.wav
319,pop,1,0,1,0,0,1,0,0,0,1,1,0,28,1,Russian,19.wav,data/Emotify\pop\19.wav
319,pop,0,0,0,0,0,0,0,1,0,3,0,1,26,1,Hungarian,19.wav,data/Emotify\pop\19.wav
319,pop,0,0,0,0,0,0,0,1,0,4,1,0,28,1,Dutch,19.wav,data/Emotify\pop\19.wav
319,pop,0,1,0,0,0,0,0,1,1,3,0,1,33,0,English,19.wav,data/Emotify\pop\19.wav
319,pop,0,0,0,0,1,0,0,0,0,5,1,0,29,1,Russian,19.wav,data/Emotify\pop\19.wav
319,pop,0,0,0,0,0,0,0,0,1,3,0,1,25,0,Russian,19.wav,data/Emotify\pop\19.wav
319,pop,0,0,0,0,0,0,0,1,0,4,1,0,25,0,Turkish,19.wav,data/Emotify\pop\19.wav
319,pop,0,0,0,0,0,0,0,0,1,4,0,1,27,1,English,19.wav,data/Emotify\pop\19.wav
319,pop,0,0,0,0,0,0,0,1,0,3,0,0,29,1,Hindi,19.wav,data/Emotify\pop\19.wav
319,pop,0,1,0,0,0,0,0,1,0,2,0,0,20,1,Dutch,19.wav,data/Emotify\pop\19.wav
319,pop,0,0,0,0,0,0,0,1,1,3,0,1,24,1,Dutch,19.wav,data/Emotify\pop\19.wav
319,pop,0,1,0,0,0,0,0,0,0,3,0,0,25,1,Russian,19.wav,data/Emotify\pop\19.wav
319,pop,0,1,0,0,1,0,0,0,0,2,0,0,40,1,German,19.wav,data/Emotify\pop\19.wav
319,pop,0,0,0,0,0,0,0,1,0,5,0,0,25,1,Russian,19.wav,data/Emotify\pop\19.wav
319,pop,0,0,0,0,0,0,0,1,0,2,1,0,39,1,Italian,19.wav,data/Emotify\pop\19.wav
319,pop,0,0,0,0,0,0,0,1,1,5,0,0,33,1,Dutch,19.wav,data/Emotify\pop\19.wav
319,pop,0,0,0,1,1,0,0,0,0,3,0,0,47,0,Dutch,19.wav,data/Emotify\pop\19.wav
319,pop,0,0,0,0,0,0,0,1,0,4,0,1,29,0,Russian,19.wav,data/Emotify\pop\19.wav
319,pop,0,1,0,0,1,0,0,1,0,5,0,1,24,0,English,19.wav,data/Emotify\pop\19.wav
320,pop,0,0,1,0,0,0,0,0,0,4,1,0,28,1,Dutch,20.wav,data/Emotify\pop\20.wav
320,pop,0,0,0,1,0,0,0,0,0,5,1,0,29,1,Russian,20.wav,data/Emotify\pop\20.wav
320,pop,1,1,0,0,1,0,0,0,0,3,1,0,33,0,English,20.wav,data/Emotify\pop\20.wav
320,pop,0,0,1,0,1,0,0,0,1,5,0,1,28,1,English,20.wav,data/Emotify\pop\20.wav
320,pop,0,0,0,0,1,0,0,0,1,4,0,0,25,1,Russian,20.wav,data/Emotify\pop\20.wav
320,pop,0,1,0,0,0,0,0,1,1,2,0,0,20,1,Dutch,20.wav,data/Emotify\pop\20.wav
320,pop,0,1,0,0,1,1,0,0,0,3,0,0,29,1,Hindi,20.wav,data/Emotify\pop\20.wav
320,pop,0,0,0,1,0,0,0,0,0,4,0,1,25,0,Turkish,20.wav,data/Emotify\pop\20.wav
320,pop,1,1,0,0,1,0,0,0,0,2,1,0,38,1,Romanian,20.wav,data/Emotify\pop\20.wav
320,pop,0,1,0,0,0,0,0,0,0,3,1,0,25,1,Russian,20.wav,data/Emotify\pop\20.wav
320,pop,0,1,0,1,0,0,0,0,0,2,0,1,39,1,Italian,20.wav,data/Emotify\pop\20.wav
320,pop,0,1,0,0,1,0,0,0,1,4,0,0,41,1,Dutch,20.wav,data/Emotify\pop\20.wav
320,pop,0,1,0,0,1,0,0,0,0,5,0,0,38,1,Dutch,20.wav,data/Emotify\pop\20.wav
320,pop,0,1,0,0,1,0,0,0,0,3,0,0,30,0,Russian,20.wav,data/Emotify\pop\20.wav
320,pop,0,0,0,0,0,0,0,1,0,4,0,1,29,0,Russian,20.wav,data/Emotify\pop\20.wav
320,pop,0,1,1,0,0,0,1,0,0,5,0,1,24,0,English,20.wav,data/Emotify\pop\20.wav
320,pop,0,1,0,1,1,0,0,0,0,4,1,0,26,0,Italian,20.wav,data/Emotify\pop\20.wav
320,pop,0,0,0,1,0,1,0,0,1,1,0,0,28,1,Russian,20.wav,data/Emotify\pop\20.wav
320,pop,0,0,1,0,1,0,0,0,0,3,1,0,26,1,Hungarian,20.wav,data/Emotify\pop\20.wav
321,pop,1,0,0,0,0,1,1,0,0,3,1,0,33,0,English,21.wav,data/Emotify\pop\21.wav
321,pop,0,0,0,0,0,0,1,0,0,4,1,0,25,0,Turkish,21.wav,data/Emotify\pop\21.wav
321,pop,0,0,1,0,0,1,1,0,0,2,0,0,38,1,Romanian,21.wav,data/Emotify\pop\21.wav
321,pop,0,0,0,1,1,0,0,0,1,4,0,0,41,1,Dutch,21.wav,data/Emotify\pop\21.wav
321,pop,0,0,0,0,0,1,0,1,0,4,0,0,18,0,Dutch,21.wav,data/Emotify\pop\21.wav
321,pop,0,0,0,0,0,0,0,1,0,3,0,1,19,1,Dutch,21.wav,data/Emotify\pop\21.wav
321,pop,0,0,0,0,0,1,1,0,0,4,1,0,26,0,Italian,21.wav,data/Emotify\pop\21.wav
321,pop,1,0,0,0,0,1,1,0,0,5,1,0,38,1,Dutch,21.wav,data/Emotify\pop\21.wav
321,pop,1,0,0,0,0,1,1,0,0,5,1,0,24,0,English,21.wav,data/Emotify\pop\21.wav
321,pop,1,0,0,0,0,0,0,0,0,3,0,0,27,0,Chinese,21.wav,data/Emotify\pop\21.wav
321,pop,0,0,0,0,0,1,0,1,0,3,0,0,30,0,Russian,21.wav,data/Emotify\pop\21.wav
321,pop,0,0,0,0,0,0,0,0,1,4,0,1,29,0,Russian,21.wav,data/Emotify\pop\21.wav
321,pop,0,0,0,0,0,1,0,0,0,1,1,0,28,1,Russian,21.wav,data/Emotify\pop\21.wav
321,pop,0,0,0,0,0,0,1,0,0,3,1,0,26,1,Hungarian,21.wav,data/Emotify\pop\21.wav
321,pop,0,0,0,0,0,1,0,0,0,4,1,0,28,1,Dutch,21.wav,data/Emotify\pop\21.wav
322,pop,0,0,0,0,0,0,0,0,1,4,1,0,25,0,Turkish,22.wav,data/Emotify\pop\22.wav
322,pop,0,0,0,0,1,0,0,0,0,2,0,0,38,1,Romanian,22.wav,data/Emotify\pop\22.wav
322,pop,0,0,1,0,1,0,0,0,1,4,0,0,41,1,Dutch,22.wav,data/Emotify\pop\22.wav
322,pop,0,1,0,1,1,0,0,0,0,4,0,0,18,0,Dutch,22.wav,data/Emotify\pop\22.wav
322,pop,0,0,0,1,1,0,0,0,0,3,0,1,19,1,Dutch,22.wav,data/Emotify\pop\22.wav
322,pop,0,0,0,1,1,0,0,0,0,3,0,0,27,1,Chinese,22.wav,data/Emotify\pop\22.wav
322,pop,0,0,1,0,1,0,0,0,0,4,1,0,26,0,Italian,22.wav,data/Emotify\pop\22.wav
322,pop,0,1,0,1,1,0,0,0,0,5,0,0,38,1,Dutch,22.wav,data/Emotify\pop\22.wav
322,pop,0,1,0,1,1,0,0,0,0,5,1,0,24,0,English,22.wav,data/Emotify\pop\22.wav
322,pop,0,0,0,0,1,0,0,0,1,3,0,0,30,0,Russian,22.wav,data/Emotify\pop\22.wav
322,pop,0,0,0,1,0,1,0,0,0,1,1,0,28,1,Russian,22.wav,data/Emotify\pop\22.wav
322,pop,0,0,0,0,0,0,0,1,0,3,0,1,26,1,Hungarian,22.wav,data/Emotify\pop\22.wav
322,pop,0,0,0,0,0,0,0,0,1,4,1,0,28,1,Dutch,22.wav,data/Emotify\pop\22.wav
323,pop,0,0,1,1,1,0,0,0,0,4,1,0,26,1,Chinese,23.wav,data/Emotify\pop\23.wav
323,pop,0,0,0,0,1,0,1,0,0,3,0,0,30,0,Russian,23.wav,data/Emotify\pop\23.wav
323,pop,0,0,0,0,0,0,0,1,1,4,0,1,46,1,Dutch,23.wav,data/Emotify\pop\23.wav
323,pop,0,0,0,1,1,0,0,1,0,4,0,0,41,1,Dutch,23.wav,data/Emotify\pop\23.wav
323,pop,0,0,0,0,1,0,1,0,0,3,1,0,27,1,Chinese,23.wav,data/Emotify\pop\23.wav
323,pop,0,0,0,0,0,0,1,1,0,1,0,0,26,1,Russian,23.wav,data/Emotify\pop\23.wav
323,pop,0,0,0,0,0,0,0,1,0,5,0,1,38,1,Dutch,23.wav,data/Emotify\pop\23.wav
323,pop,0,0,0,0,1,0,1,1,0,5,1,0,24,0,English,23.wav,data/Emotify\pop\23.wav
323,pop,0,0,0,1,1,1,0,0,0,2,1,0,38,0,Dutch,23.wav,data/Emotify\pop\23.wav
323,pop,0,0,0,1,1,0,0,0,0,4,1,0,43,0,Dutch,23.wav,data/Emotify\pop\23.wav
323,pop,0,0,0,1,0,0,0,0,0,4,1,0,28,1,Dutch,23.wav,data/Emotify\pop\23.wav
323,pop,0,0,0,0,0,0,0,0,1,2,0,1,21,0,Russian,23.wav,data/Emotify\pop\23.wav
324,pop,0,0,0,1,0,0,0,0,0,4,1,0,46,1,Dutch,24.wav,data/Emotify\pop\24.wav
324,pop,1,1,0,0,0,0,0,1,0,4,0,0,41,1,Dutch,24.wav,data/Emotify\pop\24.wav
324,pop,0,0,1,0,1,0,0,0,1,3,1,0,22,1,Russian,24.wav,data/Emotify\pop\24.wav
324,pop,0,1,1,0,1,0,0,0,0,5,0,1,24,0,English,24.wav,data/Emotify\pop\24.wav
324,pop,0,0,1,0,1,0,0,0,1,4,1,0,43,0,Dutch,24.wav,data/Emotify\pop\24.wav
324,pop,0,0,0,1,0,0,0,0,0,4,0,1,34,0,Russian,24.wav,data/Emotify\pop\24.wav
324,pop,0,0,0,1,0,0,0,1,1,4,1,0,27,0,Dutch,24.wav,data/Emotify\pop\24.wav
324,pop,0,0,0,1,0,0,0,0,1,2,0,0,42,0,Dutch,24.wav,data/Emotify\pop\24.wav
324,pop,0,0,0,1,0,0,0,0,1,1,0,0,26,1,Russian,24.wav,data/Emotify\pop\24.wav
324,pop,0,0,1,0,0,0,0,0,0,4,1,0,28,1,Dutch,24.wav,data/Emotify\pop\24.wav
324,pop,0,0,0,0,1,0,0,0,0,4,0,0,41,0,English,24.wav,data/Emotify\pop\24.wav
324,pop,0,0,0,1,0,0,0,0,0,3,0,0,27,1,Chinese,24.wav,data/Emotify\pop\24.wav
325,pop,0,0,0,1,0,0,0,0,0,4,0,1,46,1,Dutch,25.wav,data/Emotify\pop\25.wav
325,pop,0,1,0,1,1,0,0,0,0,4,1,0,17,1,Hindi,25.wav,data/Emotify\pop\25.wav
325,pop,0,0,0,0,1,0,0,0,0,5,1,0,40,1,Dutch,25.wav,data/Emotify\pop\25.wav
325,pop,0,0,0,1,1,0,0,1,0,4,1,0,27,1,German,25.wav,data/Emotify\pop\25.wav
325,pop,0,0,0,0,1,0,0,0,1,4,1,0,31,0,Hebrew,25.wav,data/Emotify\pop\25.wav
325,pop,0,0,1,1,1,0,0,0,0,4,0,0,27,0,Dutch,25.wav,data/Emotify\pop\25.wav
325,pop,0,0,1,1,0,0,0,0,1,4,0,0,21,0,Dutch,25.wav,data/Emotify\pop\25.wav
325,pop,0,0,1,1,1,0,0,0,0,1,0,0,26,1,Russian,25.wav,data/Emotify\pop\25.wav
325,pop,0,0,0,0,0,0,0,0,1,4,1,0,28,1,Dutch,25.wav,data/Emotify\pop\25.wav
325,pop,0,0,0,0,0,0,0,0,1,4,1,0,27,1,English,25.wav,data/Emotify\pop\25.wav
325,pop,0,0,1,1,0,0,0,0,1,3,0,0,27,1,Chinese,25.wav,data/Emotify\pop\25.wav
325,pop,0,1,1,0,0,0,0,0,1,4,0,0,23,0,English,25.wav,data/Emotify\pop\25.wav
326,pop,0,0,0,0,0,0,0,1,1,4,0,1,27,1,German,26.wav,data/Emotify\pop\26.wav
326,pop,0,0,0,0,1,0,0,0,0,5,1,0,24,0,English,26.wav,data/Emotify\pop\26.wav
326,pop,0,0,0,0,1,0,0,0,1,4,1,0,31,0,Hebrew,26.wav,data/Emotify\pop\26.wav
326,pop,0,0,0,0,1,0,0,0,1,1,0,0,26,1,Russian,26.wav,data/Emotify\pop\26.wav
326,pop,0,0,1,1,1,0,0,0,0,3,1,0,23,1,Russian,26.wav,data/Emotify\pop\26.wav
326,pop,0,0,0,0,1,0,0,1,1,4,0,1,28,0,English,26.wav,data/Emotify\pop\26.wav
326,pop,1,0,0,0,0,0,0,0,0,4,1,0,27,1,English,26.wav,data/Emotify\pop\26.wav
326,pop,0,0,0,0,0,0,0,1,0,4,0,1,40,0,English,26.wav,data/Emotify\pop\26.wav
326,pop,0,0,0,1,0,0,0,0,0,3,0,0,27,1,Chinese,26.wav,data/Emotify\pop\26.wav
326,pop,0,0,0,0,1,0,0,0,0,4,0,0,41,0,English,26.wav,data/Emotify\pop\26.wav
326,pop,0,0,1,0,0,0,0,1,0,4,1,0,46,1,Dutch,26.wav,data/Emotify\pop\26.wav
326,pop,0,0,1,0,0,0,0,1,1,5,0,0,18,0,Swedish,26.wav,data/Emotify\pop\26.wav
327,pop,0,0,0,0,1,0,0,0,0,2,0,1,16,1,Chinese,27.wav,data/Emotify\pop\27.wav
327,pop,1,0,1,0,1,0,0,0,0,1,0,0,26,1,Russian,27.wav,data/Emotify\pop\27.wav
327,pop,0,0,1,0,0,0,0,0,1,3,1,0,37,1,Chinese,27.wav,data/Emotify\pop\27.wav
327,pop,0,0,0,0,1,0,0,0,1,4,1,0,31,0,Hebrew,27.wav,data/Emotify\pop\27.wav
327,pop,0,0,0,0,0,0,0,0,1,2,1,1,26,0,Russian,27.wav,data/Emotify\pop\27.wav
327,pop,0,0,0,0,1,0,0,0,0,4,1,0,29,0,Dutch,27.wav,data/Emotify\pop\27.wav
327,pop,0,0,0,0,0,0,0,0,1,4,1,0,27,1,English,27.wav,data/Emotify\pop\27.wav
327,pop,0,0,1,1,0,0,0,0,0,3,0,0,27,1,Chinese,27.wav,data/Emotify\pop\27.wav
327,pop,0,0,1,1,1,0,0,0,0,4,1,0,25,1,Russian,27.wav,data/Emotify\pop\27.wav
327,pop,0,0,1,0,1,0,0,0,0,4,0,0,22,1,Croatian,27.wav,data/Emotify\pop\27.wav
327,pop,0,0,1,1,0,0,0,0,0,4,1,0,46,1,Dutch,27.wav,data/Emotify\pop\27.wav
327,pop,0,0,1,1,1,0,0,0,0,3,1,0,19,1,English,27.wav,data/Emotify\pop\27.wav
328,pop,0,1,0,1,0,0,1,0,0,3,1,0,21,1,English,28.wav,data/Emotify\pop\28.wav
328,pop,0,0,0,0,0,1,1,0,0,1,0,1,20,1,English,28.wav,data/Emotify\pop\28.wav
328,pop,1,0,0,0,0,0,1,0,0,3,1,0,37,1,Chinese,28.wav,data/Emotify\pop\28.wav
328,pop,0,0,0,0,0,0,1,0,0,4,1,0,31,0,Hebrew,28.wav,data/Emotify\pop\28.wav
328,pop,1,0,0,1,0,0,0,1,0,5,0,1,41,1,Dutch,28.wav,data/Emotify\pop\28.wav
328,pop,0,0,0,0,0,0,0,1,0,4,0,1,33,0,Hungarian,28.wav,data/Emotify\pop\28.wav
328,pop,0,0,0,0,0,0,1,0,0,4,0,0,47,1,English,28.wav,data/Emotify\pop\28.wav
328,pop,0,0,0,0,0,0,1,0,0,4,0,0,47,1,English,28.wav,data/Emotify\pop\28.wav
328,pop,0,0,0,0,0,0,1,0,0,4,0,0,47,1,English,28.wav,data/Emotify\pop\28.wav
328,pop,0,0,0,0,0,0,1,0,0,4,0,0,47,1,English,28.wav,data/Emotify\pop\28.wav
328,pop,0,0,0,0,0,0,1,1,0,4,0,0,25,1,Russian,28.wav,data/Emotify\pop\28.wav
328,pop,0,0,0,0,0,0,1,0,0,4,0,0,47,1,English,28.wav,data/Emotify\pop\28.wav
328,pop,0,0,0,0,0,0,0,1,0,3,0,0,51,0,English,28.wav,data/Emotify\pop\28.wav
328,pop,0,1,0,0,0,0,0,1,0,2,0,1,34,0,Dutch,28.wav,data/Emotify\pop\28.wav
328,pop,0,0,0,0,0,1,0,1,0,4,0,1,46,1,Dutch,28.wav,data/Emotify\pop\28.wav
329,pop,0,0,0,0,1,0,0,0,0,4,0,1,63,0,Dutch,29.wav,data/Emotify\pop\29.wav
329,pop,0,0,0,1,0,0,1,0,0,1,0,1,20,1,English,29.wav,data/Emotify\pop\29.wav
329,pop,0,0,0,1,1,0,1,0,0,4,1,0,22,1,Dutch,29.wav,data/Emotify\pop\29.wav
329,pop,0,0,0,1,0,1,0,0,0,3,0,0,37,1,Chinese,29.wav,data/Emotify\pop\29.wav
329,pop,0,0,0,0,0,0,0,1,1,3,0,1,18,1,Dutch,29.wav,data/Emotify\pop\29.wav
329,pop,0,0,0,0,0,0,0,1,1,4,0,1,57,0,English,29.wav,data/Emotify\pop\29.wav
329,pop,0,0,0,1,0,0,0,0,1,3,0,1,31,0,Dutch,29.wav,data/Emotify\pop\29.wav
329,pop,0,0,0,1,0,0,0,0,0,3,1,0,34,0,Dutch,29.wav,data/Emotify\pop\29.wav
329,pop,0,0,0,1,0,1,0,0,1,1,0,0,26,1,Russian,29.wav,data/Emotify\pop\29.wav
329,pop,0,0,1,0,0,0,1,0,0,3,0,0,16,1,Dutch,29.wav,data/Emotify\pop\29.wav
329,pop,0,0,0,1,0,0,0,0,1,2,0,1,34,0,Dutch,29.wav,data/Emotify\pop\29.wav
329,pop,1,0,0,1,0,0,0,0,0,4,1,0,46,1,Dutch,29.wav,data/Emotify\pop\29.wav
330,pop,0,0,1,1,1,0,0,0,0,4,0,0,22,1,Dutch,30.wav,data/Emotify\pop\30.wav
330,pop,0,0,1,0,1,0,1,0,0,3,1,0,18,1,Dutch,30.wav,data/Emotify\pop\30.wav
330,pop,0,0,0,1,0,0,0,0,0,4,0,1,57,0,English,30.wav,data/Emotify\pop\30.wav
330,pop,0,0,0,0,1,0,0,0,0,3,0,1,31,0,Dutch,30.wav,data/Emotify\pop\30.wav
330,pop,1,0,1,1,0,0,0,0,0,4,0,0,15,0,English,30.wav,data/Emotify\pop\30.wav
330,pop,0,1,1,0,1,0,0,0,0,4,1,0,18,0,English,30.wav,data/Emotify\pop\30.wav
330,pop,1,0,1,0,1,0,0,0,0,1,0,0,26,1,Russian,30.wav,data/Emotify\pop\30.wav
330,pop,0,0,0,0,0,0,0,1,0,4,0,1,55,0,Dutch,30.wav,data/Emotify\pop\30.wav
330,pop,0,0,1,0,0,0,0,0,0,2,0,1,34,0,Dutch,30.wav,data/Emotify\pop\30.wav
330,pop,1,0,0,0,0,0,1,0,0,4,1,0,46,1,Dutch,30.wav,data/Emotify\pop\30.wav
330,pop,0,0,1,0,0,0,0,0,0,4,1,0,63,0,Dutch,30.wav,data/Emotify\pop\30.wav
330,pop,0,0,0,1,0,0,0,0,1,2,0,0,42,0,Dutch,30.wav,data/Emotify\pop\30.wav
331,pop,0,0,0,0,0,0,0,1,1,4,0,0,57,0,English,31.wav,data/Emotify\pop\31.wav
331,pop,0,1,0,0,0,0,0,0,0,3,1,0,31,0,Dutch,31.wav,data/Emotify\pop\31.wav
331,pop,0,0,0,1,0,1,0,0,0,4,1,0,50,0,Dutch,31.wav,data/Emotify\pop\31.wav
331,pop,0,0,0,1,0,0,0,0,1,4,1,0,30,1,German,31.wav,data/Emotify\pop\31.wav
331,pop,0,0,0,0,0,0,0,0,1,2,0,1,30,0,Dutch,31.wav,data/Emotify\pop\31.wav
331,pop,0,1,1,0,1,0,0,0,0,4,0,0,47,0,Italian,31.wav,data/Emotify\pop\31.wav
331,pop,0,0,0,1,1,0,0,0,1,1,1,0,26,1,Russian,31.wav,data/Emotify\pop\31.wav
331,pop,0,0,0,1,0,0,0,1,1,2,0,1,34,0,Dutch,31.wav,data/Emotify\pop\31.wav
331,pop,0,0,0,0,0,1,0,1,0,4,1,0,46,1,Dutch,31.wav,data/Emotify\pop\31.wav
331,pop,0,0,0,0,0,1,0,1,0,2,1,0,42,0,Dutch,31.wav,data/Emotify\pop\31.wav
331,pop,0,1,0,1,0,0,0,0,1,4,0,1,22,1,Dutch,31.wav,data/Emotify\pop\31.wav
331,pop,0,0,0,0,0,0,0,1,1,3,0,1,18,1,Dutch,31.wav,data/Emotify\pop\31.wav
332,pop,0,0,1,1,1,0,0,0,0,4,0,0,20,0,Russian,32.wav,data/Emotify\pop\32.wav
332,pop,0,0,1,1,0,0,0,0,1,2,1,0,42,0,Dutch,32.wav,data/Emotify\pop\32.wav
332,pop,0,0,0,0,0,0,0,1,0,3,0,1,25,1,English,32.wav,data/Emotify\pop\32.wav
332,pop,0,0,0,1,0,0,0,0,1,5,0,0,53,0,English,32.wav,data/Emotify\pop\32.wav
332,pop,0,0,1,0,0,0,0,0,0,3,0,0,49,0,Dutch,32.wav,data/Emotify\pop\32.wav
332,pop,1,0,1,0,0,0,1,0,0,4,0,0,25,1,Russian,32.wav,data/Emotify\pop\32.wav
332,pop,0,0,1,0,0,0,1,0,0,1,0,0,26,1,Russian,32.wav,data/Emotify\pop\32.wav
332,pop,0,0,1,0,0,0,0,0,0,4,0,0,46,1,Dutch,32.wav,data/Emotify\pop\32.wav
332,pop,0,0,0,1,0,0,0,0,1,3,0,1,18,1,Dutch,32.wav,data/Emotify\pop\32.wav
332,pop,0,1,0,0,1,0,1,0,0,2,1,0,32,0,Greek,32.wav,data/Emotify\pop\32.wav
332,pop,0,0,1,1,0,0,0,0,1,4,0,0,57,0,English,32.wav,data/Emotify\pop\32.wav
333,pop,0,0,0,1,0,0,0,0,0,3,0,0,24,1,English,33.wav,data/Emotify\pop\33.wav
333,pop,0,0,0,1,1,0,0,0,1,4,0,0,32,1,Dutch,33.wav,data/Emotify\pop\33.wav
333,pop,0,0,0,0,1,0,0,0,0,3,1,0,38,0,English,33.wav,data/Emotify\pop\33.wav
333,pop,0,0,0,0,1,0,0,0,0,3,0,0,33,0,Dutch,33.wav,data/Emotify\pop\33.wav
333,pop,0,0,0,0,1,0,0,1,1,4,0,0,25,1,Russian,33.wav,data/Emotify\pop\33.wav
333,pop,0,0,0,1,0,0,0,0,0,4,1,0,46,1,Dutch,33.wav,data/Emotify\pop\33.wav
333,pop,0,0,1,0,1,0,0,0,1,1,0,0,26,1,Russian,33.wav,data/Emotify\pop\33.wav
333,pop,0,0,1,1,1,0,0,0,0,5,0,0,25,1,Russian,33.wav,data/Emotify\pop\33.wav
333,pop,0,0,1,0,0,0,0,0,0,5,0,0,39,0,Russian,33.wav,data/Emotify\pop\33.wav
333,pop,0,0,1,1,0,0,0,0,1,3,0,0,49,0,Dutch,33.wav,data/Emotify\pop\33.wav
333,pop,0,0,0,0,0,0,0,0,1,2,0,1,19,0,English,33.wav,data/Emotify\pop\33.wav
333,pop,0,0,1,0,1,0,0,0,0,4,1,0,57,0,English,33.wav,data/Emotify\pop\33.wav
334,pop,0,0,0,0,0,0,0,1,0,3,0,0,24,0,Portuguese,34.wav,data/Emotify\pop\34.wav
334,pop,0,0,0,1,0,0,0,0,0,3,1,0,20,0,Chinese,34.wav,data/Emotify\pop\34.wav
334,pop,1,0,1,0,1,0,0,0,0,1,0,0,26,1,Russian,34.wav,data/Emotify\pop\34.wav
334,pop,0,0,0,1,0,1,0,0,0,4,0,0,44,0,French,34.wav,data/Emotify\pop\34.wav
334,pop,0,0,0,0,0,0,1,0,0,4,0,0,17,1,English,34.wav,data/Emotify\pop\34.wav
334,pop,0,0,0,0,1,0,0,0,0,3,0,1,44,0,Italian,34.wav,data/Emotify\pop\34.wav
334,pop,0,1,1,0,0,1,0,0,0,5,1,0,19,0,English,34.wav,data/Emotify\pop\34.wav
334,pop,0,0,1,1,0,0,0,0,0,4,0,0,27,0,Dutch,34.wav,data/Emotify\pop\34.wav
334,pop,0,0,0,1,0,1,1,0,0,4,0,0,21,0,Dutch,34.wav,data/Emotify\pop\34.wav
334,pop,0,0,1,0,0,0,0,0,1,4,0,0,25,1,Russian,34.wav,data/Emotify\pop\34.wav
334,pop,0,1,0,1,1,0,0,0,0,5,1,0,16,1,English,34.wav,data/Emotify\pop\34.wav
335,pop,0,1,0,0,0,0,0,0,0,4,0,0,24,0,Russian,35.wav,data/Emotify\pop\35.wav
335,pop,1,0,0,0,0,1,1,0,0,3,1,0,48,0,English,35.wav,data/Emotify\pop\35.wav
335,pop,0,0,0,0,0,1,0,0,0,5,0,0,62,1,English,35.wav,data/Emotify\pop\35.wav
335,pop,0,1,0,0,0,0,0,0,0,4,0,0,17,1,English,35.wav,data/Emotify\pop\35.wav
335,pop,0,1,0,0,0,0,1,0,0,3,0,0,22,0,Malay,35.wav,data/Emotify\pop\35.wav
335,pop,0,0,0,0,0,0,1,0,0,3,0,1,20,0,Portuguese,35.wav,data/Emotify\pop\35.wav
335,pop,0,0,0,0,0,0,0,1,0,4,0,1,27,0,Dutch,35.wav,data/Emotify\pop\35.wav
335,pop,0,0,0,0,0,1,0,0,0,4,1,0,51,0,English,35.wav,data/Emotify\pop\35.wav
335,pop,0,0,0,0,0,0,1,0,0,3,1,0,20,1,English,35.wav,data/Emotify\pop\35.wav
335,pop,1,0,0,1,0,1,0,0,0,1,0,0,26,1,Russian,35.wav,data/Emotify\pop\35.wav
335,pop,0,0,0,0,0,0,1,0,0,3,0,0,24,0,Portuguese,35.wav,data/Emotify\pop\35.wav
335,pop,0,0,0,0,0,1,1,0,0,5,1,0,28,1,German,35.wav,data/Emotify\pop\35.wav
336,pop,1,0,0,0,0,1,1,0,0,3,1,0,48,0,English,36.wav,data/Emotify\pop\36.wav
336,pop,0,0,0,0,0,0,1,0,0,4,0,0,44,0,French,36.wav,data/Emotify\pop\36.wav
336,pop,0,0,0,0,0,0,1,0,0,4,0,1,18,0,English,36.wav,data/Emotify\pop\36.wav
336,pop,0,0,0,0,0,1,1,0,0,3,0,0,29,0,Slovenian,36.wav,data/Emotify\pop\36.wav
336,pop,0,0,0,0,0,0,1,0,0,3,0,0,22,0,Malay,36.wav,data/Emotify\pop\36.wav
336,pop,0,0,0,0,0,0,0,1,0,5,0,0,62,1,English,36.wav,data/Emotify\pop\36.wav
336,pop,0,0,0,0,0,0,1,0,0,3,0,1,20,0,Portuguese,36.wav,data/Emotify\pop\36.wav
336,pop,1,0,0,1,0,0,0,0,0,5,0,0,28,1,English,36.wav,data/Emotify\pop\36.wav
336,pop,0,0,1,0,0,1,1,0,0,3,0,0,20,1,English,36.wav,data/Emotify\pop\36.wav
336,pop,0,0,0,0,0,1,1,0,0,4,0,0,57,0,English,36.wav,data/Emotify\pop\36.wav
336,pop,0,0,0,0,0,0,1,0,0,3,1,0,24,1,English,36.wav,data/Emotify\pop\36.wav
336,pop,0,0,0,0,0,0,0,1,0,3,0,1,25,1,English,36.wav,data/Emotify\pop\36.wav
336,pop,0,1,0,0,0,0,0,0,0,3,1,0,24,0,Portuguese,36.wav,data/Emotify\pop\36.wav
336,pop,0,0,0,0,0,0,0,1,0,3,0,1,30,1,English,36.wav,data/Emotify\pop\36.wav
337,pop,0,0,1,1,0,0,0,0,0,4,1,0,18,0,English,37.wav,data/Emotify\pop\37.wav
337,pop,0,1,0,1,0,0,0,0,0,3,0,0,29,0,Slovenian,37.wav,data/Emotify\pop\37.wav
337,pop,0,1,1,0,1,0,0,0,0,3,0,0,31,0,Dutch,37.wav,data/Emotify\pop\37.wav
337,pop,0,0,0,0,0,0,1,0,0,3,0,0,22,0,Malay,37.wav,data/Emotify\pop\37.wav
337,pop,0,0,0,1,1,0,0,0,0,1,0,0,26,1,Russian,37.wav,data/Emotify\pop\37.wav
337,pop,0,0,0,1,0,0,0,0,0,5,0,0,62,1,English,37.wav,data/Emotify\pop\37.wav
337,pop,0,1,0,1,0,0,0,1,0,2,0,0,16,1,Chinese,37.wav,data/Emotify\pop\37.wav
337,pop,0,0,0,1,1,0,0,0,0,4,1,0,25,0,English,37.wav,data/Emotify\pop\37.wav
337,pop,0,0,0,1,1,0,0,0,0,4,0,1,57,0,English,37.wav,data/Emotify\pop\37.wav
337,pop,0,0,0,0,0,0,0,0,1,3,0,1,24,0,Portuguese,37.wav,data/Emotify\pop\37.wav
337,pop,0,0,0,0,0,0,0,1,0,3,0,1,30,1,English,37.wav,data/Emotify\pop\37.wav
338,pop,0,1,0,1,0,1,0,0,0,4,0,1,63,0,Dutch,38.wav,data/Emotify\pop\38.wav
338,pop,0,0,0,1,1,0,0,0,0,3,0,0,29,0,Slovenian,38.wav,data/Emotify\pop\38.wav
338,pop,0,0,0,0,1,0,0,0,0,4,0,0,44,0,French,38.wav,data/Emotify\pop\38.wav
338,pop,0,0,0,1,0,0,0,0,0,5,0,0,62,1,English,38.wav,data/Emotify\pop\38.wav
338,pop,0,0,0,1,1,0,0,0,1,2,1,0,19,0,English,38.wav,data/Emotify\pop\38.wav
338,pop,0,0,0,0,1,1,1,0,0,3,1,0,14,0,Dutch,38.wav,data/Emotify\pop\38.wav
338,pop,0,0,1,0,1,0,0,0,1,5,1,0,32,0,Dutch,38.wav,data/Emotify\pop\38.wav
338,pop,0,0,0,0,0,0,0,0,1,3,0,1,24,0,Portuguese,38.wav,data/Emotify\pop\38.wav
338,pop,0,1,0,0,1,0,0,0,0,4,0,0,57,0,English,38.wav,data/Emotify\pop\38.wav
338,pop,1,0,1,1,0,0,0,0,0,4,1,0,22,1,French,38.wav,data/Emotify\pop\38.wav
338,pop,0,0,0,1,0,0,1,0,0,3,1,0,30,1,English,38.wav,data/Emotify\pop\38.wav
338,pop,0,0,0,1,1,0,0,0,0,4,0,0,18,0,English,38.wav,data/Emotify\pop\38.wav
339,pop,0,0,0,0,0,0,0,1,0,2,0,1,19,0,English,39.wav,data/Emotify\pop\39.wav
339,pop,0,1,0,1,1,0,0,0,0,4,0,0,26,0,English,39.wav,data/Emotify\pop\39.wav
339,pop,0,0,0,0,0,0,0,1,0,4,0,1,23,1,English,39.wav,data/Emotify\pop\39.wav
339,pop,0,0,0,1,0,1,0,0,1,5,0,0,62,1,English,39.wav,data/Emotify\pop\39.wav
339,pop,0,1,0,1,0,0,0,1,0,3,0,1,14,0,Dutch,39.wav,data/Emotify\pop\39.wav
339,pop,0,1,0,0,0,0,0,1,0,5,0,1,14,1,English,39.wav,data/Emotify\pop\39.wav
339,pop,0,0,0,0,1,0,0,0,0,2,0,0,19,0,Dutch,39.wav,data/Emotify\pop\39.wav
339,pop,0,0,0,0,1,0,0,0,0,4,0,1,36,0,Italian,39.wav,data/Emotify\pop\39.wav
339,pop,0,1,0,0,1,0,0,1,0,1,0,0,26,1,Russian,39.wav,data/Emotify\pop\39.wav
339,pop,0,0,0,0,0,0,0,0,1,3,0,0,24,0,Portuguese,39.wav,data/Emotify\pop\39.wav
339,pop,0,0,0,1,0,0,0,1,1,5,0,0,39,0,Spanish,39.wav,data/Emotify\pop\39.wav
339,pop,0,0,0,0,0,0,0,1,0,3,0,1,30,1,English,39.wav,data/Emotify\pop\39.wav
340,pop,0,1,1,0,1,0,0,0,0,3,0,1,14,0,Dutch,40.wav,data/Emotify\pop\40.wav
340,pop,1,0,0,0,0,0,0,1,0,4,0,1,23,1,English,40.wav,data/Emotify\pop\40.wav
340,pop,0,1,0,0,0,0,0,1,0,5,0,0,62,1,English,40.wav,data/Emotify\pop\40.wav
340,pop,0,0,0,0,0,1,0,0,0,3,0,1,5,1,English,40.wav,data/Emotify\pop\40.wav
340,pop,0,1,0,0,1,0,0,0,0,2,0,1,32,0,Dutch,40.wav,data/Emotify\pop\40.wav
340,pop,0,1,0,0,1,0,0,1,0,1,0,0,26,1,Russian,40.wav,data/Emotify\pop\40.wav
340,pop,0,0,0,0,1,0,0,0,0,4,0,0,55,0,Dutch,40.wav,data/Emotify\pop\40.wav
340,pop,0,0,0,0,0,0,0,1,0,3,0,1,24,0,Portuguese,40.wav,data/Emotify\pop\40.wav
340,pop,0,0,0,0,0,0,0,1,0,3,0,1,30,1,English,40.wav,data/Emotify\pop\40.wav
340,pop,0,0,0,0,1,0,1,0,1,4,0,1,22,1,French,40.wav,data/Emotify\pop\40.wav
340,pop,0,1,0,0,0,0,0,1,0,5,1,0,23,0,English,40.wav,data/Emotify\pop\40.wav
340,pop,0,1,0,0,0,1,0,1,0,4,0,0,26,1,Chinese,40.wav,data/Emotify\pop\40.wav
341,pop,0,0,0,1,0,0,0,0,1,4,0,1,25,1,Dutch,41.wav,data/Emotify\pop\41.wav
341,pop,1,0,0,1,0,0,1,0,0,1,0,0,26,1,Russian,41.wav,data/Emotify\pop\41.wav
341,pop,0,0,1,1,0,0,0,0,0,3,0,0,46,1,Dutch,41.wav,data/Emotify\pop\41.wav
341,pop,0,0,1,0,0,1,1,0,0,1,1,0,23,0,Dutch,41.wav,data/Emotify\pop\41.wav
341,pop,0,0,0,0,1,0,1,0,0,3,0,1,25,1,Russian,41.wav,data/Emotify\pop\41.wav
341,pop,0,0,1,0,0,0,1,0,0,3,1,0,20,0,Chinese,41.wav,data/Emotify\pop\41.wav
341,pop,0,1,0,1,0,0,0,0,0,2,0,0,47,1,English,41.wav,data/Emotify\pop\41.wav
341,pop,0,0,0,1,0,0,0,0,1,3,0,1,25,1,Russian,41.wav,data/Emotify\pop\41.wav
341,pop,0,0,0,1,0,0,0,0,0,4,1,0,55,1,Dutch,41.wav,data/Emotify\pop\41.wav
341,pop,1,0,1,0,0,0,0,0,1,4,0,0,26,1,Chinese,41.wav,data/Emotify\pop\41.wav
341,pop,0,0,0,0,0,0,0,0,1,4,0,1,14,1,Russian,41.wav,data/Emotify\pop\41.wav
341,pop,0,0,0,1,0,0,0,0,0,2,0,0,42,0,Dutch,41.wav,data/Emotify\pop\41.wav
342,pop,0,0,1,1,1,0,0,0,0,4,1,0,22,0,Estonian,42.wav,data/Emotify\pop\42.wav
342,pop,0,0,0,0,0,0,0,1,1,2,0,0,35,0,Dutch,42.wav,data/Emotify\pop\42.wav
342,pop,0,0,1,0,1,0,0,0,0,1,0,0,26,1,Russian,42.wav,data/Emotify\pop\42.wav
342,pop,0,0,0,1,0,0,0,0,0,3,1,0,52,1,Dutch,42.wav,data/Emotify\pop\42.wav
342,pop,0,0,0,1,1,0,0,0,0,4,0,0,33,0,Hungarian,42.wav,data/Emotify\pop\42.wav
342,pop,0,0,0,0,1,0,0,0,0,5,0,0,37,1,Serbian,42.wav,data/Emotify\pop\42.wav
342,pop,0,0,0,1,1,0,0,0,0,3,0,0,25,1,Russian,42.wav,data/Emotify\pop\42.wav
342,pop,0,0,0,0,0,0,0,0,1,3,0,1,24,1,English,42.wav,data/Emotify\pop\42.wav
342,pop,0,0,1,0,0,0,0,0,0,4,1,0,55,1,Dutch,42.wav,data/Emotify\pop\42.wav
342,pop,1,0,0,0,1,0,0,0,0,2,0,1,42,0,Dutch,42.wav,data/Emotify\pop\42.wav
342,pop,0,0,0,0,0,0,0,0,1,4,0,1,25,1,Dutch,42.wav,data/Emotify\pop\42.wav
342,pop,0,0,0,0,1,0,0,0,1,4,0,1,19,0,Dutch,42.wav,data/Emotify\pop\42.wav
343,pop,0,0,0,0,0,0,1,1,0,2,1,0,32,0,Greek,43.wav,data/Emotify\pop\43.wav
343,pop,0,0,0,0,0,1,1,0,0,3,1,0,52,1,Dutch,43.wav,data/Emotify\pop\43.wav
343,pop,0,0,0,0,0,1,1,0,0,2,1,0,35,0,Dutch,43.wav,data/Emotify\pop\43.wav
343,pop,0,0,0,0,0,1,1,0,0,4,0,0,32,1,Dutch,43.wav,data/Emotify\pop\43.wav
343,pop,0,1,0,0,0,1,0,0,1,1,0,0,26,1,Russian,43.wav,data/Emotify\pop\43.wav
343,pop,0,0,0,0,0,0,1,0,0,4,1,0,18,0,English,43.wav,data/Emotify\pop\43.wav
343,pop,0,0,0,1,0,1,0,1,0,3,0,0,25,1,Russian,43.wav,data/Emotify\pop\43.wav
343,pop,0,0,0,0,0,1,0,0,0,2,0,0,42,0,Dutch,43.wav,data/Emotify\pop\43.wav
343,pop,0,0,0,0,0,0,0,0,1,4,0,1,55,1,Dutch,43.wav,data/Emotify\pop\43.wav
343,pop,0,0,0,1,0,0,0,0,0,4,0,0,17,1,English,43.wav,data/Emotify\pop\43.wav
343,pop,0,0,0,0,0,0,0,1,0,2,0,1,21,1,Russian,43.wav,data/Emotify\pop\43.wav
343,pop,0,0,0,0,0,0,0,1,0,4,0,1,19,0,Dutch,43.wav,data/Emotify\pop\43.wav
344,pop,0,0,0,0,0,0,0,1,0,3,0,0,20,0,Chinese,44.wav,data/Emotify\pop\44.wav
344,pop,0,0,0,0,0,0,0,1,1,4,0,1,50,0,Dutch,44.wav,data/Emotify\pop\44.wav
344,pop,0,0,0,1,1,0,1,0,0,2,0,0,32,0,Greek,44.wav,data/Emotify\pop\44.wav
344,pop,0,0,0,0,1,0,1,0,0,2,1,0,35,0,Dutch,44.wav,data/Emotify\pop\44.wav
344,pop,0,0,0,0,0,0,0,1,0,3,0,1,52,1,Dutch,44.wav,data/Emotify\pop\44.wav
344,pop,0,0,0,0,0,1,0,0,0,4,1,0,38,0,Dutch,44.wav,data/Emotify\pop\44.wav
344,pop,0,0,0,0,0,0,1,0,0,3,0,0,25,1,Russian,44.wav,data/Emotify\pop\44.wav
344,pop,0,0,0,0,0,0,0,1,0,4,0,1,25,1,Portuguese,44.wav,data/Emotify\pop\44.wav
344,pop,0,0,0,0,0,0,0,1,0,4,0,1,55,1,Dutch,44.wav,data/Emotify\pop\44.wav
344,pop,0,1,0,0,0,1,1,0,0,5,1,0,14,1,English,44.wav,data/Emotify\pop\44.wav
344,pop,0,0,0,0,0,0,0,1,0,2,0,1,21,1,Russian,44.wav,data/Emotify\pop\44.wav
344,pop,0,0,0,0,0,0,1,0,0,1,0,0,26,1,Russian,44.wav,data/Emotify\pop\44.wav
345,pop,0,0,1,0,0,0,0,1,0,4,0,1,23,1,English,45.wav,data/Emotify\pop\45.wav
345,pop,0,0,0,0,0,0,0,1,0,5,0,0,62,1,English,45.wav,data/Emotify\pop\45.wav
345,pop,0,0,0,0,1,1,1,0,0,4,1,0,24,1,Slovenian,45.wav,data/Emotify\pop\45.wav
345,pop,0,0,0,0,0,0,1,0,0,4,0,0,44,0,French,45.wav,data/Emotify\pop\45.wav
345,pop,0,0,0,0,1,0,0,0,0,4,1,0,27,1,Russian,45.wav,data/Emotify\pop\45.wav
345,pop,0,0,0,1,1,0,0,0,1,3,0,0,25,1,Russian,45.wav,data/Emotify\pop\45.wav
345,pop,0,0,0,0,0,1,1,0,1,2,0,1,47,1,Dutch,45.wav,data/Emotify\pop\45.wav
345,pop,0,0,1,1,1,0,0,0,0,2,1,0,32,0,Dutch,45.wav,data/Emotify\pop\45.wav
345,pop,0,0,0,0,0,0,0,1,0,4,0,1,25,1,Portuguese,45.wav,data/Emotify\pop\45.wav
345,pop,1,0,0,0,0,0,0,0,0,4,0,1,55,1,Dutch,45.wav,data/Emotify\pop\45.wav
345,pop,0,0,0,0,1,0,0,0,0,4,0,1,22,1,French,45.wav,data/Emotify\pop\45.wav
345,pop,0,0,0,1,1,0,0,0,0,2,0,1,21,1,Russian,45.wav,data/Emotify\pop\45.wav
345,pop,0,0,0,1,0,0,0,0,0,5,1,0,29,1,Russian,45.wav,data/Emotify\pop\45.wav
346,pop,0,1,0,0,0,1,0,0,0,4,1,0,23,1,English,46.wav,data/Emotify\pop\46.wav
346,pop,0,1,0,0,1,0,0,0,0,5,0,0,62,1,English,46.wav,data/Emotify\pop\46.wav
346,pop,0,1,0,0,0,0,0,0,0,4,1,0,27,1,Russian,46.wav,data/Emotify\pop\46.wav
346,pop,0,1,0,0,1,0,0,0,1,4,1,0,24,1,Slovenian,46.wav,data/Emotify\pop\46.wav
346,pop,1,1,0,0,0,1,0,0,0,2,1,0,47,1,Dutch,46.wav,data/Emotify\pop\46.wav
346,pop,0,0,0,0,0,1,1,0,0,3,0,1,47,1,Dutch,46.wav,data/Emotify\pop\46.wav
346,pop,0,0,0,1,0,0,0,1,1,3,0,0,24,0,Russian,46.wav,data/Emotify\pop\46.wav
346,pop,0,0,0,0,0,0,0,1,0,4,0,1,25,1,Portuguese,46.wav,data/Emotify\pop\46.wav
346,pop,0,0,0,0,1,0,0,0,0,4,1,0,55,1,Dutch,46.wav,data/Emotify\pop\46.wav
346,pop,0,0,0,0,1,0,0,0,0,5,1,0,29,1,Russian,46.wav,data/Emotify\pop\46.wav
346,pop,0,0,0,0,0,0,0,0,1,3,0,0,15,0,Russian,46.wav,data/Emotify\pop\46.wav
347,pop,0,1,0,1,1,0,0,0,0,4,1,0,24,1,Slovenian,47.wav,data/Emotify\pop\47.wav
347,pop,1,0,1,0,0,0,1,0,0,4,1,0,26,1,Chinese,47.wav,data/Emotify\pop\47.wav
347,pop,0,0,0,0,1,0,0,0,0,4,0,0,44,0,French,47.wav,data/Emotify\pop\47.wav
347,pop,0,1,0,1,1,0,0,0,0,3,1,0,47,1,Dutch,47.wav,data/Emotify\pop\47.wav
347,pop,0,0,1,0,0,0,0,1,0,4,0,1,23,1,English,47.wav,data/Emotify\pop\47.wav
347,pop,0,0,1,0,1,0,1,0,0,5,1,0,60,0,Dutch,47.wav,data/Emotify\pop\47.wav
347,pop,0,0,0,0,0,0,0,1,0,4,0,1,25,1,Portuguese,47.wav,data/Emotify\pop\47.wav
347,pop,0,0,0,0,1,1,1,0,0,3,1,1,47,0,Italian,47.wav,data/Emotify\pop\47.wav
347,pop,0,0,0,0,0,0,1,0,0,4,1,0,55,1,Dutch,47.wav,data/Emotify\pop\47.wav
347,pop,0,0,0,0,1,0,0,0,0,5,1,0,29,1,Russian,47.wav,data/Emotify\pop\47.wav
347,pop,0,0,0,0,0,0,0,1,0,4,0,1,26,0,Russian,47.wav,data/Emotify\pop\47.wav
347,pop,0,0,0,0,0,1,0,0,0,5,0,0,62,1,English,47.wav,data/Emotify\pop\47.wav
348,pop,0,0,1,0,0,1,0,0,0,3,0,0,47,1,Dutch,48.wav,data/Emotify\pop\48.wav
348,pop,0,0,0,1,1,0,0,0,1,3,0,0,47,0,Italian,48.wav,data/Emotify\pop\48.wav
348,pop,0,0,0,0,0,0,0,1,0,4,0,1,23,1,English,48.wav,data/Emotify\pop\48.wav
348,pop,0,1,0,0,0,0,0,0,0,5,0,0,60,0,Dutch,48.wav,data/Emotify\pop\48.wav
348,pop,0,0,0,0,0,0,0,1,0,4,0,1,25,1,Portuguese,48.wav,data/Emotify\pop\48.wav
348,pop,0,0,1,0,0,0,0,0,0,4,1,0,55,1,Dutch,48.wav,data/Emotify\pop\48.wav
348,pop,0,1,0,0,0,0,0,0,0,4,0,0,23,0,English,48.wav,data/Emotify\pop\48.wav
348,pop,1,0,0,0,0,0,0,0,0,5,1,0,29,1,Russian,48.wav,data/Emotify\pop\48.wav
348,pop,0,0,0,0,0,0,0,1,0,3,0,1,24,1,English,48.wav,data/Emotify\pop\48.wav
348,pop,0,0,0,0,0,0,0,1,0,4,0,0,17,1,English,48.wav,data/Emotify\pop\48.wav
348,pop,0,0,0,0,0,0,0,1,0,4,0,0,17,1,English,48.wav,data/Emotify\pop\48.wav
348,pop,0,0,0,1,0,0,0,0,0,5,0,0,62,1,English,48.wav,data/Emotify\pop\48.wav
348,pop,0,0,1,1,0,0,0,0,1,4,1,0,24,1,Slovenian,48.wav,data/Emotify\pop\48.wav
349,pop,1,0,0,0,0,0,0,0,0,3,0,0,15,0,Russian,49.wav,data/Emotify\pop\49.wav
349,pop,1,0,0,0,0,1,1,0,0,4,1,0,32,0,Dutch,49.wav,data/Emotify\pop\49.wav
349,pop,0,0,0,0,0,0,0,1,0,3,0,1,26,0,Dutch,49.wav,data/Emotify\pop\49.wav
349,pop,0,0,0,0,0,0,0,1,0,5,0,1,60,0,Dutch,49.wav,data/Emotify\pop\49.wav
349,pop,0,0,0,0,0,0,0,1,0,4,0,0,25,1,Portuguese,49.wav,data/Emotify\pop\49.wav
349,pop,0,0,0,0,0,1,0,0,0,4,0,1,55,1,Dutch,49.wav,data/Emotify\pop\49.wav
349,pop,0,0,0,0,0,0,0,1,0,4,0,0,23,0,English,49.wav,data/Emotify\pop\49.wav
349,pop,0,0,0,0,0,0,0,1,0,4,0,1,23,1,English,49.wav,data/Emotify\pop\49.wav
349,pop,0,0,0,0,0,1,1,1,0,4,0,0,37,1,German,49.wav,data/Emotify\pop\49.wav
349,pop,0,0,0,1,0,0,0,1,0,3,0,0,16,1,Dutch,49.wav,data/Emotify\pop\49.wav
349,pop,0,0,0,0,0,0,1,0,0,2,1,0,25,1,Ucrainian,49.wav,data/Emotify\pop\49.wav
349,pop,0,0,0,1,1,0,1,0,0,4,1,0,24,1,Slovenian,49.wav,data/Emotify\pop\49.wav
350,pop,0,0,0,1,0,0,0,0,0,4,0,1,30,0,German,50.wav,data/Emotify\pop\50.wav
350,pop,0,0,0,0,1,0,0,0,0,4,1,0,23,0,English,50.wav,data/Emotify\pop\50.wav
350,pop,0,0,0,1,0,0,0,0,0,4,1,0,55,1,Dutch,50.wav,data/Emotify\pop\50.wav
350,pop,0,0,1,0,0,0,0,0,1,1,0,0,26,1,Russian,50.wav,data/Emotify\pop\50.wav
350,pop,1,0,0,0,0,0,0,0,0,5,1,0,60,0,Dutch,50.wav,data/Emotify\pop\50.wav
350,pop,0,0,1,1,0,0,0,0,1,3,0,0,21,1,English,50.wav,data/Emotify\pop\50.wav
350,pop,0,0,1,0,1,0,0,0,0,2,1,0,25,1,Ucrainian,50.wav,data/Emotify\pop\50.wav
350,pop,0,0,1,0,1,0,0,0,1,3,0,0,16,1,Dutch,50.wav,data/Emotify\pop\50.wav
350,pop,0,0,1,1,1,0,0,0,0,3,1,0,44,0,Dutch,50.wav,data/Emotify\pop\50.wav
350,pop,0,0,1,1,1,0,0,0,0,4,1,0,24,1,Slovenian,50.wav,data/Emotify\pop\50.wav
350,pop,0,0,1,0,0,0,0,0,0,3,1,0,23,1,Russian,50.wav,data/Emotify\pop\50.wav
350,pop,0,0,0,1,0,0,0,0,0,3,0,0,15,0,Russian,50.wav,data/Emotify\pop\50.wav
351,pop,0,0,0,1,1,0,0,0,0,4,0,0,41,0,Dutch,51.wav,data/Emotify\pop\51.wav
351,pop,0,0,0,1,0,0,0,0,0,4,0,0,27,0,French,51.wav,data/Emotify\pop\51.wav
351,pop,0,0,1,1,0,0,0,0,1,2,1,0,25,0,French,51.wav,data/Emotify\pop\51.wav
351,pop,0,0,0,0,1,0,0,0,0,2,0,1,19,0,English,51.wav,data/Emotify\pop\51.wav
351,pop,0,0,1,1,0,0,0,0,0,4,0,0,47,0,Italian,51.wav,data/Emotify\pop\51.wav
351,pop,0,0,1,1,1,0,0,0,0,2,1,0,35,0,Dutch,51.wav,data/Emotify\pop\51.wav
351,pop,0,0,1,1,1,0,0,0,0,1,0,0,26,1,Russian,51.wav,data/Emotify\pop\51.wav
351,pop,0,0,0,0,0,0,0,0,1,5,0,1,60,0,Dutch,51.wav,data/Emotify\pop\51.wav
351,pop,0,0,1,1,0,0,0,0,1,2,1,0,21,0,Russian,51.wav,data/Emotify\pop\51.wav
351,pop,0,0,0,0,1,0,0,0,0,4,1,0,18,1,Russian,51.wav,data/Emotify\pop\51.wav
351,pop,0,1,0,1,0,0,0,0,1,4,0,1,24,1,Slovenian,51.wav,data/Emotify\pop\51.wav
351,pop,0,0,1,0,0,0,0,0,0,5,0,0,29,1,Russian,51.wav,data/Emotify\pop\51.wav
352,pop,0,1,1,1,0,0,0,0,0,4,0,0,32,0,Dutch,52.wav,data/Emotify\pop\52.wav
352,pop,0,0,1,0,1,0,0,0,0,1,1,0,26,1,Russian,52.wav,data/Emotify\pop\52.wav
352,pop,0,0,1,0,1,0,0,0,0,2,0,0,32,0,English,52.wav,data/Emotify\pop\52.wav
352,pop,0,0,1,1,0,1,0,0,0,5,1,0,29,1,English,52.wav,data/Emotify\pop\52.wav
352,pop,1,0,1,0,1,0,0,0,0,4,0,0,23,0,Dutch,52.wav,data/Emotify\pop\52.wav
352,pop,0,0,1,1,1,0,0,0,0,4,0,0,30,0,Hebrew,52.wav,data/Emotify\pop\52.wav
352,pop,0,0,1,0,0,0,0,0,0,5,0,1,60,0,Dutch,52.wav,data/Emotify\pop\52.wav
352,pop,0,1,0,0,0,0,0,0,1,2,0,1,21,0,Russian,52.wav,data/Emotify\pop\52.wav
352,pop,0,0,0,0,0,0,0,0,1,4,0,0,17,1,English,52.wav,data/Emotify\pop\52.wav
352,pop,0,0,0,0,1,0,0,0,0,2,0,1,25,0,French,52.wav,data/Emotify\pop\52.wav
352,pop,1,0,0,0,0,0,0,1,1,4,1,0,24,1,Slovenian,52.wav,data/Emotify\pop\52.wav
352,pop,0,1,0,1,0,0,0,0,0,5,0,1,23,1,Russian,52.wav,data/Emotify\pop\52.wav
353,pop,0,0,0,1,0,0,0,1,1,5,0,1,29,1,English,53.wav,data/Emotify\pop\53.wav
353,pop,0,0,0,0,1,0,0,0,1,1,1,0,26,1,Russian,53.wav,data/Emotify\pop\53.wav
353,pop,0,0,0,1,0,0,0,0,0,5,0,1,60,0,Dutch,53.wav,data/Emotify\pop\53.wav
353,pop,0,1,0,1,0,0,0,1,0,3,0,1,29,0,Russian,53.wav,data/Emotify\pop\53.wav
353,pop,0,0,1,0,0,0,1,0,0,5,1,0,29,0,English,53.wav,data/Emotify\pop\53.wav
353,pop,0,0,0,0,1,0,0,0,0,4,1,0,36,0,Italian,53.wav,data/Emotify\pop\53.wav
353,pop,0,0,1,0,1,0,0,0,0,3,1,0,28,0,English,53.wav,data/Emotify\pop\53.wav
353,pop,0,1,1,0,1,0,0,0,0,4,1,0,24,1,Slovenian,53.wav,data/Emotify\pop\53.wav
353,pop,0,0,0,0,0,0,0,0,1,3,0,0,15,0,Russian,53.wav,data/Emotify\pop\53.wav
353,pop,0,0,1,1,1,0,0,0,0,4,1,0,27,1,German,53.wav,data/Emotify\pop\53.wav
353,pop,0,0,1,1,0,0,0,0,1,4,0,0,28,0,Russian,53.wav,data/Emotify\pop\53.wav
353,pop,0,0,0,0,1,0,0,1,0,2,0,0,32,0,English,53.wav,data/Emotify\pop\53.wav
354,pop,1,0,0,1,1,0,0,0,0,2,0,0,21,1,English,54.wav,data/Emotify\pop\54.wav
354,pop,0,0,0,0,1,0,0,0,0,1,0,0,26,1,Russian,54.wav,data/Emotify\pop\54.wav
354,pop,0,1,0,1,1,0,0,0,0,3,1,0,35,1,English,54.wav,data/Emotify\pop\54.wav
354,pop,0,1,0,1,1,0,0,0,0,4,1,0,19,0,English,54.wav,data/Emotify\pop\54.wav
354,pop,0,0,0,0,1,0,0,0,0,5,1,0,60,0,Dutch,54.wav,data/Emotify\pop\54.wav
354,pop,0,0,1,0,1,0,1,0,0,2,1,0,47,1,English,54.wav,data/Emotify\pop\54.wav
354,pop,0,1,0,0,0,0,0,0,0,4,0,0,17,1,English,54.wav,data/Emotify\pop\54.wav
354,pop,0,0,1,1,1,0,0,0,0,4,0,0,22,1,Croatian,54.wav,data/Emotify\pop\54.wav
354,pop,0,0,0,1,1,0,0,0,1,4,0,0,21,0,Dutch,54.wav,data/Emotify\pop\54.wav
354,pop,0,0,0,0,1,0,0,0,0,2,1,0,19,0,English,54.wav,data/Emotify\pop\54.wav
354,pop,0,0,0,0,1,0,0,0,0,2,0,0,32,0,English,54.wav,data/Emotify\pop\54.wav
354,pop,1,0,0,1,1,0,0,0,0,2,0,0,21,1,English,54.wav,data/Emotify\pop\54.wav
355,pop,1,0,1,0,0,0,1,0,0,4,0,0,32,0,Dutch,55.wav,data/Emotify\pop\55.wav
355,pop,1,0,1,0,1,0,0,0,0,1,0,0,26,1,Russian,55.wav,data/Emotify\pop\55.wav
355,pop,0,0,0,1,0,0,0,0,1,4,1,0,30,1,German,55.wav,data/Emotify\pop\55.wav
355,pop,0,0,0,0,1,0,0,0,0,4,0,0,21,0,Russian,55.wav,data/Emotify\pop\55.wav
355,pop,0,0,0,1,0,0,0,0,0,3,0,0,61,1,Dutch,55.wav,data/Emotify\pop\55.wav
355,pop,0,0,1,1,0,0,1,0,0,4,0,1,56,0,Dutch,55.wav,data/Emotify\pop\55.wav
355,pop,1,1,0,0,0,0,0,0,0,4,0,0,19,0,English,55.wav,data/Emotify\pop\55.wav
355,pop,0,0,0,1,0,0,0,0,0,3,0,1,35,1,English,55.wav,data/Emotify\pop\55.wav
355,pop,0,1,1,0,0,0,0,1,0,5,1,0,35,0,Russian,55.wav,data/Emotify\pop\55.wav
355,pop,0,0,0,0,1,0,0,0,0,2,1,0,17,0,Dutch,55.wav,data/Emotify\pop\55.wav
355,pop,0,0,1,0,0,0,0,0,0,2,0,1,32,0,English,55.wav,data/Emotify\pop\55.wav
355,pop,0,0,1,0,0,1,0,0,1,2,0,0,21,1,English,55.wav,data/Emotify\pop\55.wav
356,pop,0,0,0,0,1,1,0,0,1,2,1,1,15,0,Russian,56.wav,data/Emotify\pop\56.wav
356,pop,0,0,0,0,1,1,0,0,1,2,1,1,15,0,Russian,56.wav,data/Emotify\pop\56.wav
356,pop,0,1,1,0,1,0,0,0,0,2,1,0,19,0,Korean,56.wav,data/Emotify\pop\56.wav
356,pop,0,0,0,1,1,0,1,0,0,4,0,0,56,0,Dutch,56.wav,data/Emotify\pop\56.wav
356,pop,0,0,1,1,0,0,1,0,0,3,1,0,20,0,Chinese,56.wav,data/Emotify\pop\56.wav
356,pop,0,0,1,1,0,0,1,0,0,4,1,0,19,0,English,56.wav,data/Emotify\pop\56.wav
356,pop,0,0,0,0,0,0,0,1,0,3,0,1,51,0,Dutch,56.wav,data/Emotify\pop\56.wav
356,pop,0,0,0,0,1,0,0,0,0,5,0,0,35,0,Russian,56.wav,data/Emotify\pop\56.wav
356,pop,0,0,0,1,0,0,1,0,1,4,0,0,44,1,Dutch,56.wav,data/Emotify\pop\56.wav
356,pop,1,0,1,0,0,0,1,0,0,3,1,0,26,1,Russian,56.wav,data/Emotify\pop\56.wav
356,pop,0,1,0,0,0,0,1,1,0,2,0,0,21,1,English,56.wav,data/Emotify\pop\56.wav
356,pop,1,0,1,0,1,0,0,0,0,3,1,0,17,1,Russian,56.wav,data/Emotify\pop\56.wav
356,pop,0,0,0,0,1,0,0,0,0,4,0,0,25,1,Dutch,56.wav,data/Emotify\pop\56.wav
357,pop,1,1,0,0,0,0,0,0,0,4,0,0,19,0,English,57.wav,data/Emotify\pop\57.wav
357,pop,0,0,0,0,1,0,0,0,0,5,0,0,37,1,Serbian,57.wav,data/Emotify\pop\57.wav
357,pop,1,0,0,1,1,0,0,0,0,1,0,0,26,1,Russian,57.wav,data/Emotify\pop\57.wav
357,pop,0,0,0,1,0,0,0,0,0,4,0,1,20,0,Dutch,57.wav,data/Emotify\pop\57.wav
357,pop,0,0,1,0,0,0,0,0,0,5,0,0,35,0,Russian,57.wav,data/Emotify\pop\57.wav
357,pop,1,0,0,0,1,0,1,0,0,3,1,0,25,0,English,57.wav,data/Emotify\pop\57.wav
357,pop,0,1,1,0,1,0,0,0,0,4,0,0,44,1,Dutch,57.wav,data/Emotify\pop\57.wav
357,pop,1,0,0,1,0,0,1,0,0,3,1,0,26,1,Russian,57.wav,data/Emotify\pop\57.wav
357,pop,1,0,1,0,0,1,0,0,0,2,1,0,21,0,Russian,57.wav,data/Emotify\pop\57.wav
357,pop,0,0,0,0,1,0,0,0,1,4,0,0,25,1,Dutch,57.wav,data/Emotify\pop\57.wav
357,pop,0,1,0,1,1,0,0,0,0,4,1,0,28,0,Dutch,57.wav,data/Emotify\pop\57.wav
357,pop,1,0,0,1,1,0,0,0,0,3,0,0,17,1,Russian,57.wav,data/Emotify\pop\57.wav
358,pop,0,0,0,0,0,1,1,1,0,3,1,0,19,1,Spanish,58.wav,data/Emotify\pop\58.wav
358,pop,1,1,0,0,0,0,1,0,0,4,1,0,19,0,English,58.wav,data/Emotify\pop\58.wav
358,pop,0,1,0,0,0,1,0,1,0,1,0,0,26,1,Russian,58.wav,data/Emotify\pop\58.wav
358,pop,0,0,0,0,0,0,1,1,0,4,0,0,20,0,Dutch,58.wav,data/Emotify\pop\58.wav
358,pop,0,0,0,0,0,0,1,0,0,4,1,0,18,0,English,58.wav,data/Emotify\pop\58.wav
358,pop,0,1,0,0,0,1,1,0,0,4,0,0,44,1,Dutch,58.wav,data/Emotify\pop\58.wav
358,pop,0,0,0,1,0,0,0,1,1,3,0,1,26,1,Russian,58.wav,data/Emotify\pop\58.wav
358,pop,1,0,0,0,0,1,1,0,0,5,1,0,39,0,Spanish,58.wav,data/Emotify\pop\58.wav
358,pop,0,0,0,0,0,1,1,0,0,4,0,0,41,0,English,58.wav,data/Emotify\pop\58.wav
358,pop,0,0,0,0,1,0,0,1,1,3,0,1,17,1,Russian,58.wav,data/Emotify\pop\58.wav
358,pop,1,1,0,0,0,0,1,0,0,4,0,0,25,1,Russian,58.wav,data/Emotify\pop\58.wav
358,pop,0,0,0,0,0,0,0,1,0,3,0,1,61,1,Dutch,58.wav,data/Emotify\pop\58.wav
359,pop,0,0,0,1,1,0,0,0,1,3,0,0,19,1,Spanish,59.wav,data/Emotify\pop\59.wav
359,pop,0,0,0,0,0,0,0,0,1,4,0,1,50,0,Dutch,59.wav,data/Emotify\pop\59.wav
359,pop,0,0,0,0,0,0,0,0,1,4,0,1,50,0,Dutch,59.wav,data/Emotify\pop\59.wav
359,pop,0,1,1,0,0,0,0,0,0,4,1,0,27,1,English,59.wav,data/Emotify\pop\59.wav
359,pop,0,0,0,0,0,0,0,1,0,5,0,1,14,1,English,59.wav,data/Emotify\pop\59.wav
359,pop,0,0,1,0,0,0,0,0,0,4,0,0,23,0,German,59.wav,data/Emotify\pop\59.wav
359,pop,0,1,1,0,0,0,0,0,0,3,1,0,35,1,English,59.wav,data/Emotify\pop\59.wav
359,pop,0,0,0,0,0,1,0,0,1,4,0,0,33,0,Hungarian,59.wav,data/Emotify\pop\59.wav
359,pop,0,0,0,1,1,0,0,0,1,4,0,0,25,1,Russian,59.wav,data/Emotify\pop\59.wav
359,pop,0,0,0,1,0,0,0,0,1,4,0,0,19,0,English,59.wav,data/Emotify\pop\59.wav
359,pop,0,0,1,0,0,0,1,0,0,4,1,0,17,0,Dutch,59.wav,data/Emotify\pop\59.wav
359,pop,0,1,1,0,0,0,0,0,0,2,1,0,21,0,Russian,59.wav,data/Emotify\pop\59.wav
360,pop,0,0,0,0,0,0,0,1,0,3,0,0,20,0,Chinese,60.wav,data/Emotify\pop\60.wav
360,pop,1,0,0,0,0,0,1,1,0,4,1,0,22,0,Estonian,60.wav,data/Emotify\pop\60.wav
360,pop,0,1,1,0,0,0,0,1,0,4,0,1,22,0,English,60.wav,data/Emotify\pop\60.wav
360,pop,0,1,0,0,0,0,0,0,1,4,0,0,16,0,Russian,60.wav,data/Emotify\pop\60.wav
360,pop,0,0,0,0,1,0,0,1,1,4,1,0,31,0,English,60.wav,data/Emotify\pop\60.wav
360,pop,0,1,1,0,1,0,0,0,0,2,1,0,35,0,Dutch,60.wav,data/Emotify\pop\60.wav
360,pop,0,0,0,0,1,0,0,0,1,4,0,0,25,1,Russian,60.wav,data/Emotify\pop\60.wav
360,pop,0,0,0,0,1,0,0,1,1,4,1,0,25,0,Dutch,60.wav,data/Emotify\pop\60.wav
360,pop,0,1,0,0,1,0,0,0,0,3,0,0,25,1,Russian,60.wav,data/Emotify\pop\60.wav
360,pop,0,0,0,0,1,0,0,0,0,1,0,0,26,1,Russian,60.wav,data/Emotify\pop\60.wav
360,pop,1,1,0,0,1,0,0,0,0,4,1,0,39,1,Dutch,60.wav,data/Emotify\pop\60.wav
360,pop,0,0,0,0,0,0,0,1,0,5,0,1,46,1,Dutch,60.wav,data/Emotify\pop\60.wav
361,pop,0,0,1,0,1,0,0,0,1,3,1,1,22,1,Russian,61.wav,data/Emotify\pop\61.wav
361,pop,0,0,0,0,0,0,0,1,0,3,0,1,61,1,Dutch,61.wav,data/Emotify\pop\61.wav
361,pop,0,0,1,0,0,0,0,0,0,2,0,1,20,1,Russian,61.wav,data/Emotify\pop\61.wav
361,pop,0,0,0,0,0,0,1,0,0,4,0,0,23,0,German,61.wav,data/Emotify\pop\61.wav
361,pop,0,0,1,0,0,0,0,0,0,1,0,0,50,1,English,61.wav,data/Emotify\pop\61.wav
361,pop,0,1,0,0,0,1,0,0,1,1,0,0,26,1,Russian,61.wav,data/Emotify\pop\61.wav
361,pop,0,1,0,0,0,0,0,1,1,4,0,0,19,0,English,61.wav,data/Emotify\pop\61.wav
361,pop,0,0,0,0,1,0,0,1,1,5,0,1,19,1,Russian,61.wav,data/Emotify\pop\61.wav
361,pop,0,0,0,0,0,0,0,1,1,3,0,0,25,1,Chinese,61.wav,data/Emotify\pop\61.wav
361,pop,1,0,0,0,0,1,0,1,0,4,0,0,39,1,Dutch,61.wav,data/Emotify\pop\61.wav
361,pop,0,1,0,1,0,0,1,0,0,3,0,0,19,1,Spanish,61.wav,data/Emotify\pop\61.wav
361,pop,0,0,0,0,0,0,0,1,0,5,0,1,46,1,Dutch,61.wav,data/Emotify\pop\61.wav
362,pop,0,0,0,0,0,0,1,0,0,2,1,0,20,1,Russian,62.wav,data/Emotify\pop\62.wav
362,pop,0,0,0,0,0,0,1,0,0,4,0,0,23,0,German,62.wav,data/Emotify\pop\62.wav
362,pop,0,0,0,0,0,1,0,0,0,4,1,0,31,1,Spanish,62.wav,data/Emotify\pop\62.wav
362,pop,0,0,0,0,0,1,0,0,0,4,1,0,31,1,Spanish,62.wav,data/Emotify\pop\62.wav
362,pop,1,0,0,0,0,1,1,0,0,3,0,0,25,1,Chinese,62.wav,data/Emotify\pop\62.wav
362,pop,0,0,0,0,0,1,1,0,0,3,0,1,39,0,Catalan,62.wav,data/Emotify\pop\62.wav
362,pop,0,0,0,1,0,1,1,0,0,4,1,0,51,0,English,62.wav,data/Emotify\pop\62.wav
362,pop,1,0,0,0,0,1,1,0,0,3,0,0,19,1,Spanish,62.wav,data/Emotify\pop\62.wav
362,pop,0,1,0,0,0,1,1,0,0,4,1,0,39,1,Dutch,62.wav,data/Emotify\pop\62.wav
362,pop,0,0,0,0,0,1,1,0,0,4,0,0,27,0,English,62.wav,data/Emotify\pop\62.wav
362,pop,0,0,0,0,0,0,1,0,0,5,1,0,46,1,Dutch,62.wav,data/Emotify\pop\62.wav
363,pop,0,0,0,1,1,0,0,0,0,4,0,0,26,0,English,63.wav,data/Emotify\pop\63.wav
363,pop,1,0,0,0,0,0,1,0,0,5,0,0,53,0,English,63.wav,data/Emotify\pop\63.wav
363,pop,0,0,0,1,0,0,0,0,0,2,1,0,20,1,Russian,63.wav,data/Emotify\pop\63.wav
363,pop,1,0,0,0,0,1,0,1,0,3,0,1,39,0,Catalan,63.wav,data/Emotify\pop\63.wav
363,pop,0,0,0,0,0,0,1,0,0,3,0,0,25,1,Chinese,63.wav,data/Emotify\pop\63.wav
363,pop,0,0,1,1,0,0,1,0,0,4,1,0,32,1,Dutch,63.wav,data/Emotify\pop\63.wav
363,pop,0,0,0,0,0,0,1,0,0,4,1,0,27,0,English,63.wav,data/Emotify\pop\63.wav
363,pop,1,0,0,1,1,0,0,0,0,1,0,0,26,1,Russian,63.wav,data/Emotify\pop\63.wav
363,pop,1,0,0,1,1,0,0,0,0,3,0,0,19,1,Spanish,63.wav,data/Emotify\pop\63.wav
363,pop,0,0,0,0,0,0,1,0,0,2,0,0,42,0,Dutch,63.wav,data/Emotify\pop\63.wav
363,pop,0,0,0,1,0,0,0,0,1,4,1,0,39,1,Dutch,63.wav,data/Emotify\pop\63.wav
363,pop,0,0,0,0,1,0,0,0,0,5,0,1,46,1,Dutch,63.wav,data/Emotify\pop\63.wav
364,pop,1,0,1,0,0,0,0,0,0,5,1,0,23,1,Russian,64.wav,data/Emotify\pop\64.wav
364,pop,0,0,1,0,0,0,0,0,0,2,1,0,20,1,Russian,64.wav,data/Emotify\pop\64.wav
364,pop,0,0,0,1,0,0,0,1,1,3,0,1,39,0,Catalan,64.wav,data/Emotify\pop\64.wav
364,pop,0,0,0,0,1,0,0,0,1,1,0,0,26,1,Russian,64.wav,data/Emotify\pop\64.wav
364,pop,0,0,0,0,1,0,0,0,0,3,0,0,20,0,Chinese,64.wav,data/Emotify\pop\64.wav
364,pop,0,1,1,0,1,0,0,0,0,4,1,0,45,0,English,64.wav,data/Emotify\pop\64.wav
364,pop,0,0,0,0,0,0,0,0,1,2,0,1,30,0,Dutch,64.wav,data/Emotify\pop\64.wav
364,pop,0,0,0,1,1,0,0,0,1,3,0,0,19,1,Spanish,64.wav,data/Emotify\pop\64.wav
364,pop,0,0,0,0,0,0,0,1,1,3,0,1,32,0,Russian,64.wav,data/Emotify\pop\64.wav
364,pop,0,0,0,0,0,0,0,1,0,3,0,1,44,0,Russian,64.wav,data/Emotify\pop\64.wav
364,pop,0,0,0,1,1,0,0,0,0,4,0,0,47,0,Italian,64.wav,data/Emotify\pop\64.wav
364,pop,0,0,0,1,1,0,0,0,1,4,1,0,39,1,Dutch,64.wav,data/Emotify\pop\64.wav
365,pop,1,1,1,0,1,0,0,0,1,3,1,0,16,1,Russian,65.wav,data/Emotify\pop\65.wav
365,pop,0,0,1,0,1,0,0,0,0,4,0,1,32,1,Dutch,65.wav,data/Emotify\pop\65.wav
365,pop,0,0,0,1,1,0,0,0,0,1,0,0,26,1,Russian,65.wav,data/Emotify\pop\65.wav
365,pop,1,1,0,0,0,0,0,0,1,3,1,0,39,0,Catalan,65.wav,data/Emotify\pop\65.wav
365,pop,0,0,0,0,1,0,0,0,1,4,0,1,45,0,English,65.wav,data/Emotify\pop\65.wav
365,pop,0,0,1,1,1,0,0,0,0,3,0,0,19,1,Spanish,65.wav,data/Emotify\pop\65.wav
365,pop,0,0,1,0,0,0,0,0,0,4,1,0,38,0,Dutch,65.wav,data/Emotify\pop\65.wav
365,pop,0,0,0,0,0,0,1,0,0,4,0,0,30,0,Hebrew,65.wav,data/Emotify\pop\65.wav
365,pop,0,0,0,0,0,0,0,0,0,5,0,1,27,1,English,65.wav,data/Emotify\pop\65.wav
365,pop,0,0,0,0,0,0,0,0,0,5,0,1,27,1,English,65.wav,data/Emotify\pop\65.wav
365,pop,0,0,0,0,0,0,0,1,1,3,0,1,24,1,English,65.wav,data/Emotify\pop\65.wav
365,pop,0,0,1,1,0,0,0,0,0,4,0,0,39,1,Dutch,65.wav,data/Emotify\pop\65.wav
365,pop,0,1,0,0,0,0,0,0,0,4,0,0,17,0,Dutch,65.wav,data/Emotify\pop\65.wav
366,pop,0,0,0,1,1,0,0,0,1,1,1,0,26,1,Russian,66.wav,data/Emotify\pop\66.wav
366,pop,0,0,1,1,0,0,0,0,0,3,1,0,20,0,Chinese,66.wav,data/Emotify\pop\66.wav
366,pop,0,0,1,0,0,0,0,0,1,4,0,0,42,1,Dutch,66.wav,data/Emotify\pop\66.wav
366,pop,0,0,1,1,0,0,0,0,0,4,0,1,45,0,English,66.wav,data/Emotify\pop\66.wav
366,pop,0,0,1,1,0,0,0,0,0,4,0,0,36,0,Italian,66.wav,data/Emotify\pop\66.wav
366,pop,0,0,0,0,0,0,0,0,1,2,1,0,30,0,Dutch,66.wav,data/Emotify\pop\66.wav
366,pop,0,1,0,0,0,0,0,0,0,4,1,0,36,1,English,66.wav,data/Emotify\pop\66.wav
366,pop,0,0,0,1,0,0,0,0,1,3,0,0,62,0,Dutch,66.wav,data/Emotify\pop\66.wav
366,pop,0,0,0,0,0,0,0,1,0,4,1,0,18,0,English,66.wav,data/Emotify\pop\66.wav
366,pop,0,0,0,0,0,0,0,0,0,3,0,1,33,0,Dutch,66.wav,data/Emotify\pop\66.wav
366,pop,0,0,1,1,0,0,0,0,1,4,0,0,26,1,Chinese,66.wav,data/Emotify\pop\66.wav
366,pop,0,0,0,1,0,0,0,1,0,4,1,0,39,1,Dutch,66.wav,data/Emotify\pop\66.wav
367,pop,1,0,0,1,0,0,0,0,1,4,0,0,42,1,Dutch,67.wav,data/Emotify\pop\67.wav
367,pop,0,0,0,0,0,0,0,0,1,4,0,1,47,0,Russian,67.wav,data/Emotify\pop\67.wav
367,pop,0,0,0,0,0,0,0,1,0,5,0,0,17,0,Dutch,67.wav,data/Emotify\pop\67.wav
367,pop,0,1,0,0,0,1,0,1,0,3,0,1,62,0,Dutch,67.wav,data/Emotify\pop\67.wav
367,pop,0,1,0,0,0,1,0,0,0,4,1,0,29,0,Hebrew,67.wav,data/Emotify\pop\67.wav
367,pop,0,0,0,0,0,0,0,1,0,3,0,0,25,1,Chinese,67.wav,data/Emotify\pop\67.wav
367,pop,0,1,0,1,0,0,0,0,1,4,0,0,25,1,Russian,67.wav,data/Emotify\pop\67.wav
367,pop,0,0,0,0,0,0,0,1,1,4,0,0,39,1,Dutch,67.wav,data/Emotify\pop\67.wav
367,pop,0,1,0,0,0,1,0,0,1,1,0,0,26,1,Russian,67.wav,data/Emotify\pop\67.wav
367,pop,0,0,0,0,0,0,0,1,0,3,0,0,16,1,English,67.wav,data/Emotify\pop\67.wav
367,pop,1,0,0,0,0,1,0,0,1,3,0,0,15,0,Russian,67.wav,data/Emotify\pop\67.wav
367,pop,0,0,0,0,0,0,0,1,1,4,0,0,20,0,Russian,67.wav,data/Emotify\pop\67.wav
368,pop,0,0,1,1,0,0,0,0,0,3,1,0,60,0,Dutch,68.wav,data/Emotify\pop\68.wav
368,pop,0,0,0,0,1,0,1,0,0,3,1,0,26,1,French,68.wav,data/Emotify\pop\68.wav
368,pop,0,0,1,0,0,1,1,0,0,4,1,0,42,1,Dutch,68.wav,data/Emotify\pop\68.wav
368,pop,0,1,1,0,0,0,1,0,0,2,1,0,19,0,English,68.wav,data/Emotify\pop\68.wav
368,pop,0,0,0,0,1,0,1,0,0,3,1,0,23,1,Russian,68.wav,data/Emotify\pop\68.wav
368,pop,0,0,1,0,1,0,1,0,0,4,0,0,31,0,Hebrew,68.wav,data/Emotify\pop\68.wav
368,pop,0,0,0,0,0,0,1,0,0,5,0,0,37,1,Serbian,68.wav,data/Emotify\pop\68.wav
368,pop,1,0,1,0,0,0,1,0,0,4,1,0,39,1,Dutch,68.wav,data/Emotify\pop\68.wav
368,pop,0,0,1,0,0,0,1,0,0,1,0,0,26,1,Russian,68.wav,data/Emotify\pop\68.wav
368,pop,0,0,0,0,1,0,0,0,0,4,0,0,26,1,Russian,68.wav,data/Emotify\pop\68.wav
368,pop,0,0,0,1,0,0,1,0,0,4,1,0,47,0,Russian,68.wav,data/Emotify\pop\68.wav
368,pop,0,0,0,1,0,0,1,0,0,4,0,0,41,0,Dutch,68.wav,data/Emotify\pop\68.wav
369,pop,0,1,0,0,1,0,1,0,0,4,0,0,16,0,Russian,69.wav,data/Emotify\pop\69.wav
369,pop,0,1,0,1,1,0,0,0,0,4,1,0,27,1,German,69.wav,data/Emotify\pop\69.wav
369,pop,0,0,0,0,1,0,0,0,0,5,0,0,17,0,Dutch,69.wav,data/Emotify\pop\69.wav
369,pop,0,0,0,1,0,0,0,0,1,3,1,0,43,1,Dutch,69.wav,data/Emotify\pop\69.wav
369,pop,1,0,1,0,1,0,0,0,0,1,0,0,26,1,Russian,69.wav,data/Emotify\pop\69.wav
369,pop,0,0,1,0,1,0,0,0,1,3,0,0,25,1,Russian,69.wav,data/Emotify\pop\69.wav
369,pop,0,1,0,0,1,0,0,0,0,4,1,0,39,1,Dutch,69.wav,data/Emotify\pop\69.wav
369,pop,0,0,1,1,1,0,0,0,0,4,0,0,22,1,Croatian,69.wav,data/Emotify\pop\69.wav
369,pop,0,0,1,0,1,0,1,0,0,5,1,0,33,0,English,69.wav,data/Emotify\pop\69.wav
369,pop,0,0,0,0,0,0,1,1,0,4,0,0,33,0,Hungarian,69.wav,data/Emotify\pop\69.wav
369,pop,0,0,0,1,0,0,1,0,0,3,1,0,20,0,Chinese,69.wav,data/Emotify\pop\69.wav
369,pop,0,0,0,0,1,0,1,0,0,4,1,0,27,0,Russian,69.wav,data/Emotify\pop\69.wav
370,pop,0,0,0,1,0,0,0,0,1,5,0,0,23,1,Russian,70.wav,data/Emotify\pop\70.wav
370,pop,0,0,0,1,0,0,0,0,1,5,0,0,23,1,Russian,70.wav,data/Emotify\pop\70.wav
370,pop,0,0,0,1,0,0,0,0,1,5,0,0,23,1,Russian,70.wav,data/Emotify\pop\70.wav
370,pop,0,0,0,1,0,0,0,0,1,5,0,0,23,1,Russian,70.wav,data/Emotify\pop\70.wav
370,pop,0,0,0,1,1,0,0,0,1,4,1,0,11,1,Estonian,70.wav,data/Emotify\pop\70.wav
370,pop,0,0,0,1,0,0,0,0,1,5,0,0,23,1,Russian,70.wav,data/Emotify\pop\70.wav
370,pop,0,0,0,1,0,0,0,0,1,5,0,0,23,1,Russian,70.wav,data/Emotify\pop\70.wav
370,pop,0,0,1,1,1,0,0,0,0,3,1,0,43,1,Dutch,70.wav,data/Emotify\pop\70.wav
370,pop,0,0,0,1,0,0,0,0,1,5,0,0,23,1,Russian,70.wav,data/Emotify\pop\70.wav
370,pop,0,0,0,1,0,0,0,0,1,5,0,0,23,1,Russian,70.wav,data/Emotify\pop\70.wav
370,pop,0,0,0,1,0,0,0,0,1,5,0,0,23,1,Russian,70.wav,data/Emotify\pop\70.wav
370,pop,0,0,0,0,1,0,0,0,1,3,0,0,24,0,Russian,70.wav,data/Emotify\pop\70.wav
370,pop,0,0,0,1,0,0,0,0,1,5,0,0,23,1,Russian,70.wav,data/Emotify\pop\70.wav
370,pop,0,0,0,1,0,0,0,0,1,5,0,0,23,1,Russian,70.wav,data/Emotify\pop\70.wav
370,pop,0,0,0,1,0,0,0,0,1,5,0,0,23,1,Russian,70.wav,data/Emotify\pop\70.wav
370,pop,0,0,0,1,0,0,0,0,1,5,0,0,23,1,Russian,70.wav,data/Emotify\pop\70.wav
370,pop,0,0,0,0,1,0,0,0,0,2,1,0,30,0,Greek,70.wav,data/Emotify\pop\70.wav
370,pop,0,0,0,1,1,0,0,0,1,4,1,0,25,1,Russian,70.wav,data/Emotify\pop\70.wav
370,pop,0,0,0,1,0,0,0,0,1,5,0,0,23,1,Russian,70.wav,data/Emotify\pop\70.wav
370,pop,0,0,0,1,0,0,0,0,1,5,0,0,23,1,Russian,70.wav,data/Emotify\pop\70.wav
370,pop,0,0,0,1,0,0,0,0,1,5,0,0,23,1,Russian,70.wav,data/Emotify\pop\70.wav
370,pop,0,0,0,1,0,0,0,0,1,5,0,0,23,1,Russian,70.wav,data/Emotify\pop\70.wav
370,pop,0,0,0,1,0,0,0,0,1,5,0,0,23,1,Russian,70.wav,data/Emotify\pop\70.wav
370,pop,0,1,0,1,0,0,0,0,0,4,0,0,27,0,Russian,70.wav,data/Emotify\pop\70.wav
370,pop,0,0,0,1,0,0,0,0,1,5,0,0,23,1,Russian,70.wav,data/Emotify\pop\70.wav
370,pop,1,0,1,0,1,0,0,0,0,4,0,1,49,0,English,70.wav,data/Emotify\pop\70.wav
370,pop,0,0,0,1,0,0,0,0,1,5,0,0,23,1,Russian,70.wav,data/Emotify\pop\70.wav
370,pop,0,0,0,1,0,0,0,0,1,5,0,0,23,1,Russian,70.wav,data/Emotify\pop\70.wav
371,pop,0,1,0,0,0,1,1,0,0,4,1,0,11,1,Estonian,71.wav,data/Emotify\pop\71.wav
371,pop,0,0,0,0,0,1,0,1,0,3,0,1,43,1,Dutch,71.wav,data/Emotify\pop\71.wav
371,pop,0,0,0,0,0,1,0,1,0,1,0,0,26,1,Russian,71.wav,data/Emotify\pop\71.wav
371,pop,0,0,0,0,0,1,1,0,0,3,0,1,24,0,Russian,71.wav,data/Emotify\pop\71.wav
371,pop,0,0,0,0,0,0,0,1,0,3,0,0,61,1,Dutch,71.wav,data/Emotify\pop\71.wav
371,pop,0,0,0,0,0,1,1,1,0,2,0,1,16,1,Chinese,71.wav,data/Emotify\pop\71.wav
371,pop,0,0,0,0,0,1,1,0,0,4,0,0,25,0,English,71.wav,data/Emotify\pop\71.wav
371,pop,1,0,0,0,0,0,0,0,0,1,0,0,19,1,Russian,71.wav,data/Emotify\pop\71.wav
371,pop,0,0,0,0,0,1,1,1,0,4,0,1,49,0,English,71.wav,data/Emotify\pop\71.wav
371,pop,0,0,0,0,0,0,1,0,0,4,0,0,27,0,Russian,71.wav,data/Emotify\pop\71.wav
371,pop,0,0,0,0,0,0,0,1,0,4,0,1,17,0,English,71.wav,data/Emotify\pop\71.wav
371,pop,0,0,0,0,0,1,1,0,0,4,0,0,20,0,Russian,71.wav,data/Emotify\pop\71.wav
372,pop,1,0,1,0,0,0,0,0,0,3,1,0,43,1,Dutch,72.wav,data/Emotify\pop\72.wav
372,pop,0,0,1,1,0,0,1,0,0,3,1,0,20,0,Chinese,72.wav,data/Emotify\pop\72.wav
372,pop,0,0,0,0,1,0,0,0,0,2,0,0,29,0,English,72.wav,data/Emotify\pop\72.wav
372,pop,0,0,0,0,0,0,1,0,1,4,0,0,30,0,Hebrew,72.wav,data/Emotify\pop\72.wav
372,pop,0,0,0,0,1,0,0,0,0,4,1,0,31,0,Hebrew,72.wav,data/Emotify\pop\72.wav
372,pop,0,0,1,1,1,0,0,0,0,1,0,0,26,1,Russian,72.wav,data/Emotify\pop\72.wav
372,pop,0,0,1,0,1,0,0,0,1,4,0,0,25,1,Russian,72.wav,data/Emotify\pop\72.wav
372,pop,0,0,0,1,0,0,1,0,0,3,1,0,21,1,English,72.wav,data/Emotify\pop\72.wav
372,pop,0,0,1,0,0,0,0,0,0,4,0,0,17,1,English,72.wav,data/Emotify\pop\72.wav
372,pop,0,0,0,1,0,0,0,0,0,2,0,0,42,0,Dutch,72.wav,data/Emotify\pop\72.wav
372,pop,0,1,0,0,1,0,0,0,1,4,0,0,20,0,Russian,72.wav,data/Emotify\pop\72.wav
372,pop,0,1,1,0,1,0,0,0,0,3,0,0,27,1,Finnish,72.wav,data/Emotify\pop\72.wav
373,pop,0,0,1,0,0,0,0,0,0,2,0,0,29,0,English,73.wav,data/Emotify\pop\73.wav
373,pop,0,0,1,1,1,0,0,0,0,3,1,0,31,1,German,73.wav,data/Emotify\pop\73.wav
373,pop,0,0,1,0,0,0,0,0,0,1,0,1,19,1,Russian,73.wav,data/Emotify\pop\73.wav
373,pop,0,0,1,1,0,0,1,0,0,5,1,0,48,0,German,73.wav,data/Emotify\pop\73.wav
373,pop,0,0,0,1,1,0,0,0,0,3,1,0,21,1,English,73.wav,data/Emotify\pop\73.wav
373,pop,0,0,0,0,0,0,0,1,0,3,0,1,60,1,English,73.wav,data/Emotify\pop\73.wav
373,pop,0,0,0,0,1,0,0,0,0,4,0,0,17,1,English,73.wav,data/Emotify\pop\73.wav
373,pop,0,0,1,1,1,0,0,0,0,4,1,0,21,0,Dutch,73.wav,data/Emotify\pop\73.wav
373,pop,0,0,0,0,1,0,0,0,0,4,0,0,20,0,Russian,73.wav,data/Emotify\pop\73.wav
373,pop,0,0,0,1,0,0,1,1,0,3,1,0,27,1,Finnish,73.wav,data/Emotify\pop\73.wav
373,pop,0,0,0,0,1,0,0,0,0,3,1,0,25,1,Greek,73.wav,data/Emotify\pop\73.wav
373,pop,0,0,0,1,1,0,1,0,0,1,1,0,26,1,Russian,73.wav,data/Emotify\pop\73.wav
374,pop,0,0,0,1,1,0,0,0,0,3,1,0,21,1,Russian,74.wav,data/Emotify\pop\74.wav
374,pop,0,0,0,0,0,0,0,1,0,4,0,1,17,1,Dutch,74.wav,data/Emotify\pop\74.wav
374,pop,0,0,0,1,0,0,0,0,1,1,0,0,26,1,Russian,74.wav,data/Emotify\pop\74.wav
374,pop,0,0,0,0,1,0,0,0,1,3,0,0,25,1,Russian,74.wav,data/Emotify\pop\74.wav
374,pop,1,0,0,1,0,0,1,0,0,5,1,0,33,0,English,74.wav,data/Emotify\pop\74.wav
374,pop,0,1,0,0,1,0,0,0,0,5,1,0,18,0,Russian,74.wav,data/Emotify\pop\74.wav
374,pop,0,0,0,0,1,0,0,0,0,3,0,0,20,1,German,74.wav,data/Emotify\pop\74.wav
374,pop,0,0,1,1,0,0,0,0,1,3,0,0,16,1,Dutch,74.wav,data/Emotify\pop\74.wav
374,pop,0,0,1,1,0,0,0,0,1,4,1,0,33,0,Hungarian,74.wav,data/Emotify\pop\74.wav
374,pop,1,0,1,0,0,0,0,0,0,4,1,0,17,0,Dutch,74.wav,data/Emotify\pop\74.wav
374,pop,0,0,1,1,1,0,0,0,0,3,1,0,35,1,English,74.wav,data/Emotify\pop\74.wav
374,pop,0,0,1,1,0,0,0,0,1,3,1,1,31,1,German,74.wav,data/Emotify\pop\74.wav
375,pop,0,0,0,0,0,0,1,0,0,3,1,0,21,0,Portuguese,75.wav,data/Emotify\pop\75.wav
375,pop,0,0,0,0,0,1,1,0,0,3,1,0,39,0,English,75.wav,data/Emotify\pop\75.wav
375,pop,0,0,0,1,1,0,0,0,0,2,0,0,40,0,Dutch,75.wav,data/Emotify\pop\75.wav
375,pop,0,0,0,1,1,0,1,0,0,1,0,0,26,1,Russian,75.wav,data/Emotify\pop\75.wav
375,pop,0,0,0,1,0,1,0,0,0,3,0,0,25,1,Russian,75.wav,data/Emotify\pop\75.wav
375,pop,1,0,0,0,0,0,1,0,0,3,1,0,20,1,German,75.wav,data/Emotify\pop\75.wav
375,pop,0,0,0,0,0,0,1,0,0,4,0,0,33,0,Hungarian,75.wav,data/Emotify\pop\75.wav
375,pop,0,1,1,0,1,0,0,0,0,5,1,1,25,0,Russian,75.wav,data/Emotify\pop\75.wav
375,pop,0,0,0,0,1,0,0,0,0,4,0,0,21,0,Spanish,75.wav,data/Emotify\pop\75.wav
375,pop,0,0,0,0,0,0,0,1,1,4,0,1,17,1,Dutch,75.wav,data/Emotify\pop\75.wav
375,pop,1,0,0,1,0,0,1,0,0,3,1,0,35,1,English,75.wav,data/Emotify\pop\75.wav
375,pop,0,1,0,0,1,0,1,0,0,4,1,0,28,0,Russian,75.wav,data/Emotify\pop\75.wav
376,pop,0,0,1,0,0,0,0,0,0,2,1,0,23,1,Dutch,76.wav,data/Emotify\pop\76.wav
376,pop,0,0,0,1,0,0,0,0,0,4,0,0,37,0,English,76.wav,data/Emotify\pop\76.wav
376,pop,0,0,1,1,0,0,0,0,0,4,1,0,50,0,Dutch,76.wav,data/Emotify\pop\76.wav
376,pop,0,0,1,0,1,0,0,0,0,3,0,0,25,1,Russian,76.wav,data/Emotify\pop\76.wav
376,pop,0,0,0,1,1,0,0,0,0,1,0,0,26,1,Russian,76.wav,data/Emotify\pop\76.wav
376,pop,1,0,1,0,1,0,0,0,0,4,0,0,25,1,Russian,76.wav,data/Emotify\pop\76.wav
376,pop,0,1,1,0,0,0,0,0,1,3,0,0,16,1,Dutch,76.wav,data/Emotify\pop\76.wav
376,pop,1,0,0,0,1,0,1,0,0,3,1,0,20,1,German,76.wav,data/Emotify\pop\76.wav
376,pop,0,0,1,1,0,0,0,0,0,4,0,0,60,0,English,76.wav,data/Emotify\pop\76.wav
376,pop,0,0,1,0,0,0,0,0,0,4,0,0,33,0,Hungarian,76.wav,data/Emotify\pop\76.wav
376,pop,0,0,1,1,1,0,0,0,0,4,1,0,21,0,Spanish,76.wav,data/Emotify\pop\76.wav
376,pop,0,0,1,0,0,0,0,0,0,2,1,0,17,0,Dutch,76.wav,data/Emotify\pop\76.wav
377,pop,0,0,1,0,1,0,1,0,0,4,0,0,22,0,English,77.wav,data/Emotify\pop\77.wav
377,pop,0,0,1,0,0,1,0,0,0,4,1,0,28,0,Dutch,77.wav,data/Emotify\pop\77.wav
377,pop,0,0,0,1,0,0,0,0,0,4,0,0,26,0,English,77.wav,data/Emotify\pop\77.wav
377,pop,1,0,0,0,0,1,1,0,0,3,0,1,25,1,Russian,77.wav,data/Emotify\pop\77.wav
377,pop,1,0,0,0,0,1,1,0,0,4,0,0,23,0,English,77.wav,data/Emotify\pop\77.wav
377,pop,0,0,0,0,0,1,0,0,1,3,0,0,16,1,Dutch,77.wav,data/Emotify\pop\77.wav
377,pop,1,0,0,0,0,0,1,0,0,1,0,0,26,1,Russian,77.wav,data/Emotify\pop\77.wav
377,pop,0,0,0,1,0,1,0,0,0,3,1,0,20,1,German,77.wav,data/Emotify\pop\77.wav
377,pop,0,0,0,1,0,0,1,1,0,3,1,0,37,1,Ucrainian,77.wav,data/Emotify\pop\77.wav
377,pop,0,0,1,1,1,0,0,0,0,4,0,0,22,1,Croatian,77.wav,data/Emotify\pop\77.wav
377,pop,0,0,0,1,0,0,1,0,0,4,1,0,26,1,Russian,77.wav,data/Emotify\pop\77.wav
377,pop,0,0,0,0,0,1,0,0,0,2,0,1,23,1,Dutch,77.wav,data/Emotify\pop\77.wav
378,pop,0,0,0,0,0,0,1,0,0,2,1,0,21,1,English,78.wav,data/Emotify\pop\78.wav
378,pop,0,0,0,1,0,0,1,0,0,1,0,0,26,1,Russian,78.wav,data/Emotify\pop\78.wav
378,pop,1,0,1,0,0,0,1,0,0,2,0,0,19,0,English,78.wav,data/Emotify\pop\78.wav
378,pop,0,0,0,0,1,0,0,0,0,4,1,0,36,1,English,78.wav,data/Emotify\pop\78.wav
378,pop,0,0,0,0,0,0,1,0,0,4,1,0,37,0,English,78.wav,data/Emotify\pop\78.wav
378,pop,0,0,0,1,1,0,1,0,0,3,1,0,21,1,English,78.wav,data/Emotify\pop\78.wav
378,pop,0,0,0,1,0,0,1,0,0,2,1,0,40,0,Dutch,78.wav,data/Emotify\pop\78.wav
378,pop,0,0,0,0,0,0,1,0,0,3,1,0,37,1,Ucrainian,78.wav,data/Emotify\pop\78.wav
378,pop,0,0,0,0,1,0,0,0,0,4,0,0,17,0,Dutch,78.wav,data/Emotify\pop\78.wav
378,pop,0,0,0,1,0,1,1,0,0,3,1,0,50,1,English,78.wav,data/Emotify\pop\78.wav
378,pop,0,0,0,0,0,0,1,0,0,3,1,0,25,1,Greek,78.wav,data/Emotify\pop\78.wav
379,pop,0,0,0,0,0,0,1,0,0,3,1,0,38,0,Danish,79.wav,data/Emotify\pop\79.wav
379,pop,0,0,0,0,0,0,0,1,0,3,0,1,52,1,English,79.wav,data/Emotify\pop\79.wav
379,pop,0,0,0,1,0,0,1,0,0,3,0,0,25,1,Russian,79.wav,data/Emotify\pop\79.wav
379,pop,0,0,0,0,0,1,1,0,0,3,1,0,38,0,English,79.wav,data/Emotify\pop\79.wav
379,pop,0,0,0,0,0,0,1,0,0,4,0,0,22,1,Dutch,79.wav,data/Emotify\pop\79.wav
379,pop,0,0,0,0,0,0,0,1,1,1,0,0,26,1,Russian,79.wav,data/Emotify\pop\79.wav
379,pop,1,0,0,1,0,0,1,0,0,3,0,0,16,1,Dutch,79.wav,data/Emotify\pop\79.wav
379,pop,0,0,0,1,0,0,0,0,0,3,0,0,20,1,German,79.wav,data/Emotify\pop\79.wav
379,pop,0,0,0,0,0,0,0,1,0,3,0,0,22,1,English,79.wav,data/Emotify\pop\79.wav
379,pop,1,0,1,0,1,0,0,0,0,4,1,0,21,0,Dutch,79.wav,data/Emotify\pop\79.wav
379,pop,0,0,0,0,0,0,1,0,1,4,0,0,25,1,Russian,79.wav,data/Emotify\pop\79.wav
379,pop,0,0,0,0,0,1,1,0,0,3,0,0,27,0,English,79.wav,data/Emotify\pop\79.wav
380,pop,0,0,0,1,0,0,1,0,0,4,0,0,31,1,French,80.wav,data/Emotify\pop\80.wav
380,pop,0,0,0,1,1,0,0,0,1,2,1,0,16,1,Chinese,80.wav,data/Emotify\pop\80.wav
380,pop,0,0,0,0,0,0,0,1,1,3,0,1,21,1,English,80.wav,data/Emotify\pop\80.wav
380,pop,0,1,0,0,0,0,0,0,0,3,0,0,20,1,German,80.wav,data/Emotify\pop\80.wav
380,pop,0,1,0,0,0,0,0,0,0,3,0,0,20,1,German,80.wav,data/Emotify\pop\80.wav
380,pop,0,0,0,0,0,0,0,1,0,3,0,1,25,1,Greek,80.wav,data/Emotify\pop\80.wav
380,pop,0,0,0,0,0,0,1,1,0,5,0,0,25,1,Dutch,80.wav,data/Emotify\pop\80.wav
380,pop,1,0,0,0,0,0,1,0,0,4,0,0,25,1,Russian,80.wav,data/Emotify\pop\80.wav
380,pop,0,0,0,0,0,1,0,0,1,3,0,0,27,0,English,80.wav,data/Emotify\pop\80.wav
380,pop,0,0,0,0,0,0,1,0,0,2,0,0,36,1,Serbian,80.wav,data/Emotify\pop\80.wav
380,pop,1,0,0,0,0,0,0,0,0,2,1,0,21,1,English,80.wav,data/Emotify\pop\80.wav
380,pop,0,0,0,0,0,0,0,1,0,3,0,1,52,1,English,80.wav,data/Emotify\pop\80.wav
381,pop,0,0,0,1,0,0,0,0,0,4,0,0,31,1,French,81.wav,data/Emotify\pop\81.wav
381,pop,0,0,0,0,1,0,0,0,0,3,0,0,27,1,Finnish,81.wav,data/Emotify\pop\81.wav
381,pop,0,0,1,0,1,0,0,0,0,4,1,0,20,0,Dutch,81.wav,data/Emotify\pop\81.wav
381,pop,0,0,1,0,1,0,0,0,0,3,1,0,31,0,Dutch,81.wav,data/Emotify\pop\81.wav
381,pop,0,0,0,0,1,0,0,0,0,4,0,0,18,0,Norwegian,81.wav,data/Emotify\pop\81.wav
381,pop,0,0,0,1,0,0,0,1,1,3,0,1,21,1,English,81.wav,data/Emotify\pop\81.wav
381,pop,1,0,1,0,0,0,0,0,0,3,1,0,20,1,German,81.wav,data/Emotify\pop\81.wav
381,pop,0,0,0,0,0,0,0,1,0,3,0,1,25,1,Greek,81.wav,data/Emotify\pop\81.wav
381,pop,0,0,0,1,1,0,0,0,0,5,0,0,25,1,Dutch,81.wav,data/Emotify\pop\81.wav
381,pop,0,0,0,1,1,0,0,0,1,4,0,0,25,1,Russian,81.wav,data/Emotify\pop\81.wav
381,pop,0,0,0,0,1,0,0,0,0,4,1,0,29,0,Portuguese,81.wav,data/Emotify\pop\81.wav
381,pop,0,0,1,1,1,0,0,0,0,2,0,0,36,1,Serbian,81.wav,data/Emotify\pop\81.wav
381,pop,0,0,0,0,1,0,0,0,0,2,1,0,21,1,English,81.wav,data/Emotify\pop\81.wav
382,pop,0,0,0,1,0,1,0,0,0,3,0,0,25,1,Russian,82.wav,data/Emotify\pop\82.wav
382,pop,0,0,0,0,0,0,1,0,0,4,1,0,21,1,English,82.wav,data/Emotify\pop\82.wav
382,pop,0,0,0,1,0,1,1,0,0,3,1,0,20,1,German,82.wav,data/Emotify\pop\82.wav
382,pop,0,0,0,1,0,0,0,1,0,3,1,0,23,1,Russian,82.wav,data/Emotify\pop\82.wav
382,pop,0,0,0,1,0,1,0,0,0,3,0,0,16,1,Dutch,82.wav,data/Emotify\pop\82.wav
382,pop,1,0,0,1,0,1,0,0,0,1,0,0,26,1,Russian,82.wav,data/Emotify\pop\82.wav
382,pop,0,0,0,0,0,1,1,0,0,2,0,0,42,0,Dutch,82.wav,data/Emotify\pop\82.wav
382,pop,1,0,0,1,0,0,0,0,0,3,1,0,35,1,English,82.wav,data/Emotify\pop\82.wav
382,pop,0,0,0,1,0,0,0,1,0,2,0,1,35,1,English,82.wav,data/Emotify\pop\82.wav
382,pop,1,0,0,0,0,1,1,0,0,3,1,0,16,1,Dutch,82.wav,data/Emotify\pop\82.wav
382,pop,0,0,0,0,1,0,0,0,0,3,1,0,38,0,Danish,82.wav,data/Emotify\pop\82.wav
382,pop,0,0,0,0,0,0,0,1,0,4,0,0,33,0,Hungarian,82.wav,data/Emotify\pop\82.wav
383,pop,0,0,0,0,0,1,0,0,0,4,0,1,18,1,Russian,83.wav,data/Emotify\pop\83.wav
383,pop,1,0,1,0,0,0,1,0,0,3,1,0,25,1,Russian,83.wav,data/Emotify\pop\83.wav
383,pop,1,0,0,0,0,1,1,0,0,3,1,0,23,1,Russian,83.wav,data/Emotify\pop\83.wav
383,pop,1,0,0,1,0,0,1,0,0,4,1,0,21,1,English,83.wav,data/Emotify\pop\83.wav
383,pop,1,0,1,0,0,0,1,0,0,1,1,0,26,1,Russian,83.wav,data/Emotify\pop\83.wav
383,pop,0,0,1,0,0,1,1,0,0,3,1,0,20,1,German,83.wav,data/Emotify\pop\83.wav
383,pop,0,0,0,0,0,0,1,0,0,5,0,0,37,1,Serbian,83.wav,data/Emotify\pop\83.wav
383,pop,0,1,0,1,0,0,0,0,0,2,0,1,35,1,English,83.wav,data/Emotify\pop\83.wav
383,pop,0,0,1,0,0,0,1,0,0,2,0,0,18,0,Hungarian,83.wav,data/Emotify\pop\83.wav
383,pop,0,0,1,0,0,0,1,0,0,2,0,0,18,0,Hungarian,83.wav,data/Emotify\pop\83.wav
383,pop,0,0,1,0,0,0,1,0,0,4,1,0,51,0,English,83.wav,data/Emotify\pop\83.wav
383,pop,0,0,1,0,0,0,1,0,0,3,0,0,21,0,Portuguese,83.wav,data/Emotify\pop\83.wav
384,pop,1,0,1,0,0,1,0,0,0,3,0,0,25,1,Russian,84.wav,data/Emotify\pop\84.wav
384,pop,0,0,1,0,1,0,0,0,0,4,0,1,21,1,English,84.wav,data/Emotify\pop\84.wav
384,pop,0,0,0,0,0,0,1,0,0,2,0,0,31,1,Finnish,84.wav,data/Emotify\pop\84.wav
384,pop,0,0,0,1,1,0,1,0,0,3,1,0,14,1,Russian,84.wav,data/Emotify\pop\84.wav
384,pop,0,0,0,0,0,0,0,0,1,4,0,1,31,0,English,84.wav,data/Emotify\pop\84.wav
384,pop,0,0,0,0,0,0,1,0,0,5,0,0,37,1,Serbian,84.wav,data/Emotify\pop\84.wav
384,pop,0,0,0,0,0,1,0,0,0,3,0,1,33,0,Dutch,84.wav,data/Emotify\pop\84.wav
384,pop,1,0,0,0,1,0,1,0,0,1,0,0,26,1,Russian,84.wav,data/Emotify\pop\84.wav
384,pop,0,0,0,0,0,0,0,1,0,4,0,1,33,0,Hungarian,84.wav,data/Emotify\pop\84.wav
384,pop,0,0,0,1,0,0,0,0,0,4,0,0,17,0,Dutch,84.wav,data/Emotify\pop\84.wav
384,pop,0,0,0,0,0,0,0,0,0,2,0,1,32,0,Greek,84.wav,data/Emotify\pop\84.wav
384,pop,0,0,1,1,1,0,0,0,0,2,0,0,60,0,Dutch,84.wav,data/Emotify\pop\84.wav
385,pop,0,0,0,0,0,0,1,0,0,4,1,0,21,1,English,85.wav,data/Emotify\pop\85.wav
385,pop,1,0,0,1,1,0,0,0,0,3,0,0,14,1,Russian,85.wav,data/Emotify\pop\85.wav
385,pop,1,0,0,0,0,0,1,0,0,5,0,0,45,1,English,85.wav,data/Emotify\pop\85.wav
385,pop,0,0,0,0,0,0,0,1,0,3,0,1,25,1,Greek,85.wav,data/Emotify\pop\85.wav
385,pop,0,0,0,0,0,0,0,1,1,2,0,0,60,0,Dutch,85.wav,data/Emotify\pop\85.wav
385,pop,1,0,1,0,0,0,1,0,0,5,1,0,19,1,Russian,85.wav,data/Emotify\pop\85.wav
385,pop,0,0,0,0,0,0,1,0,0,5,1,0,23,1,Russian,85.wav,data/Emotify\pop\85.wav
385,pop,0,0,0,0,0,0,1,0,0,3,1,0,23,1,English,85.wav,data/Emotify\pop\85.wav
385,pop,0,1,0,0,0,0,0,0,0,2,1,0,21,1,English,85.wav,data/Emotify\pop\85.wav
385,pop,0,0,0,0,1,1,0,0,0,4,0,0,18,0,Norwegian,85.wav,data/Emotify\pop\85.wav
385,pop,0,0,0,0,0,1,1,0,0,2,0,0,36,1,Serbian,85.wav,data/Emotify\pop\85.wav
385,pop,1,0,0,0,0,1,1,0,0,4,0,0,20,0,Dutch,85.wav,data/Emotify\pop\85.wav
386,pop,0,1,0,0,0,1,0,0,0,4,1,0,21,1,English,86.wav,data/Emotify\pop\86.wav
386,pop,0,0,0,1,0,0,0,0,0,3,1,0,31,0,Dutch,86.wav,data/Emotify\pop\86.wav
386,pop,1,0,0,0,0,0,0,1,1,1,1,0,26,1,Russian,86.wav,data/Emotify\pop\86.wav
386,pop,0,0,0,1,1,0,0,0,0,5,0,0,45,1,English,86.wav,data/Emotify\pop\86.wav
386,pop,1,0,0,0,0,0,1,1,0,3,0,0,21,1,English,86.wav,data/Emotify\pop\86.wav
386,pop,0,0,0,0,1,0,0,0,0,2,0,0,60,0,Dutch,86.wav,data/Emotify\pop\86.wav
386,pop,1,0,0,0,0,0,0,0,0,5,1,0,23,1,Russian,86.wav,data/Emotify\pop\86.wav
386,pop,1,0,0,0,0,0,0,0,0,2,1,0,21,1,English,86.wav,data/Emotify\pop\86.wav
386,pop,0,0,0,0,0,0,0,1,1,2,0,0,36,1,Serbian,86.wav,data/Emotify\pop\86.wav
386,pop,0,0,0,0,0,1,0,1,0,3,0,0,21,1,English,86.wav,data/Emotify\pop\86.wav
386,pop,0,0,1,0,0,0,0,0,0,2,1,0,19,0,English,86.wav,data/Emotify\pop\86.wav
387,pop,0,0,0,0,0,0,1,0,0,3,1,0,31,0,Dutch,87.wav,data/Emotify\pop\87.wav
387,pop,0,0,0,0,0,1,0,1,0,5,1,0,41,1,Russian,87.wav,data/Emotify\pop\87.wav
387,pop,0,0,0,1,0,1,0,0,0,5,0,0,45,1,English,87.wav,data/Emotify\pop\87.wav
387,pop,1,0,0,0,0,0,1,0,0,5,0,0,53,0,English,87.wav,data/Emotify\pop\87.wav
387,pop,0,0,0,0,0,0,1,1,0,3,0,1,21,1,English,87.wav,data/Emotify\pop\87.wav
387,pop,0,0,0,0,0,1,0,1,1,1,0,0,26,1,Russian,87.wav,data/Emotify\pop\87.wav
387,pop,0,0,0,0,0,0,0,1,0,5,0,1,23,1,Russian,87.wav,data/Emotify\pop\87.wav
387,pop,0,0,0,0,0,1,0,1,0,3,0,1,25,1,Russian,87.wav,data/Emotify\pop\87.wav
387,pop,0,0,0,0,0,1,0,0,0,2,0,0,36,1,Serbian,87.wav,data/Emotify\pop\87.wav
387,pop,0,0,0,1,0,0,0,1,0,3,0,0,16,1,English,87.wav,data/Emotify\pop\87.wav
387,pop,0,0,0,0,0,0,1,1,0,4,1,0,21,1,English,87.wav,data/Emotify\pop\87.wav
387,pop,0,0,0,0,0,1,1,0,0,4,1,0,29,0,Spanish,87.wav,data/Emotify\pop\87.wav
388,pop,1,0,0,0,0,0,0,1,0,2,1,0,20,1,German,88.wav,data/Emotify\pop\88.wav
388,pop,0,0,0,1,0,0,0,0,0,3,0,0,20,0,Chinese,88.wav,data/Emotify\pop\88.wav
388,pop,0,1,0,0,0,0,1,0,0,5,0,0,41,1,Russian,88.wav,data/Emotify\pop\88.wav
388,pop,1,0,1,0,0,0,0,0,0,5,0,0,45,1,English,88.wav,data/Emotify\pop\88.wav
388,pop,1,0,0,0,0,0,1,1,0,3,1,0,21,1,English,88.wav,data/Emotify\pop\88.wav
388,pop,0,0,0,0,0,0,1,0,0,5,0,0,37,1,Serbian,88.wav,data/Emotify\pop\88.wav
388,pop,0,0,1,1,0,0,0,0,0,3,1,0,25,1,Russian,88.wav,data/Emotify\pop\88.wav
388,pop,0,0,0,1,1,0,0,0,0,2,0,0,36,1,Serbian,88.wav,data/Emotify\pop\88.wav
388,pop,1,0,0,0,0,0,1,0,0,3,1,0,31,0,Dutch,88.wav,data/Emotify\pop\88.wav
388,pop,0,1,1,0,0,0,1,0,0,1,0,0,26,1,Russian,88.wav,data/Emotify\pop\88.wav
388,pop,1,0,0,0,0,0,1,0,0,4,1,0,21,1,English,88.wav,data/Emotify\pop\88.wav
388,pop,0,0,1,1,0,0,0,0,0,4,1,0,29,0,Spanish,88.wav,data/Emotify\pop\88.wav
389,pop,0,0,1,0,0,0,0,0,1,4,0,1,28,0,Dutch,89.wav,data/Emotify\pop\89.wav
389,pop,0,0,0,0,0,0,0,0,1,4,0,1,50,0,Dutch,89.wav,data/Emotify\pop\89.wav
389,pop,0,0,0,0,0,0,0,0,1,3,0,1,42,0,English,89.wav,data/Emotify\pop\89.wav
389,pop,0,0,1,0,0,0,0,0,0,5,0,0,22,1,Dutch,89.wav,data/Emotify\pop\89.wav
389,pop,0,0,0,1,0,0,1,1,0,3,1,0,21,1,English,89.wav,data/Emotify\pop\89.wav
389,pop,0,0,0,1,1,0,0,0,0,1,0,0,26,1,Russian,89.wav,data/Emotify\pop\89.wav
389,pop,0,0,1,0,1,0,1,0,0,3,1,0,31,0,Dutch,89.wav,data/Emotify\pop\89.wav
389,pop,1,0,1,0,1,0,0,0,0,3,0,1,25,1,Russian,89.wav,data/Emotify\pop\89.wav
389,pop,1,0,0,0,0,0,0,0,0,2,0,0,36,1,Serbian,89.wav,data/Emotify\pop\89.wav
389,pop,0,0,0,1,1,0,0,0,1,3,0,1,26,1,Russian,89.wav,data/Emotify\pop\89.wav
389,pop,0,0,1,0,0,0,1,0,0,4,1,0,21,1,English,89.wav,data/Emotify\pop\89.wav
389,pop,0,1,1,0,0,0,0,0,0,5,0,1,41,1,Russian,89.wav,data/Emotify\pop\89.wav
390,pop,0,0,0,0,0,1,0,0,0,3,1,0,42,0,English,90.wav,data/Emotify\pop\90.wav
390,pop,0,0,0,1,0,1,1,0,0,3,1,0,21,1,English,90.wav,data/Emotify\pop\90.wav
390,pop,0,0,0,0,0,0,0,1,0,3,0,1,26,1,Russian,90.wav,data/Emotify\pop\90.wav
390,pop,1,0,0,1,0,1,0,0,0,1,0,0,26,1,Russian,90.wav,data/Emotify\pop\90.wav
390,pop,0,0,0,0,0,0,1,0,0,3,0,1,31,0,Dutch,90.wav,data/Emotify\pop\90.wav
390,pop,1,0,0,1,0,0,0,0,0,3,0,1,25,1,Russian,90.wav,data/Emotify\pop\90.wav
390,pop,0,0,0,0,0,0,1,0,0,2,0,0,36,1,Serbian,90.wav,data/Emotify\pop\90.wav
390,pop,0,0,1,0,0,0,0,0,0,4,0,0,21,0,English,90.wav,data/Emotify\pop\90.wav
390,pop,0,0,1,0,0,0,0,0,0,4,0,1,21,1,English,90.wav,data/Emotify\pop\90.wav
390,pop,0,0,0,1,0,0,0,1,1,5,0,0,41,1,Russian,90.wav,data/Emotify\pop\90.wav
390,pop,0,0,0,0,1,0,1,0,0,4,0,0,29,0,Spanish,90.wav,data/Emotify\pop\90.wav
390,pop,0,0,0,1,0,0,1,0,0,4,1,0,51,0,English,90.wav,data/Emotify\pop\90.wav
391,pop,0,0,0,1,0,1,1,0,0,2,1,0,19,0,English,91.wav,data/Emotify\pop\91.wav
391,pop,0,0,1,1,0,0,0,0,1,3,0,0,29,0,Russian,91.wav,data/Emotify\pop\91.wav
391,pop,0,0,0,0,0,0,1,0,0,4,1,0,34,0,English,91.wav,data/Emotify\pop\91.wav
391,pop,1,0,0,0,0,0,1,0,0,4,0,0,25,1,Russian,91.wav,data/Emotify\pop\91.wav
391,pop,1,0,0,0,0,0,1,0,0,1,0,0,26,1,Russian,91.wav,data/Emotify\pop\91.wav
391,pop,0,0,0,0,0,0,1,0,0,2,0,0,36,1,Serbian,91.wav,data/Emotify\pop\91.wav
391,pop,0,0,0,0,0,0,0,1,0,5,0,1,14,1,English,91.wav,data/Emotify\pop\91.wav
391,pop,0,0,0,0,0,0,1,0,0,3,0,1,31,0,Dutch,91.wav,data/Emotify\pop\91.wav
391,pop,1,0,1,0,0,0,1,0,0,4,1,0,21,1,English,91.wav,data/Emotify\pop\91.wav
391,pop,0,0,0,0,0,1,1,0,0,4,0,0,29,0,Spanish,91.wav,data/Emotify\pop\91.wav
391,pop,0,0,0,0,0,0,0,1,0,1,0,0,28,1,Ucrainian,91.wav,data/Emotify\pop\91.wav
391,pop,0,0,0,0,0,1,1,0,0,1,0,1,31,0,Dutch,91.wav,data/Emotify\pop\91.wav
392,pop,0,0,1,0,1,0,0,0,1,4,0,1,22,0,English,92.wav,data/Emotify\pop\92.wav
392,pop,0,0,0,1,1,0,0,0,1,2,1,0,19,0,English,92.wav,data/Emotify\pop\92.wav
392,pop,0,0,0,0,1,0,0,0,0,3,0,0,41,0,Dutch,92.wav,data/Emotify\pop\92.wav
392,pop,0,0,1,0,1,0,0,0,1,1,0,0,26,1,Russian,92.wav,data/Emotify\pop\92.wav
392,pop,0,0,0,0,1,0,0,0,0,4,1,0,31,0,Hebrew,92.wav,data/Emotify\pop\92.wav
392,pop,0,0,1,1,1,0,0,0,0,3,1,0,29,0,Russian,92.wav,data/Emotify\pop\92.wav
392,pop,0,0,1,1,0,0,0,0,0,2,0,0,36,1,Serbian,92.wav,data/Emotify\pop\92.wav
392,pop,0,0,0,0,1,0,0,0,0,3,1,0,36,1,English,92.wav,data/Emotify\pop\92.wav
392,pop,1,0,1,0,0,0,1,0,0,4,1,0,27,0,German,92.wav,data/Emotify\pop\92.wav
392,pop,0,0,0,1,0,0,0,0,1,4,0,0,29,0,Spanish,92.wav,data/Emotify\pop\92.wav
392,pop,0,0,1,0,0,0,0,0,0,1,0,0,28,1,Ucrainian,92.wav,data/Emotify\pop\92.wav
392,pop,0,0,1,1,1,0,0,0,0,4,1,0,26,1,Chinese,92.wav,data/Emotify\pop\92.wav
393,pop,0,1,0,1,0,0,0,0,1,2,0,1,19,0,English,93.wav,data/Emotify\pop\93.wav
393,pop,0,1,0,0,0,0,0,1,1,3,0,1,29,0,Russian,93.wav,data/Emotify\pop\93.wav
393,pop,0,0,0,1,0,0,1,1,0,5,0,1,17,1,Finnish,93.wav,data/Emotify\pop\93.wav
393,pop,0,0,1,1,1,0,0,0,0,3,1,0,24,1,Estonian,93.wav,data/Emotify\pop\93.wav
393,pop,0,0,0,0,1,0,0,0,0,1,0,0,28,1,Ucrainian,93.wav,data/Emotify\pop\93.wav
393,pop,1,1,1,0,0,0,0,0,0,4,1,0,33,0,Hungarian,93.wav,data/Emotify\pop\93.wav
393,pop,0,1,0,0,0,0,0,1,0,4,0,1,18,1,Russian,93.wav,data/Emotify\pop\93.wav
393,pop,0,1,1,0,1,0,0,0,0,4,0,0,26,0,English,93.wav,data/Emotify\pop\93.wav
393,pop,0,1,0,1,1,0,0,0,0,3,0,0,35,0,Dutch,93.wav,data/Emotify\pop\93.wav
393,pop,0,0,0,0,0,0,0,1,0,5,0,1,16,1,English,93.wav,data/Emotify\pop\93.wav
393,pop,1,0,0,0,1,0,1,0,0,4,1,0,17,0,Dutch,93.wav,data/Emotify\pop\93.wav
393,pop,0,0,0,0,1,0,0,0,0,4,0,0,37,0,English,93.wav,data/Emotify\pop\93.wav
394,pop,1,0,0,0,0,0,1,0,0,4,1,0,18,1,Russian,94.wav,data/Emotify\pop\94.wav
394,pop,0,1,0,0,0,1,1,0,0,5,1,0,17,1,Finnish,94.wav,data/Emotify\pop\94.wav
394,pop,1,0,0,0,0,0,1,1,0,3,0,0,26,1,Russian,94.wav,data/Emotify\pop\94.wav
394,pop,0,0,0,0,0,1,1,1,0,1,0,0,26,1,Russian,94.wav,data/Emotify\pop\94.wav
394,pop,1,0,0,1,0,1,0,0,0,3,1,0,24,1,Estonian,94.wav,data/Emotify\pop\94.wav
394,pop,0,0,0,0,0,0,0,0,0,4,0,1,56,0,Dutch,94.wav,data/Emotify\pop\94.wav
394,pop,0,0,0,0,0,0,0,1,1,2,0,1,21,0,Russian,94.wav,data/Emotify\pop\94.wav
394,pop,0,0,0,0,0,1,0,1,1,4,0,0,26,1,Chinese,94.wav,data/Emotify\pop\94.wav
394,pop,0,0,0,0,0,1,1,0,0,4,0,0,29,0,Spanish,94.wav,data/Emotify\pop\94.wav
394,pop,0,0,0,0,0,1,0,1,1,4,0,0,26,1,Chinese,94.wav,data/Emotify\pop\94.wav
394,pop,0,0,0,0,0,1,1,0,0,5,1,0,23,0,English,94.wav,data/Emotify\pop\94.wav
394,pop,0,0,0,1,0,0,0,0,0,3,0,1,21,1,Estonian,94.wav,data/Emotify\pop\94.wav
394,pop,0,0,0,1,0,0,1,0,0,3,0,0,32,0,English,94.wav,data/Emotify\pop\94.wav
395,pop,1,0,0,0,0,0,1,0,0,4,1,0,25,1,English,95.wav,data/Emotify\pop\95.wav
395,pop,0,0,0,1,0,0,0,1,0,5,0,1,17,1,Finnish,95.wav,data/Emotify\pop\95.wav
395,pop,1,0,0,0,0,0,1,0,0,4,1,0,18,1,Russian,95.wav,data/Emotify\pop\95.wav
395,pop,1,0,0,0,0,0,1,0,0,3,0,0,26,1,Russian,95.wav,data/Emotify\pop\95.wav
395,pop,0,0,0,0,0,0,1,0,0,5,1,0,37,1,Serbian,95.wav,data/Emotify\pop\95.wav
395,pop,1,0,1,0,0,0,1,0,0,3,1,0,28,1,English,95.wav,data/Emotify\pop\95.wav
395,pop,1,0,1,0,0,0,0,0,0,4,0,0,46,1,Dutch,95.wav,data/Emotify\pop\95.wav
395,pop,0,0,0,0,1,0,1,0,0,4,0,0,29,0,Spanish,95.wav,data/Emotify\pop\95.wav
395,pop,0,0,0,0,0,0,0,0,0,3,1,1,21,1,Estonian,95.wav,data/Emotify\pop\95.wav
395,pop,1,0,0,0,0,0,1,0,0,2,1,0,21,0,Russian,95.wav,data/Emotify\pop\95.wav
395,pop,0,0,0,0,0,0,1,0,0,5,0,0,30,1,Russian,95.wav,data/Emotify\pop\95.wav
395,pop,0,0,0,1,0,1,1,0,0,5,1,0,39,1,French,95.wav,data/Emotify\pop\95.wav
396,pop,1,0,0,1,0,0,0,0,0,4,1,0,18,1,Russian,96.wav,data/Emotify\pop\96.wav
396,pop,0,0,0,1,0,0,0,0,0,3,1,0,61,1,Dutch,96.wav,data/Emotify\pop\96.wav
396,pop,1,0,1,0,1,0,0,0,0,1,0,0,26,1,Russian,96.wav,data/Emotify\pop\96.wav
396,pop,0,0,0,0,0,0,0,1,0,4,0,1,25,1,English,96.wav,data/Emotify\pop\96.wav
396,pop,0,0,1,1,0,0,0,0,1,3,0,1,26,1,Russian,96.wav,data/Emotify\pop\96.wav
396,pop,0,0,0,0,1,0,0,0,0,3,0,0,33,0,Dutch,96.wav,data/Emotify\pop\96.wav
396,pop,0,0,0,0,0,0,1,0,0,4,0,0,46,1,Dutch,96.wav,data/Emotify\pop\96.wav
396,pop,0,1,0,0,1,0,0,0,0,4,0,0,29,0,Spanish,96.wav,data/Emotify\pop\96.wav
396,pop,0,1,0,0,0,0,0,0,0,4,0,0,17,1,English,96.wav,data/Emotify\pop\96.wav
396,pop,1,0,0,1,0,0,0,0,0,5,1,0,30,1,English,96.wav,data/Emotify\pop\96.wav
396,pop,0,0,0,1,1,0,0,0,1,5,1,0,23,0,Bengali,96.wav,data/Emotify\pop\96.wav
396,pop,0,0,1,1,0,0,1,0,0,5,0,0,39,1,French,96.wav,data/Emotify\pop\96.wav
397,pop,0,0,0,0,0,1,0,1,1,4,0,0,49,0,Dutch,97.wav,data/Emotify\pop\97.wav
397,pop,0,0,0,1,0,1,0,0,1,1,0,0,26,1,Russian,97.wav,data/Emotify\pop\97.wav
397,pop,0,0,0,0,0,0,0,1,0,4,0,0,25,1,English,97.wav,data/Emotify\pop\97.wav
397,pop,0,0,1,0,1,0,0,0,1,3,0,1,26,1,Russian,97.wav,data/Emotify\pop\97.wav
397,pop,0,0,0,0,0,0,0,0,1,4,0,1,46,1,Dutch,97.wav,data/Emotify\pop\97.wav
397,pop,0,1,0,0,0,1,0,0,0,4,0,0,29,0,Spanish,97.wav,data/Emotify\pop\97.wav
397,pop,1,0,0,0,0,1,0,0,0,3,1,0,27,0,English,97.wav,data/Emotify\pop\97.wav
397,pop,0,0,0,0,0,0,0,0,1,5,1,0,30,1,English,97.wav,data/Emotify\pop\97.wav
397,pop,0,0,0,1,0,0,0,1,1,5,0,0,39,1,French,97.wav,data/Emotify\pop\97.wav
397,pop,0,0,0,0,1,0,0,0,0,5,0,0,18,1,Portuguese,97.wav,data/Emotify\pop\97.wav
397,pop,0,0,0,0,0,0,0,1,0,4,0,1,18,1,Russian,97.wav,data/Emotify\pop\97.wav
398,pop,0,0,0,0,1,0,0,1,1,3,0,1,26,1,Russian,98.wav,data/Emotify\pop\98.wav
398,pop,1,0,0,0,1,0,1,0,0,1,0,0,26,1,Russian,98.wav,data/Emotify\pop\98.wav
398,pop,1,0,0,0,0,0,0,0,0,5,1,0,30,1,English,98.wav,data/Emotify\pop\98.wav
398,pop,0,0,0,0,1,0,0,0,0,3,1,0,27,0,English,98.wav,data/Emotify\pop\98.wav
398,pop,0,0,0,1,0,1,1,0,0,4,1,0,43,0,Dutch,98.wav,data/Emotify\pop\98.wav
398,pop,0,0,0,1,0,0,1,1,0,5,0,1,39,1,French,98.wav,data/Emotify\pop\98.wav
398,pop,0,0,0,0,0,0,1,0,0,4,1,0,51,0,English,98.wav,data/Emotify\pop\98.wav
398,pop,0,0,0,0,0,0,0,1,0,5,0,1,18,1,Portuguese,98.wav,data/Emotify\pop\98.wav
398,pop,0,0,0,1,0,0,1,0,1,5,0,0,33,0,Russian,98.wav,data/Emotify\pop\98.wav
398,pop,1,0,0,0,0,0,1,0,0,4,1,0,18,1,Russian,98.wav,data/Emotify\pop\98.wav
398,pop,0,0,0,1,0,1,1,0,0,4,0,0,49,0,Dutch,98.wav,data/Emotify\pop\98.wav
399,pop,0,1,1,1,1,0,0,0,0,5,1,0,39,0,Spanish,99.wav,data/Emotify\pop\99.wav
399,pop,0,0,0,1,1,0,0,0,1,5,1,0,21,1,German,99.wav,data/Emotify\pop\99.wav
399,pop,1,0,1,0,0,0,0,0,0,3,1,0,27,0,English,99.wav,data/Emotify\pop\99.wav
399,pop,1,0,1,0,1,0,0,0,0,1,0,0,26,1,Russian,99.wav,data/Emotify\pop\99.wav
399,pop,0,0,1,1,0,0,0,0,1,3,0,0,26,1,Russian,99.wav,data/Emotify\pop\99.wav
399,pop,0,0,1,1,1,0,0,0,0,4,0,0,43,0,Dutch,99.wav,data/Emotify\pop\99.wav
399,pop,0,0,0,0,1,1,1,0,0,5,0,0,39,1,French,99.wav,data/Emotify\pop\99.wav
399,pop,0,0,0,1,1,0,0,0,0,2,0,1,21,0,Russian,99.wav,data/Emotify\pop\99.wav
399,pop,0,0,1,0,0,0,0,0,1,5,0,1,33,0,Russian,99.wav,data/Emotify\pop\99.wav
399,pop,1,0,0,1,0,0,1,0,0,4,1,0,18,1,Russian,99.wav,data/Emotify\pop\99.wav
399,pop,0,0,0,1,1,0,0,0,0,4,0,0,50,0,Dutch,99.wav,data/Emotify\pop\99.wav
399,pop,1,0,1,0,1,0,0,0,0,4,1,0,26,1,Chinese,99.wav,data/Emotify\pop\99.wav
400,pop,0,0,1,1,0,0,0,0,1,2,0,1,19,1,English,100.wav,data/Emotify\pop\100.wav
400,pop,0,0,0,1,1,0,0,0,1,1,0,0,26,1,Russian,100.wav,data/Emotify\pop\100.wav
400,pop,0,0,0,0,0,0,0,1,1,3,0,0,46,1,Dutch,100.wav,data/Emotify\pop\100.wav
400,pop,0,1,0,1,0,0,0,0,0,2,1,0,40,0,Dutch,100.wav,data/Emotify\pop\100.wav
400,pop,0,0,0,0,0,0,0,1,0,3,0,0,18,1,Dutch,100.wav,data/Emotify\pop\100.wav
400,pop,0,0,0,0,0,0,0,0,1,4,0,0,23,0,Dutch,100.wav,data/Emotify\pop\100.wav
400,pop,0,0,0,0,0,0,0,1,0,3,0,0,18,1,Dutch,100.wav,data/Emotify\pop\100.wav
400,pop,1,1,0,0,0,0,1,0,0,3,0,0,26,1,Russian,100.wav,data/Emotify\pop\100.wav
400,pop,0,0,0,1,0,0,1,0,1,3,0,1,29,0,Russian,100.wav,data/Emotify\pop\100.wav
400,pop,0,0,0,0,0,0,0,1,0,4,0,1,34,1,Polish,100.wav,data/Emotify\pop\100.wav
400,pop,1,0,0,0,0,0,1,1,0,5,0,0,39,1,French,100.wav,data/Emotify\pop\100.wav
400,pop,1,0,0,0,0,0,0,1,0,4,0,1,18,1,Russian,100.wav,data/Emotify\pop\100.wav
